reach_id,date,datetime,WSE,WSE_u,Width,Width_u,station,siteid,COMID
43210800511,20240729,48:44.1,121.9102,0.41827,100.726303,1.173089,baimasi,41643400,43030084
43210800511,20240507,48:25.6,118.8156,0.09081,513.934501,2.531568,baimasi,41643400,43030084
43210800511,20240426,14:12.7,118.9342,3.64878,9.487989,0.173078,baimasi,41643400,43030084
43210800511,20230830,47:29.5,112.2113,0.64254,21.352271,0.778296,baimasi,41643400,43030084
43210800511,20240416,03:22.3,119.069,0.09037,592.540016,2.523822,baimasi,41643400,43030084
43210800511,20240405,29:06.3,120.6222,1.5864,32.91134,0.549641,baimasi,41643400,43030084
43210800511,20230910,58:21.4,113.5314,0.10114,148.308906,1.199741,baimasi,41643400,43030084
43210800511,20240326,18:16.6,113.9566,0.48469,89.416776,1.408268,baimasi,41643400,43030084
43210800511,20240315,44:01.9,115.9004,1.68344,10.445653,0.217514,baimasi,41643400,43030084
43210800511,20230920,32:35.0,114.5446,0.09154,391.953416,2.46378,baimasi,41643400,43030084
43210800511,20240223,59:00.1,113.1842,0.09156,202.353688,1.55548,baimasi,41643400,43030084
43210800511,20230930,43:24.2,114.0361,0.32854,31.256701,0.574895,baimasi,41643400,43030084
43210800511,20240213,48:08.5,113.9332,0.4848,161.089808,1.827595,baimasi,41643400,43030084
43210800511,20240203,13:54.9,116.3483,1.73697,15.772478,0.360219,baimasi,41643400,43030084
43210800511,20240113,28:48.5,112.8699,0.47217,35.343776,0.658436,baimasi,41643400,43030084
43210800511,20240102,17:58.3,114.777,1.0476,19.299737,0.818287,baimasi,41643400,43030084
43210800511,20231011,17:37.2,113.4241,0.09093,378.587197,2.563128,baimasi,41643400,43030084
43210800511,20231213,32:51.7,113.3255,0.09099,453.406897,2.502137,baimasi,41643400,43030084
43210800511,20231202,58:39.2,113.6437,1.50961,15.905176,0.347747,baimasi,41643400,43030084
43210800511,20231122,47:47.7,113.349,0.09087,452.100633,2.38035,baimasi,41643400,43030084
43210800511,20231111,13:33.6,118.6109,1.54548,17.403523,0.341512,baimasi,41643400,43030084
43210800511,20231101,02:42.5,115.2463,0.37371,27.989716,0.894294,baimasi,41643400,43030084
43210800511,20240517,59:17.1,118.8531,0.11085,157.329321,1.21241,baimasi,41643400,43030084
43210800511,20240527,33:30.5,106.3768,5.83364,12.260115,0.331801,baimasi,41643400,43030084
43210800511,20240305,33:13.0,112.9691,2.41565,277.449091,2.10408,baimasi,41643400,43030084
43210800511,20231021,28:28.5,117.4385,1.78466,18.606029,0.384372,baimasi,41643400,43030084
43210800511,20230730,28:09.9,114.3431,0.14151,101.077559,0.936654,baimasi,41643400,43030084
43210800511,20240719,14:30.9,113.9517,1.26364,25.452786,0.53285,baimasi,41643400,43030084
43210800511,20240628,29:26.1,113.2078,0.9071,91.298497,1.084247,baimasi,41643400,43030084
43210800511,20240708,03:38.8,113.5657,0.40046,126.227904,1.277378,baimasi,41643400,43030084
43210800511,20240617,18:36.1,115.2714,0.72963,16.478209,0.628413,baimasi,41643400,43030084
43210800511,20240607,44:23.5,113.1615,0.24502,104.081636,1.064947,baimasi,41643400,43030084
42242100051,20240107,41:08.5,114.3368,0.36538,1851.72117,45.037256,changjiangtun,11100120,42043227
42242100051,20240317,58:41.8,118.5397,6.20773,190.106481,0.272233,changjiangtun,11100120,42043227
42242100051,20231215,36:14.0,120.2509,0.62264,413.20276,1.558855,changjiangtun,11100120,42043227
42242100051,20231013,21:00.2,112.8664,0.11739,263.613547,1.064439,changjiangtun,11100120,42043227
42242100051,20240310,56:22.8,113.4569,0.27632,2508.248034,294.692757,changjiangtun,11100120,42043227
42242100051,20240307,36:35.5,113.2912,0.12072,308.925806,1.214413,changjiangtun,11100120,42043227
42242100051,20231023,43:07.9,112.2868,3.81289,193.386497,0.574781,changjiangtun,11100120,42043227
42242100051,20240225,13:39.6,114.5833,2.46273,213.404982,8.488704,changjiangtun,11100120,42043227
42242100051,20231016,40:48.0,112.7193,0.1072,336.078087,2.635582,changjiangtun,11100120,42043227
42242100051,20240105,21:21.0,114.1051,0.1356,460.491743,1.612927,changjiangtun,11100120,42043227
42242100051,20240218,11:19.5,113.0204,0.09899,798.405226,13.761203,changjiangtun,11100120,42043227
42242100051,20240215,51:31.7,113.5869,0.17118,520.41063,31.089346,changjiangtun,11100120,42043227
42242100051,20231002,58:03.2,112.5032,5.56884,199.749054,0.672526,changjiangtun,11100120,42043227
42242100051,20240622,41:46.3,124.9017,0.97538,1857.815561,16.147889,changjiangtun,11100120,42043227
42242100051,20240205,28:34.3,114.4342,5.85722,225.14292,1.330861,changjiangtun,11100120,42043227
42242100051,20240713,26:50.0,113.4515,0.11209,314.059463,7.649676,changjiangtun,11100120,42043227
42242100051,20240128,26:14.6,112.9053,0.44432,2778.34773,72.398069,changjiangtun,11100120,42043227
42242100051,20240126,06:26.9,114.8544,0.18131,666.429924,2.222104,changjiangtun,11100120,42043227
42242100051,20231204,13:18.6,112.4413,4.28223,225.668716,0.7953,changjiangtun,11100120,42043227
42242100051,20240115,43:28.5,113.3716,7.19933,222.741316,6.606742,changjiangtun,11100120,42043227
42242100051,20240711,07:02.0,113.6895,0.09282,329.489541,1.180132,changjiangtun,11100120,42043227
42242100051,20240630,44:05.3,114.7938,4.48765,313.114126,2.788396,changjiangtun,11100120,42043227
42242100051,20240328,21:39.2,112.7364,0.15851,217.293373,0.875619,changjiangtun,11100120,42043227
42242100051,20231124,51:10.8,112.9807,0.09501,361.379848,1.274921,changjiangtun,11100120,42043227
42242100051,20230801,42:49.7,114.5982,5.03882,206.366348,0.646489,changjiangtun,11100120,42043227
42242100051,20231023,43:07.9,112.2868,3.81289,193.386497,0.574781,changjiangtun,11100120,42043227
42242100051,20240601,56:42.2,114.1638,0.09322,426.25555,2.53041,changjiangtun,11100120,42043227
42242100051,20240530,36:53.9,114.0584,0.14204,281.506726,1.079475,changjiangtun,11100120,42043227
42242100051,20240519,13:56.4,113.0649,6.47273,205.613243,0.685984,changjiangtun,11100120,42043227
42242100051,20240609,59:01.9,114.495,1.74355,238.341167,1.329488,changjiangtun,11100120,42043227
42242100051,20240509,51:48.7,112.0153,3.66419,184.897512,0.779968,changjiangtun,11100120,42043227
42242100051,20231103,06:05.5,112.4158,0.24553,209.972353,0.744166,changjiangtun,11100120,42043227
42242100051,20240428,28:51.8,113.2064,8.51813,205.64688,0.666204,changjiangtun,11100120,42043227
42242100051,20231113,28:13.0,109.155,4.41844,216.623699,0.723566,changjiangtun,11100120,42043227
42242100051,20240421,26:33.0,114.4078,0.09242,433.587564,2.33256,changjiangtun,11100120,42043227
42242100051,20240620,21:58.8,114.8523,2.73043,258.295024,1.090484,changjiangtun,11100120,42043227
42242100051,20231106,25:53.5,112.4533,0.09523,404.821336,3.208821,changjiangtun,11100120,42043227
42242100051,20231217,56:02.1,113.5718,0.20444,1854.043265,27.730245,changjiangtun,11100120,42043227
42242100051,20240331,41:26.9,114.9744,0.35799,1620.596605,8.266867,changjiangtun,11100120,42043227
42242100051,20240720,29:10.5,114.2496,4.24501,220.795476,0.52653,changjiangtun,11100120,42043227
42242100051,20240407,43:46.3,112.4912,6.53702,204.334716,0.688539,changjiangtun,11100120,42043227
42242100051,20240418,06:45.1,113.3767,0.0978,244.074874,0.95117,changjiangtun,11100120,42043227
42247700041,20231126,52:22.0,126.0923,0.09201,391.415714,2.596215,dalai,11420330,42047856
42247700041,20240713,08:05.4,127.4178,11.02822,173.97071,2.926486,dalai,11420330,42047856
42247700041,20231219,56:54.7,127.7671,3.52377,445.843393,31.866206,dalai,11420330,42047856
42247700041,20240601,37:57.5,152.7678,19.05306,92.71788,1.741643,dalai,11420330,42047856
42247700041,20240330,22:42.2,119.0619,0.3318,297.157819,2.531597,dalai,11420330,42047856
42247700041,20240107,22:24.1,125.5387,0.10664,410.243092,2.782204,dalai,11420330,42047856
42247700041,20240109,42:00.4,126.6107,4.94037,391.156266,33.625249,dalai,11420330,42047856
42247700041,20240622,23:01.8,127.8604,12.85913,222.789413,2.195345,dalai,11420330,42047856
42247700041,20240309,37:38.3,125.3203,0.1387,415.704436,3.346013,dalai,11420330,42047856
42247700041,20240128,07:30.1,132.5831,2.4539,127.5473,1.642751,dalai,11420330,42047856
42247700041,20240603,57:34.8,127.9903,29.53491,200.235628,43.521847,dalai,11420330,42047856
42247700041,20231129,11:51.0,126.2401,30.9543,375.342916,22.249996,dalai,11420330,42047856
42247700041,20240130,27:06.6,126.858,5.62958,340.722534,31.811119,dalai,11420330,42047856
42247700041,20240217,52:35.0,125.7385,0.09717,332.188269,2.383809,dalai,11420330,42047856
42247700041,20231108,26:45.5,125.8717,27.17407,276.437776,11.270888,dalai,11420330,42047856
42247700041,20231105,07:08.9,122.2403,0.10703,344.170921,3.316302,dalai,11420330,42047856
42247700041,20231015,22:03.4,127.3298,0.44901,311.269397,2.317089,dalai,11420330,42047856
42247700041,20231217,37:17.4,123.5914,0.09925,318.863624,2.137253,dalai,11420330,42047856
42247700041,20240420,07:48.3,130.9892,1.9041,173.487659,2.709929,dalai,11420330,42047856
42246100021,20231108,26:36.6,127.5828,0.7222,438.941327,0.76872,fuyu,10959200,42047860
42246100021,20231118,48:52.3,127.3905,1.5098,502.136603,0.786685,fuyu,10959200,42047860
42246100021,20231129,11:42.0,127.537,0.12346,505.470754,0.937225,fuyu,10959200,42047860
42246100021,20231028,03:47.2,127.2699,0.13595,458.029663,0.502476,fuyu,10959200,42047860
42246100021,20231209,33:57.6,127.7344,0.64278,473.900339,1.185847,fuyu,10959200,42047860
42246100021,20231105,07:18.2,127.4052,0.09755,605.709934,1.925637,fuyu,10959200,42047860
42246100021,20240725,49:49.8,130.2798,0.24433,534.091682,0.614801,fuyu,10959200,42047860
42246100021,20231126,52:23.5,127.6066,0.09315,681.982848,2.890587,fuyu,10959200,42047860
42246100021,20240715,27:33.4,129.6936,0.18946,663.724452,1.227433,fuyu,10959200,42047860
42246100021,20240603,57:25.7,129.0769,0.36059,546.985849,1.044887,fuyu,10959200,42047860
42246100021,20231219,56:45.7,127.5249,0.09638,562.044114,1.030792,fuyu,10959200,42047860
42246100021,20240601,38:06.8,129.7501,101.94742,475.091005,2.760638,fuyu,10959200,42047860
42246100021,20240523,34:35.1,128.8541,0.43004,429.41909,0.292268,fuyu,10959200,42047860
42246100021,20240514,12:20.0,127.7884,0.1867,610.564048,1.149247,fuyu,10959200,42047860
42246100021,20240613,19:41.5,129.8078,0.79242,407.356805,0.484356,fuyu,10959200,42047860
42246100021,20240503,49:30.3,127.8287,0.09669,563.383489,0.72757,fuyu,10959200,42047860
42246100021,20240423,27:16.1,128.0105,0.22258,505.919096,0.931761,fuyu,10959200,42047860
42246100021,20240420,07:57.6,127.9927,52.03957,626.755487,2.838002,fuyu,10959200,42047860
42246100021,20240622,23:11.1,129.5021,132.83106,602.111292,3.528978,fuyu,10959200,42047860
42246100021,20240412,04:27.0,127.4309,0.1005,576.015122,0.787778,fuyu,10959200,42047860
42246100021,20240402,42:09.8,127.7707,0.18148,541.421883,1.026501,fuyu,10959200,42047860
42246100021,20240330,22:51.6,127.7036,0.09387,660.065524,2.130629,fuyu,10959200,42047860
42246100021,20240322,19:21.8,128.5395,0.16242,469.390679,0.575713,fuyu,10959200,42047860
42246100021,20231217,37:26.8,133.3883,0.12843,598.811064,2.048523,fuyu,10959200,42047860
42246100021,20240312,57:05.5,128.4055,0.09563,557.726526,1.168261,fuyu,10959200,42047860
42246100021,20240301,34:18.7,128.3659,0.65156,435.520612,0.543594,fuyu,10959200,42047860
42246100021,20240624,42:29.3,129.4971,0.17961,638.887783,1.627256,fuyu,10959200,42047860
42246100021,20240220,12:02.7,144.7543,0.68512,533.152167,1.177936,fuyu,10959200,42047860
42246100021,20240217,52:44.3,128.5364,0.09195,770.780667,2.534394,fuyu,10959200,42047860
42246100021,20240704,04:43.7,129.0086,0.15928,479.351252,0.527137,fuyu,10959200,42047860
42246100021,20240130,26:57.7,127.782,0.09664,603.160144,1.225565,fuyu,10959200,42047860
42246100021,20240128,07:39.4,128.0123,0.09493,737.953764,7.881339,fuyu,10959200,42047860
42246100021,20240119,04:08.7,127.3169,3.60987,470.962673,1.306015,fuyu,10959200,42047860
42246100021,20240109,41:51.5,119.1957,0.09878,565.987393,1.233937,fuyu,10959200,42047860
42246100021,20240107,22:33.4,127.779,0.09736,724.015133,2.212954,fuyu,10959200,42047860
42246100021,20240713,08:14.7,129.5815,6.71506,440.386995,2.531721,fuyu,10959200,42047860
42246100021,20231229,19:03.6,127.4479,1.46944,473.821463,0.918821,fuyu,10959200,42047860
42246100021,20240309,37:47.7,128.3093,0.09266,729.84431,2.478853,fuyu,10959200,42047860
42246100021,20240209,49:13.2,128.9433,6.16145,437.567204,0.512011,fuyu,10959200,42047860
42246100021,20230726,41:12.2,129.4428,0.19016,634.948033,1.153844,fuyu,10959200,42047860
42246100021,20230916,33:40.5,128.0211,0.14562,433.949323,0.991341,fuyu,10959200,42047860
42246100021,20231007,18:41.8,127.7448,0.22121,432.724749,0.332554,fuyu,10959200,42047860
42246100021,20231015,22:12.8,127.4083,0.23503,568.397641,1.926304,fuyu,10959200,42047860
42246100021,20230805,03:29.7,129.8487,0.13255,541.511128,0.70034,fuyu,10959200,42047860
42246100021,20231018,41:31.2,127.6795,0.59453,467.393365,0.788386,fuyu,10959200,42047860
43210800031,20240517,10:42.9,109.8869,0.10301,161.862746,0.568798,heishiguan,41657600,43027816
43210800031,20230920,32:43.9,111.0317,1.16092,39.811171,0.232131,heishiguan,41657600,43027816
43210800031,20240617,18:45.0,109.6541,0.78082,60.403373,0.335904,heishiguan,41657600,43027816
43210800031,20231213,33:00.6,105.5674,0.10634,121.787816,0.510932,heishiguan,41657600,43027816
43210800031,20240416,03:31.2,109.6885,0.0974,200.696678,0.695126,heishiguan,41657600,43027816
43210800031,20240607,44:23.6,106.8604,10.74067,178.349866,13.36823,heishiguan,41657600,43027816
43210800031,20240606,55:49.1,109.5766,0.72443,73.870024,0.323259,heishiguan,41657600,43027816
43210800031,20231202,10:04.9,108.6288,0.10285,138.583446,0.503926,heishiguan,41657600,43027816
43210800031,20230830,47:38.4,108.2064,2.20764,32.101603,0.12832,heishiguan,41657600,43027816
43210800031,20240202,25:20.5,106.9843,1.0461,94.352539,0.402246,heishiguan,41657600,43027816
43210800031,20240203,13:55.0,108.7923,22.69969,209.579089,3.227399,heishiguan,41657600,43027816
43210800031,20231202,58:39.3,117.8815,43.3312,207.147205,3.545849,heishiguan,41657600,43027816
43210800031,20240213,48:17.4,113.8813,5.18543,25.309672,0.039611,heishiguan,41657600,43027816
43210800031,20240315,44:02.0,110.0555,45.68041,264.698845,4.104658,heishiguan,41657600,43027816
43210800031,20240517,59:17.1,107.4841,4.2251,200.079661,9.713937,heishiguan,41657600,43027816
43210800031,20230930,43:24.3,108.2915,19.22138,258.522667,3.924268,heishiguan,41657600,43027816
43210800031,20240426,25:38.6,109.901,0.29044,95.070335,0.42207,heishiguan,41657600,43027816
43210800031,20230930,54:50.0,109.6814,0.25773,72.412092,0.370667,heishiguan,41657600,43027816
43210800031,20240426,14:12.7,109.7341,13.84778,246.96443,4.083534,heishiguan,41657600,43027816
43210800031,20240223,59:00.2,109.6366,40.67628,157.134023,25.073692,heishiguan,41657600,43027816
43210800031,20240223,10:25.7,109.7051,0.66761,155.860596,0.605876,heishiguan,41657600,43027816
43210800031,20240507,48:34.4,109.1794,0.09638,199.807483,0.692114,heishiguan,41657600,43027816
43210800031,20231111,24:59.4,109.2837,0.11419,124.517239,0.501128,heishiguan,41657600,43027816
43210800031,20231111,13:33.7,109.5107,40.23101,324.306466,3.9567,heishiguan,41657600,43027816
43210800031,20240527,33:39.4,108.9854,3.65739,29.748865,0.173881,heishiguan,41657600,43027816
43210800031,20230909,09:47.1,110.5509,2.05928,37.292325,0.192913,heishiguan,41657600,43027816
43210800031,20240113,28:48.6,115.6757,21.53136,192.791829,3.557199,heishiguan,41657600,43027816
43210800031,20240405,29:06.4,109.3684,12.53562,90.736716,2.51742,heishiguan,41657600,43027816
43210800031,20231021,28:28.6,110.8191,45.94568,273.551589,4.69094,heishiguan,41657600,43027816
43210800031,20240729,48:53.0,111.2376,0.67076,75.350422,0.298099,heishiguan,41657600,43027816
43210800031,20240315,55:27.7,109.5213,0.42151,110.514679,0.454645,heishiguan,41657600,43027816
43210800031,20231021,39:54.2,113.1328,2.61179,26.83384,0.09716,heishiguan,41657600,43027816
43210800031,20231222,55:09.1,107.5433,0.2837,77.74036,0.418208,heishiguan,41657600,43027816
43210800031,20240719,14:31.0,106.3927,13.16234,267.041896,4.485182,heishiguan,41657600,43027816
43210800031,20240718,25:56.5,107.6731,2.07612,42.746861,0.154078,heishiguan,41657600,43027816
43210800031,20240326,18:25.6,111.3185,4.01311,89.201189,0.529886,heishiguan,41657600,43027816
43210800031,20240305,33:21.9,109.6295,0.13055,94.395765,0.419154,heishiguan,41657600,43027816
43210800031,20240102,18:07.2,108.0083,1.46743,67.353288,0.308537,heishiguan,41657600,43027816
43210800031,20230910,58:21.5,102.4044,7.65092,358.614451,19.336703,heishiguan,41657600,43027816
43210800031,20231011,17:46.0,110.0383,1.93087,48.137706,0.260342,heishiguan,41657600,43027816
43210800031,20231122,47:56.6,109.3409,0.09735,192.278858,0.693474,heishiguan,41657600,43027816
43210800031,20240708,03:47.7,108.8649,0.11409,131.844338,0.560672,heishiguan,41657600,43027816
43210800031,20231101,02:51.4,109.5108,0.13574,140.993237,0.583169,heishiguan,41657600,43027816
43210800031,20240627,40:51.8,109.8516,1.45506,43.808786,0.199336,heishiguan,41657600,43027816
43210800031,20240405,40:32.2,110.565,0.76251,74.77633,0.336533,heishiguan,41657600,43027816
43210800031,20230730,28:09.9,112.3517,1.6495,267.822692,26.134094,heishiguan,41657600,43027816
43210800031,20240628,29:26.2,109.3667,40.77446,293.225199,4.388982,heishiguan,41657600,43027816
43210800031,20240112,40:14.0,105.1363,6.35347,27.982628,0.098097,heishiguan,41657600,43027816
43210800031,20230729,39:35.6,107.9124,0.88627,82.340691,0.313711,heishiguan,41657600,43027816
43428700031,20240404,29:06.9,22.979,0.46965,75.73022,0.432935,huaibin,50100700,43044183
43428700031,20240222,59:00.5,22.8405,1.59467,70.11097,0.280886,huaibin,50100700,43044183
43428700031,20230908,08:36.1,21.6668,0.45327,146.180851,1.858353,huaibin,50100700,43044183
43428700031,20231121,36:31.1,27.8259,1.06118,127.865666,0.089082,huaibin,50100700,43044183
43428700031,20240325,07:00.1,28.7553,0.79174,126.371384,0.113813,huaibin,50100700,43044183
43428700031,20240415,52:05.6,25.1428,3.41121,127.875796,0.071959,huaibin,50100700,43044183
43428700031,20231201,08:54.0,22.0744,31.35723,169.958715,3.385906,huaibin,50100700,43044183
43428700031,20240425,14:13.2,21.8137,2.2776,62.273078,0.159174,huaibin,50100700,43044183
43428700031,20230909,58:21.8,21.7753,0.09896,114.378465,0.564069,huaibin,50100700,43044183
43428700031,20240304,21:56.7,22.4376,0.0969,173.9902,0.732417,huaibin,50100700,43044183
43428700031,20231221,53:58.0,22.8745,6.86323,36.344378,1.671786,huaibin,50100700,43044183
43428700031,20230830,36:12.9,22.4089,0.09806,164.675929,0.73003,huaibin,50100700,43044183
43428700031,20231201,58:39.6,24.3172,1.13338,62.56162,0.156219,huaibin,50100700,43044183
43428700031,20230809,51:08.1,21.4729,0.09356,159.683566,0.762383,huaibin,50100700,43044183
43428700031,20240314,44:02.5,21.882,0.20288,99.083648,0.493025,huaibin,50100700,43044183
43428700031,20240506,37:08.8,22.6214,1.1624,127.239466,0.262069,huaibin,50100700,43044183
43428700031,20231222,43:43.7,22.9921,2.6387,59.610364,0.190966,huaibin,50100700,43044183
43428700031,20231010,06:20.6,26.4827,0.52471,136.893344,0.229108,huaibin,50100700,43044183
43428700031,20240718,14:31.3,27.8068,5.23418,57.220085,0.216359,huaibin,50100700,43044183
43428700031,20240102,06:41.8,25.3916,0.8286,127.281527,0.135901,huaibin,50100700,43044183
43428700031,20230728,38:24.5,21.2755,5.74683,247.133643,2.939815,huaibin,50100700,43044183
43428700031,20240708,52:22.2,22.0269,0.09495,175.406706,0.80272,huaibin,50100700,43044183
43428700031,20230729,28:10.2,21.598,0.22324,92.749884,0.3642,huaibin,50100700,43044183
43428700031,20240627,29:26.6,21.1055,0.10207,111.295357,0.558273,huaibin,50100700,43044183
43428700031,20231031,51:26.0,22.3275,0.1013,158.8971,0.669695,huaibin,50100700,43044183
43428700031,20240222,09:14.7,22.5354,0.2552,113.925604,1.471884,huaibin,50100700,43044183
43428700031,20231020,28:28.9,23.8318,0.62089,96.707554,0.236281,huaibin,50100700,43044183
43428700031,20240617,07:19.7,20.7098,0.09437,157.007154,0.737744,huaibin,50100700,43044183
43428700031,20231212,21:35.3,22.07,0.09581,169.418371,0.796427,huaibin,50100700,43044183
43428700031,20240112,28:48.9,20.8072,0.10324,105.600266,0.531134,huaibin,50100700,43044183
43428700031,20240516,59:17.5,21.2578,0.12786,102.600905,0.469165,huaibin,50100700,43044183
43428700031,20231110,13:34.1,22.4109,0.09836,123.121088,0.570814,huaibin,50100700,43044183
43428700031,20231110,23:48.4,22.2914,2.60839,172.715446,2.136145,huaibin,50100700,43044183
43428700031,20240606,44:23.8,21.0602,0.09997,113.995776,0.560936,huaibin,50100700,43044183
43428700031,20240202,13:55.4,21.0285,0.10161,108.560309,0.535023,huaibin,50100700,43044183
43428700031,20240527,22:13.9,21.2659,0.09415,167.053617,0.782855,huaibin,50100700,43044183
43428700031,20240213,36:52.1,26.816,1.08352,127.110989,0.132948,huaibin,50100700,43044183
43428700031,20230929,43:24.8,27.6905,3.91986,56.175498,0.131703,huaibin,50100700,43044183
42272100011,20240312,59:04.5,167.7201,0.12788,313.186881,1.413959,humaqiao,10400070,42012937
42272100011,20240307,34:46.4,165.9836,24.04758,1043.946167,174.888443,humaqiao,10400070,42012937
42272100011,20231008,21:12.8,168.4021,0.1926,237.14688,0.479531,humaqiao,10400070,42012937
42272100011,20240220,14:01.8,162.0606,0.10404,407.734701,2.196832,humaqiao,10400070,42012937
42272100011,20231230,21:34.5,167.664,0.25191,236.073962,0.5689,humaqiao,10400070,42012937
42272100011,20230917,36:11.4,168.1275,0.26407,226.90141,0.414288,humaqiao,10400070,42012937
42272100011,20231210,36:28.3,167.3031,0.17198,253.086275,0.706418,humaqiao,10400070,42012937
42272100011,20240126,04:37.7,161.1368,42.91984,410.878153,92.805825,humaqiao,10400070,42012937
42272100011,20240105,19:31.9,168.0979,18.89798,639.35399,113.797508,humaqiao,10400070,42012937
42272100011,20240210,51:44.2,168.4198,0.86297,223.669495,0.38479,humaqiao,10400070,42012937
42272100011,20240109,43:50.5,166.7843,0.36446,455.816128,2.342474,humaqiao,10400070,42012937
42272100011,20240302,36:49.6,168.909,1.87378,221.263723,0.403599,humaqiao,10400070,42012937
42272100011,20240130,28:56.7,168.2547,0.09724,538.659199,2.598103,humaqiao,10400070,42012937
42272100011,20231215,34:24.8,168.3946,32.69041,983.273014,143.532561,humaqiao,10400070,42012937
42272100011,20240120,06:39.7,169.0803,0.41205,229.94072,0.497611,humaqiao,10400070,42012937
42272100011,20231129,13:41.1,167.5262,0.09214,443.666652,2.086231,humaqiao,10400070,42012937
42272100011,20240215,49:42.5,167.3258,15.94762,966.564118,122.476845,humaqiao,10400070,42012937
42272100011,20231219,58:44.7,167.7066,0.09291,431.068013,2.064464,humaqiao,10400070,42012937
42272100011,20240504,52:00.9,168.6744,0.29033,227.49132,0.386452,humaqiao,10400070,42012937
42272100011,20231029,06:18.2,167.5271,0.18252,228.794621,0.475304,humaqiao,10400070,42012937
42272100011,20231108,28:35.6,167.3427,0.09111,381.338713,1.959754,humaqiao,10400070,42012937
42272100011,20240514,14:19.0,167.9608,0.09069,474.057558,2.111659,humaqiao,10400070,42012937
42272100011,20240524,37:05.8,166.4735,0.28435,237.062298,0.4575,humaqiao,10400070,42012937
42272100011,20230806,06:00.7,167.8529,0.18117,226.69848,0.478177,humaqiao,10400070,42012937
42272100011,20240614,22:12.4,167.7426,0.13977,224.360396,0.414628,humaqiao,10400070,42012937
42272100011,20240705,07:14.4,167.6299,0.24589,224.858692,0.342317,humaqiao,10400070,42012937
42272100011,20240423,29:15.1,167.7116,0.09082,420.359056,2.005477,humaqiao,10400070,42012937
42272100011,20240624,44:28.3,167.9937,0.10008,315.967446,1.305635,humaqiao,10400070,42012937
42272100011,20231018,43:30.3,168.0289,0.09156,350.07972,1.624326,humaqiao,10400070,42012937
42272100011,20240711,05:12.8,167.2854,26.2571,630.537057,109.484361,humaqiao,10400070,42012937
42272100011,20240413,06:58.0,167.7326,0.17643,232.731609,0.510716,humaqiao,10400070,42012937
42272100011,20230726,43:11.2,168.0975,0.09576,309.880712,1.251103,humaqiao,10400070,42012937
42272100011,20231119,51:23.3,167.1211,0.10094,283.15189,0.799228,humaqiao,10400070,42012937
42272100011,20240402,44:08.8,167.6327,0.16995,298.442993,1.232337,humaqiao,10400070,42012937
42272100011,20240603,59:24.8,167.7785,0.09293,320.259492,1.128429,humaqiao,10400070,42012937
42272100011,20240328,19:50.1,165.1918,26.01813,2761.438001,243.58649,humaqiao,10400070,42012937
42272100011,20240726,52:20.6,169.7699,0.27543,287.507552,0.758404,humaqiao,10400070,42012937
42272100011,20231124,49:21.7,167.0977,24.87813,1000.290835,203.794886,humaqiao,10400070,42012937
42272100011,20240323,21:52.8,168.9036,0.75064,222.145632,0.336269,humaqiao,10400070,42012937
42272100011,20240715,29:32.4,167.5531,0.11588,174.96921,0.868735,humaqiao,10400070,42012937
42241500131,20240125,05:35.7,74.1545,0.41038,1307.310532,1.567646,jiamusi,11121820,42037498
42241500131,20240619,21:07.7,79.3683,2.62194,1263.703181,0.418099,jiamusi,11121820,42037498
42241500131,20240117,03:36.4,73.236,0.09131,1435.688439,3.261851,jiamusi,11121820,42037498
42241500131,20240115,43:18.2,72.9931,0.0914,1436.948223,7.423538,jiamusi,11121820,42037498
42241500131,20240125,05:35.7,74.1545,0.41038,1307.310532,1.567646,jiamusi,11121820,42037498
42241500131,20240622,41:57.5,76.3762,0.09679,1592.972454,1.941349,jiamusi,11121820,42037498
42241500131,20240310,56:33.9,73.7441,0.14209,1330.404516,1.592744,jiamusi,11121820,42037498
42241500131,20240630,43:55.0,77.0615,0.09083,1290.170326,2.385396,jiamusi,11121820,42037498
42241500131,20240702,04:12.2,76.9711,0.10409,1208.576873,1.19277,jiamusi,11121820,42037498
42241500131,20240107,41:19.7,73.1332,0.09899,1357.845637,11.917974,jiamusi,11121820,42037498
42241500131,20240710,06:10.7,75.699,0.09078,1661.045925,2.743577,jiamusi,11121820,42037498
42241500131,20240104,20:30.0,73.205,0.34753,1316.537044,2.003694,jiamusi,11121820,42037498
42241500131,20240713,27:01.2,74.111,0.09041,1444.641939,1.690014,jiamusi,11121820,42037498
42241500131,20240720,29:00.2,74.2142,0.09204,1329.037148,1.58818,jiamusi,11121820,42037498
42241500131,20240723,49:17.9,74.2653,0.09029,1265.424273,1.807203,jiamusi,11121820,42037498
42241500131,20230801,42:39.4,76.1267,0.09025,1283.589629,2.024049,jiamusi,11121820,42037498
42241500131,20240611,19:09.5,75.1962,0.12384,1102.684543,2.041715,jiamusi,11121820,42037498
42241500131,20240529,36:02.5,73.7869,0.09084,1449.445724,1.606607,jiamusi,11121820,42037498
42241500131,20240609,58:51.6,74.7187,2.92025,1096.664369,2.303535,jiamusi,11121820,42037498
42241500131,20240327,20:48.2,74.1815,0.20148,1295.385908,0.590501,jiamusi,11121820,42037498
42241500131,20240306,35:44.6,73.8287,0.2565,1301.657535,1.306166,jiamusi,11121820,42037498
42241500131,20240331,41:38.0,74.1101,0.09198,1364.823429,0.969106,jiamusi,11121820,42037498
42241500131,20240410,03:54.5,74.0768,0.09027,1419.093764,1.87409,jiamusi,11121820,42037498
42241500131,20240228,33:46.9,73.4183,0.09447,1319.115058,2.5466,jiamusi,11121820,42037498
42241500131,20240417,05:53.9,73.916,0.10669,1274.670593,0.691481,jiamusi,11121820,42037498
42241500131,20240421,26:44.2,73.9356,0.09052,1373.442054,1.409762,jiamusi,11121820,42037498
42241500131,20240225,13:29.3,73.1066,0.09071,1401.220612,3.527032,jiamusi,11121820,42037498
42241500131,20230811,04:56.3,77.5723,0.09105,1900.213203,2.072409,jiamusi,11121820,42037498
42241500131,20240428,28:41.5,73.594,0.34905,1099.676384,0.902237,jiamusi,11121820,42037498
42241500131,20240501,48:58.8,73.2205,0.09034,1251.500223,1.790023,jiamusi,11121820,42037498
42241500131,20240508,50:57.4,73.1679,0.09141,1480.714072,1.599821,jiamusi,11121820,42037498
42241500131,20240218,11:30.7,73.6405,0.17259,1328.756493,1.048702,jiamusi,11121820,42037498
42241500131,20240214,50:40.5,74.1599,0.27168,1300.105607,1.242876,jiamusi,11121820,42037498
42241500131,20240519,13:46.1,73.0749,0.20469,1000.986556,1.60498,jiamusi,11121820,42037498
42241500131,20231002,57:52.9,74.126,0.09217,1281.271141,1.217223,jiamusi,11121820,42037498
42241500131,20240521,34:03.6,74.0948,0.09034,1399.69109,1.93596,jiamusi,11121820,42037498
42241500131,20240207,48:41.4,73.4571,0.09396,1353.044666,3.561754,jiamusi,11121820,42037498
42241500131,20240205,28:24.0,73.1208,0.09443,1393.533648,3.207586,jiamusi,11121820,42037498
42241500131,20240317,58:31.5,72.1426,0.09073,1400.628293,3.443439,jiamusi,11121820,42037498
42241500131,20240601,56:53.4,74.1197,0.09053,1396.188356,1.477698,jiamusi,11121820,42037498
42241500131,20240128,26:25.7,74.1821,0.14308,1369.906949,1.870098,jiamusi,11121820,42037498
42241500131,20231005,18:10.0,73.9876,0.09022,1369.810373,1.753283,jiamusi,11121820,42037498
42241500131,20230803,02:57.5,76.4232,0.09054,1090.181182,1.943793,jiamusi,11121820,42037498
42241500131,20240407,43:36.0,74.1318,0.09041,1324.952288,1.843501,jiamusi,11121820,42037498
42241500131,20231023,42:57.6,73.2905,0.09029,1263.56726,1.802909,jiamusi,11121820,42037498
42241500131,20231116,48:20.3,73.9602,0.09063,1409.040382,2.037099,jiamusi,11121820,42037498
42241500131,20231106,26:04.6,72.9285,0.09091,1405.427976,1.602207,jiamusi,11121820,42037498
42241500131,20231023,42:57.6,73.2905,0.09029,1263.56726,1.802909,jiamusi,11121820,42037498
42241500131,20231113,28:02.7,75.2066,0.09037,1397.120229,2.391395,jiamusi,11121820,42037498
42241500131,20231016,40:59.2,73.607,0.0904,1399.843942,1.558803,jiamusi,11121820,42037498
42241500131,20231214,35:23.1,73.2785,0.10531,1329.734847,2.942625,jiamusi,11121820,42037498
42241500131,20231026,03:15.2,73.2139,0.09038,1258.480758,1.801607,jiamusi,11121820,42037498
42241500131,20231012,20:09.0,73.8092,0.09071,1396.174458,1.488903,jiamusi,11121820,42037498
42241500131,20231207,33:25.8,73.7337,0.09075,1446.960192,2.549005,jiamusi,11121820,42037498
42241500131,20231102,05:14.4,73.164,0.09132,1325.305758,1.135935,jiamusi,11121820,42037498
42241500131,20231204,13:08.3,73.5744,0.09047,1422.268178,4.756189,jiamusi,11121820,42037498
42241500131,20231217,56:13.3,73.2825,0.09376,1372.84614,6.499537,jiamusi,11121820,42037498
42241500131,20231123,50:19.6,74.3545,0.12284,1343.706856,2.610259,jiamusi,11121820,42037498
43428400031,20240112,28:57.8,24.7253,3.37798,112.269366,0.923066,jiangjiaji,50500900,43044098
43428400031,20230729,28:19.1,25.3141,0.13387,151.409133,0.823763,jiangjiaji,50500900,43044098
43428400031,20230728,38:24.4,25.1018,0.13671,158.133132,0.813625,jiangjiaji,50500900,43044098
43428400031,20230908,08:36.0,24.285,0.35006,72.416645,0.521196,jiangjiaji,50500900,43044098
43428400031,20230909,58:30.7,24.3869,0.39982,94.563413,0.759555,jiangjiaji,50500900,43044098
43428400031,20240111,39:03.1,25.2103,7.68957,43.606834,0.444616,jiangjiaji,50500900,43044098
43428400031,20240404,29:15.7,27.5702,133.79145,71.153999,1.585394,jiangjiaji,50500900,43044098
43428400031,20240717,24:45.5,29.147,115.50084,153.833087,2.116203,jiangjiaji,50500900,43044098
43428400031,20231020,28:37.8,24.9367,4.19137,39.105776,0.42917,jiangjiaji,50500900,43044098
43428400031,20240606,44:32.7,24.3266,11.12985,109.735003,1.115411,jiangjiaji,50500900,43044098
43428400031,20240718,14:40.2,28.1653,1.95704,71.725581,0.770685,jiangjiaji,50500900,43044098
43428400031,20240202,14:04.3,24.7238,0.21069,109.570001,0.745817,jiangjiaji,50500900,43044098
43428400031,20231020,38:43.1,23.8763,30.39343,82.657067,1.06553,jiangjiaji,50500900,43044098
43428400031,20240314,54:16.9,25.0376,8.76327,47.662506,0.884235,jiangjiaji,50500900,43044098
43428400031,20240314,44:11.4,24.9225,34.20215,78.506286,1.134431,jiangjiaji,50500900,43044098
43428400031,20240627,29:35.6,24.1393,2.14126,93.393139,0.752437,jiangjiaji,50500900,43044098
43428400031,20230929,53:39.1,25.878,4.97028,97.453901,0.746641,jiangjiaji,50500900,43044098
43428400031,20240626,39:40.9,24.8969,7.79822,55.959945,0.54295,jiangjiaji,50500900,43044098
43428400031,20231201,58:48.5,24.9524,1.61082,62.716787,0.511745,jiangjiaji,50500900,43044098
43428400031,20231201,08:53.9,24.7123,2.13752,97.519477,0.680603,jiangjiaji,50500900,43044098
43428400031,20240222,09:14.6,25.984,0.79614,159.590837,1.010134,jiangjiaji,50500900,43044098
43428400031,20240222,59:09.5,26.0382,0.30546,75.315316,0.5886,jiangjiaji,50500900,43044098
43428400031,20240605,54:38.0,24.6617,178.70764,31.157681,1.604034,jiangjiaji,50500900,43044098
43428400031,20240201,24:09.5,24.3544,17.49958,89.301119,0.962058,jiangjiaji,50500900,43044098
43428400031,20230929,43:33.7,25.5195,20.82696,73.239756,0.626329,jiangjiaji,50500900,43044098
43428400031,20240516,59:26.4,24.7747,60.53909,60.088185,1.287992,jiangjiaji,50500900,43044098
43428400031,20240425,14:22.1,25.1162,21.41092,43.257278,0.6078,jiangjiaji,50500900,43044098
43428400031,20240516,09:32.0,21.312,101.92122,84.874999,1.884263,jiangjiaji,50500900,43044098
43428400031,20231222,43:52.7,25.0789,1.14782,58.465234,0.429592,jiangjiaji,50500900,43044098
43428400031,20231110,23:48.4,25.0129,2.97769,148.207822,1.09833,jiangjiaji,50500900,43044098
43428400031,20231221,53:57.9,24.9304,0.49077,93.323466,0.550284,jiangjiaji,50500900,43044098
43428400031,20240425,24:27.7,25.031,1.095,89.83847,0.737892,jiangjiaji,50500900,43044098
43428400031,20231110,13:43.0,24.8883,20.76883,141.848989,1.18607,jiangjiaji,50500900,43044098
42257000071,20240428,27:52.1,113.8656,0.10472,337.427896,3.314975,kuerbin,10400241,42026066
42257000071,20231128,12:30.1,113.6376,0.21579,87.686367,0.609136,kuerbin,10400241,42026066
42257000071,20240407,42:46.6,114.5929,0.0967,196.085679,2.994572,kuerbin,10400241,42026066
42257000071,20240225,12:39.9,154.1554,0.51986,1034.086109,60.143651,kuerbin,10400241,42026066
42257000071,20231228,19:43.0,116.1965,1.49833,56.889899,0.535023,kuerbin,10400241,42026066
42257000071,20230804,04:09.1,113.9143,0.11909,57.912168,0.467628,kuerbin,10400241,42026066
42257000071,20240630,43:05.6,137.3421,1.73849,744.679927,6.007382,kuerbin,10400241,42026066
42257000071,20240311,57:53.8,129.8236,1.84571,388.633495,1362.2291,kuerbin,10400241,42026066
42257000071,20240612,20:21.0,113.7834,0.13885,49.591991,0.432054,kuerbin,10400241,42026066
42257000071,20231002,57:03.5,113.6444,0.24864,104.048746,2.083875,kuerbin,10400241,42026066
42257000071,20240602,58:13.6,113.3714,0.099,64.034514,0.595567,kuerbin,10400241,42026066
42257000071,20240208,49:52.8,131.4301,3.01629,62.227943,0.498633,kuerbin,10400241,42026066
42257000071,20231208,34:37.3,114.0765,0.28824,60.639101,0.401311,kuerbin,10400241,42026066
42257000071,20231218,57:33.6,120.5104,0.84193,109.40137,0.918778,kuerbin,10400241,42026066
42257000071,20231027,04:26.6,113.5993,0.15119,42.519761,0.392712,kuerbin,10400241,42026066
42257000071,20240129,27:45.8,119.5434,0.74291,148.755456,1.123308,kuerbin,10400241,42026066
42257000071,20231113,27:13.3,112.9914,0.10254,315.917548,3.568766,kuerbin,10400241,42026066
42257000071,20240317,57:42.1,144.8895,1.01697,1209.527597,26.748171,kuerbin,10400241,42026066
42257000071,20240205,27:34.5,130.213,0.66709,727.853353,73.461952,kuerbin,10400241,42026066
42257000071,20240609,58:02.2,113.9259,0.19553,238.136528,3.01587,kuerbin,10400241,42026066
42257000071,20240703,05:23.5,114.0178,0.14461,66.020303,0.550233,kuerbin,10400241,42026066
42257000071,20230915,34:20.1,113.5773,0.16405,40.15936,0.383899,kuerbin,10400241,42026066
42257000071,20240502,50:10.1,113.7603,0.10018,70.350115,0.531474,kuerbin,10400241,42026066
42257000071,20240724,50:29.4,113.8309,0.14547,44.58126,0.439984,kuerbin,10400241,42026066
42257000071,20240401,42:58.0,114.6124,0.32084,33.523366,0.312277,kuerbin,10400241,42026066
42257000071,20240720,28:10.8,114.1365,0.30973,283.801482,2.882038,kuerbin,10400241,42026066
42257000071,20231017,42:19.3,113.5608,0.12913,42.962859,0.419188,kuerbin,10400241,42026066
42257000071,20231204,12:18.8,113.4745,0.11201,230.974386,3.883554,kuerbin,10400241,42026066
42257000071,20240229,34:58.3,131.5262,1.70652,149.773368,0.704339,kuerbin,10400241,42026066
42257000071,20240118,04:48.1,122.3869,4.59705,65.413844,0.464816,kuerbin,10400241,42026066
42257000071,20240519,12:56.7,113.8476,0.74958,295.875229,2.8791,kuerbin,10400241,42026066
42257000071,20240219,12:50.8,145.747,1.10613,520.055122,1.641935,kuerbin,10400241,42026066
42257000071,20230801,41:50.0,113.8526,0.10821,227.406057,3.354033,kuerbin,10400241,42026066
42257000071,20231117,49:31.7,113.4529,0.17452,51.236803,0.355757,kuerbin,10400241,42026066
42257000071,20231107,27:24.7,112.865,0.11052,66.803468,0.49927,kuerbin,10400241,42026066
42257000071,20240422,28:04.2,114.2503,0.09858,88.723909,0.748759,kuerbin,10400241,42026066
42257000071,20240623,43:17.5,113.4898,0.15078,58.850151,0.566986,kuerbin,10400241,42026066
42257000071,20231006,19:21.2,114.2496,0.11273,70.017261,0.574835,kuerbin,10400241,42026066
42257000071,20240108,42:39.7,114.499,0.41541,100.378975,1.020568,kuerbin,10400241,42026066
42257000071,20240513,13:08.1,112.7986,0.1264,42.066968,0.426451,kuerbin,10400241,42026066
42257000071,20240714,28:21.4,113.3203,0.16466,44.149014,0.440942,kuerbin,10400241,42026066
42257000071,20231023,42:08.2,113.3639,0.31843,237.3116,2.66085,kuerbin,10400241,42026066
42257000071,20240411,05:06.3,114.7155,0.23915,41.080945,0.357736,kuerbin,10400241,42026066
42257000071,20231023,42:08.2,113.3639,0.31843,237.3116,2.66085,kuerbin,10400241,42026066
42257000071,20240115,42:28.8,114.5957,1.54259,241.82887,3.143288,kuerbin,10400241,42026066
42257000071,20240522,35:14.9,113.6862,0.12912,44.636568,0.405091,kuerbin,10400241,42026066
42243200021,20240610,59:42.7,108.4891,0.11482,171.858752,0.89738,lianhua,11021670,42045708
42243200021,20240724,49:29.5,107.9498,0.09165,343.581104,1.459744,lianhua,11021670,42045708
42243200021,20240703,04:23.6,108.3466,0.09084,703.921427,2.43581,lianhua,11021670,42045708
42243200021,20240226,14:20.3,109.028,2.81939,62.680985,0.233233,lianhua,11021670,42045708
42243200021,20231013,21:00.2,107.0124,1.1004,73.619617,0.532027,lianhua,11021670,42045708
42243200021,20240215,51:31.7,109.5212,1.00638,63.082583,0.284674,lianhua,11021670,42045708
42243200021,20240622,41:37.0,109.2107,0.09065,1543.699161,5.805004,lianhua,11021670,42045708
42243200021,20240229,33:58.4,109.4604,1.42742,63.337469,0.290114,lianhua,11021670,42045708
42243200021,20240208,48:52.9,108.7325,1.34992,79.930676,0.590041,lianhua,11021670,42045708
42243200021,20240612,19:21.2,108.0026,0.09305,283.0689,1.241993,lianhua,11021670,42045708
42243200021,20240701,44:45.8,109.1055,0.10087,332.837983,1.537568,lianhua,11021670,42045708
42243200021,20231228,18:43.2,107.9477,0.75999,77.253348,0.533023,lianhua,11021670,42045708
42243200021,20240218,11:10.1,108.4926,1.02873,50.831338,0.086625,lianhua,11021670,42045708
42243200021,20231205,13:59.3,108.0897,0.53112,78.810759,0.447558,lianhua,11021670,42045708
42243200021,20231208,33:37.3,107.9969,1.06112,81.275998,0.683425,lianhua,11021670,42045708
42243200021,20240620,21:58.8,108.8133,1.97761,251.27584,1.668099,lianhua,11021670,42045708
42243200021,20240310,56:13.4,109.3819,1.13897,67.116918,0.328045,lianhua,11021670,42045708
42243200021,20240307,36:35.5,109.3404,2.63723,55.352105,0.314403,lianhua,11021670,42045708
42243200021,20231103,06:05.6,107.235,0.12204,79.821495,0.505826,lianhua,11021670,42045708
42243200021,20230802,43:30.6,109.7308,0.09445,494.517207,1.569348,lianhua,11021670,42045708
42243200021,20240206,29:15.0,108.6872,1.87878,66.876424,0.330564,lianhua,11021670,42045708
42243200021,20240509,51:48.7,107.2077,0.93686,73.469025,0.380405,lianhua,11021670,42045708
42243200021,20231024,43:48.6,106.9383,0.19399,65.867088,0.249228,lianhua,11021670,42045708
42243200021,20231124,51:10.8,107.9895,0.38289,141.555241,1.302758,lianhua,11021670,42045708
42243200021,20231114,28:53.7,104.8876,0.18415,86.58296,0.44858,lianhua,11021670,42045708
42243200021,20240601,56:32.9,109.3368,0.1255,220.187585,0.972858,lianhua,11021670,42045708
42243200021,20231006,18:21.3,107.0706,0.10482,101.603846,0.608824,lianhua,11021670,42045708
42243200021,20240411,04:06.4,107.7875,0.09106,328.765294,1.279127,lianhua,11021670,42045708
42243200021,20240118,03:48.2,108.8226,1.32754,71.362702,0.469865,lianhua,11021670,42045708
42243200021,20240530,36:53.9,110.6588,0.18945,3118.938541,3.781034,lianhua,11021670,42045708
42243200021,20231106,25:44.1,106.9944,0.1827,83.651432,0.483503,lianhua,11021670,42045708
42243200021,20240408,44:27.3,108.1594,0.2135,68.761546,0.299368,lianhua,11021670,42045708
42243200021,20231215,36:14.0,93.1428,1.45744,85.090447,0.698945,lianhua,11021670,42045708
42243200021,20231117,48:31.8,107.2474,0.19652,87.438741,0.523043,lianhua,11021670,42045708
42243200021,20240418,06:45.1,107.9068,0.09373,314.242191,1.383785,lianhua,11021670,42045708
42243200021,20240421,26:23.7,107.6798,0.09412,179.343505,0.829127,lianhua,11021670,42045708
42243200021,20240522,34:15.0,108.2975,0.10481,794.583376,2.390256,lianhua,11021670,42045708
42243200021,20240107,40:59.2,108.5319,0.48794,73.800375,0.464133,lianhua,11021670,42045708
42243200021,20231217,55:52.8,107.7018,0.72353,76.391535,0.503857,lianhua,11021670,42045708
42243200021,20240520,14:37.0,107.2467,0.14382,115.461354,0.675237,lianhua,11021670,42045708
42243200021,20240105,21:21.0,109.1202,0.58968,76.252844,0.551652,lianhua,11021670,42045708
42243200021,20240711,07:02.0,108.2698,0.39955,877.603979,3.334218,lianhua,11021670,42045708
42243200021,20240713,26:40.7,107.8297,0.09135,610.978496,2.015277,lianhua,11021670,42045708
42243200021,20240721,29:51.2,107.3311,0.10315,218.154097,1.02223,lianhua,11021670,42045708
42243200021,20240328,21:39.2,108.9926,1.80747,155.037353,1.108123,lianhua,11021670,42045708
42243200021,20231003,58:43.7,107.1673,0.09488,217.71066,0.993969,lianhua,11021670,42045708
42243200021,20240502,49:10.2,107.1419,0.09316,260.349734,1.210206,lianhua,11021670,42045708
42243200021,20240128,26:05.2,108.9116,0.60608,75.568457,0.568735,lianhua,11021670,42045708
42243200021,20240126,06:26.9,109.0711,0.47402,74.421038,0.577401,lianhua,11021670,42045708
42243200021,20240331,41:17.5,108.1655,0.09151,494.418789,1.682872,lianhua,11021670,42045708
42243200021,20231027,03:26.7,106.8368,0.09268,178.423428,1.046689,lianhua,11021670,42045708
42243200021,20230915,33:20.2,107.4198,0.11168,88.498638,0.531872,lianhua,11021670,42045708
42243200021,20240429,29:32.3,107.2102,0.12645,141.621844,0.798706,lianhua,11021670,42045708
42243200021,20230804,03:09.3,110.1409,0.0906,1202.392415,2.103538,lianhua,11021670,42045708
42249800141,20240323,21:12.2,226.3557,2.56971,86.933116,0.186105,liujiatun,11200260,42025877
42249800141,20240423,28:25.8,224.5379,0.10975,143.222276,0.525708,liujiatun,11200260,42025877
42249800141,20240312,58:15.2,231.7605,1.45085,160.301286,0.473151,liujiatun,11200260,42025877
42249800141,20240521,14:07.8,224.4257,1.18641,125.080337,0.499745,liujiatun,11200260,42025877
42249800141,20231108,27:46.3,225.2089,0.38519,133.803666,0.430423,liujiatun,11200260,42025877
42249800141,20240227,13:51.2,230.8333,29.34399,94.145334,0.216166,liujiatun,11200260,42025877
42249800141,20230803,43:01.6,225.4018,4.70082,93.286325,0.247539,liujiatun,11200260,42025877
42249800141,20240510,51:11.2,224.6882,0.28218,162.427634,0.808288,liujiatun,11200260,42025877
42249800141,20240524,36:25.3,223.6465,0.21867,122.464732,0.551523,liujiatun,11200260,42025877
42249800141,20240419,06:07.5,224.6009,0.33723,168.111577,0.763305,liujiatun,11200260,42025877
42249800141,20240329,21:01.6,224.906,0.12584,291.838217,1.042066,liujiatun,11200260,42025877
42249800141,20240614,21:31.9,224.5911,0.22571,124.941008,0.615164,liujiatun,11200260,42025877
42249800141,20240514,13:29.7,224.9515,0.10854,153.085804,0.56654,liujiatun,11200260,42025877
42249800141,20231018,42:41.0,224.8519,0.95952,129.076824,0.327902,liujiatun,11200260,42025877
42249800141,20240603,58:35.4,224.4676,0.64373,121.591757,0.291212,liujiatun,11200260,42025877
42249800141,20240611,59:13.7,224.8547,5.40633,94.454863,0.427911,liujiatun,11200260,42025877
42249800141,20240413,06:17.5,224.9815,0.14912,133.881518,0.596299,liujiatun,11200260,42025877
42249800141,20240430,29:03.0,225.4574,2.25752,116.534854,0.243218,liujiatun,11200260,42025877
42249800141,20240302,36:09.0,225.4111,0.90657,229.996803,0.864081,liujiatun,11200260,42025877
42249800141,20240409,43:58.5,226.3419,8.68717,87.393939,0.072951,liujiatun,11200260,42025877
42249800141,20231219,57:55.4,227.0176,0.67189,171.445878,0.521939,liujiatun,11200260,42025877
42249800141,20240504,51:20.4,225.0359,0.0947,174.773103,0.88221,liujiatun,11200260,42025877
42249800141,20240621,21:21.1,224.5712,0.0969,182.304394,0.960767,liujiatun,11200260,42025877
42249800141,20231129,12:51.8,224.5763,0.32059,143.310422,0.458593,liujiatun,11200260,42025877
42249800141,20231115,28:24.5,225.1647,3.1297,97.787855,0.409143,liujiatun,11200260,42025877
42249800141,20240402,43:19.5,225.2076,1.03762,118.781193,0.158376,liujiatun,11200260,42025877
42249800141,20240308,35:57.9,259.3012,45.41864,259.194316,1.492764,liujiatun,11200260,42025877
42249800141,20230917,35:30.9,225.1588,0.20189,135.591853,0.682567,liujiatun,11200260,42025877
42249800141,20231125,50:33.3,224.4269,0.30832,366.628883,1.23654,liujiatun,11200260,42025877
42249800141,20231104,05:28.0,224.5775,0.11569,191.15796,0.888379,liujiatun,11200260,42025877
42249800141,20231119,50:42.8,224.8205,0.12799,194.739587,0.806519,liujiatun,11200260,42025877
42249800141,20230806,05:20.1,224.7059,0.13979,136.491333,0.686701,liujiatun,11200260,42025877
42249800141,20240726,51:40.1,227.0376,0.09729,185.501099,0.823445,liujiatun,11200260,42025877
42249800141,20231004,58:14.4,225.9864,4.71966,116.471994,0.282034,liujiatun,11200260,42025877
42249800141,20231206,13:30.1,224.2583,3.86515,128.711338,0.495103,liujiatun,11200260,42025877
42249800141,20240127,05:49.3,225.8819,1.61528,368.780609,1.420305,liujiatun,11200260,42025877
42249800141,20240712,06:24.5,224.6361,0.16293,155.336813,0.809533,liujiatun,11200260,42025877
42249800141,20240130,28:07.4,232.0167,1.46107,187.453485,0.62628,liujiatun,11200260,42025877
42249800141,20231230,20:53.9,225.0638,0.4452,222.733251,0.791974,liujiatun,11200260,42025877
42249800141,20240120,05:59.2,225.913,0.44748,328.191695,1.127938,liujiatun,11200260,42025877
42249800141,20240705,06:33.9,224.6568,0.256,154.39156,0.683692,liujiatun,11200260,42025877
42249800141,20240117,43:40.6,227.7391,6.18544,80.013316,0.203294,liujiatun,11200260,42025877
42249800141,20231029,05:37.7,224.7464,0.4656,127.298608,0.59285,liujiatun,11200260,42025877
42249800141,20240216,50:54.1,228.7396,1.23047,564.117484,1.795202,liujiatun,11200260,42025877
42249800141,20230726,42:21.9,225.13,0.93037,130.364922,0.362722,liujiatun,11200260,42025877
42249800141,20231008,20:32.3,225.0757,0.40367,129.169517,0.672994,liujiatun,11200260,42025877
42249800141,20231014,20:22.7,224.8538,0.35096,139.217947,0.794558,liujiatun,11200260,42025877
42249800141,20231025,43:19.4,224.8822,9.20336,107.159083,0.464865,liujiatun,11200260,42025877
42249800141,20240109,43:01.2,248.5973,1.54152,153.41934,0.415518,liujiatun,11200260,42025877
42249800141,20240106,20:43.3,239.1688,1.93355,545.31889,2.113979,liujiatun,11200260,42025877
42249800141,20240210,51:03.7,225.7254,0.34243,249.348982,0.878153,liujiatun,11200260,42025877
42249800141,20240207,28:45.8,229.3065,4.1339,138.580656,0.469437,liujiatun,11200260,42025877
42249800141,20240702,44:16.5,224.8478,4.92168,114.988759,0.337855,liujiatun,11200260,42025877
42249800141,20240715,28:43.1,224.5378,0.21138,127.541051,0.423563,liujiatun,11200260,42025877
42249800141,20231210,35:47.8,224.9147,0.29107,219.120557,0.788062,liujiatun,11200260,42025877
42249800141,20240702,44:16.5,224.8478,4.92168,114.988759,0.337855,liujiatun,11200260,42025877
42249800141,20240220,13:12.5,216.8776,1.35928,180.140714,0.484177,liujiatun,11200260,42025877
42249800141,20240624,43:39.0,224.7347,0.77378,121.943596,0.285658,liujiatun,11200260,42025877
43210800191,20231111,13:34.0,149.7327,0.09029,105.534491,1.377961,longmenzhen,41654600,43027970
43210800191,20240326,18:16.2,153.5832,0.09369,497.447496,5.446398,longmenzhen,41654600,43027970
43210800191,20240607,44:23.9,149.6195,0.09047,87.727355,1.195152,longmenzhen,41654600,43027970
43210800191,20240517,59:17.4,149.867,0.097,94.612031,1.089353,longmenzhen,41654600,43027970
43210800191,20230910,58:21.8,149.9742,0.09055,98.025638,1.3222,longmenzhen,41654600,43027970
43210800191,20240708,03:38.4,149.2633,0.16419,182.563913,3.618136,longmenzhen,41654600,43027970
43210800191,20240326,06:51.5,148.9396,0.09789,70.957494,0.96525,longmenzhen,41654600,43027970
43210800191,20240315,44:02.2,151.231,0.09073,84.389996,1.201188,longmenzhen,41654600,43027970
43210800191,20240203,13:55.3,149.1038,0.11406,77.583521,1.049708,longmenzhen,41654600,43027970
43210800191,20231202,58:39.5,149.6883,0.09032,114.328317,1.486687,longmenzhen,41654600,43027970
43210800191,20231122,47:47.3,179.8051,0.18682,129.911294,3.715888,longmenzhen,41654600,43027970
43210800191,20230830,47:29.1,149.5313,0.09527,205.699338,4.25668,longmenzhen,41654600,43027970
43210800191,20230831,36:04.5,149.3862,0.09196,86.413977,1.264289,longmenzhen,41654600,43027970
43210800191,20240527,33:30.1,149.9144,0.46688,288.263253,5.226364,longmenzhen,41654600,43027970
43210800191,20231011,17:36.7,150.0915,0.09357,212.290728,3.185676,longmenzhen,41654600,43027970
43210800191,20240416,03:21.9,136.562,0.10494,340.560455,5.110429,longmenzhen,41654600,43027970
43210800191,20240113,28:48.9,149.2364,0.09038,101.733505,1.310226,longmenzhen,41654600,43027970
43210800191,20240416,51:57.1,149.7416,0.1018,57.10297,0.814133,longmenzhen,41654600,43027970
43210800191,20231011,06:12.2,150.1137,0.09096,111.466681,1.349596,longmenzhen,41654600,43027970
43210800191,20240528,22:05.6,149.742,0.09218,67.269227,0.930587,longmenzhen,41654600,43027970
43210800191,20240103,06:33.3,152.5582,0.09788,63.93746,0.754033,longmenzhen,41654600,43027970
43210800191,20240426,14:13.0,149.6697,0.09034,102.439525,1.337028,longmenzhen,41654600,43027970
43210800191,20230810,50:59.5,150.2965,0.09099,100.921159,1.180482,longmenzhen,41654600,43027970
43210800191,20240102,17:57.9,229.1846,0.33025,34.346787,3.218205,longmenzhen,41654600,43027970
43210800191,20231213,32:51.3,149.8477,0.09064,214.080578,3.468115,longmenzhen,41654600,43027970
43210800191,20240507,37:00.5,149.7047,0.09826,82.478611,1.063656,longmenzhen,41654600,43027970
43210800191,20231122,36:22.7,149.8626,0.09182,86.400079,1.00272,longmenzhen,41654600,43027970
43210800191,20240223,59:00.5,149.4379,0.09073,82.116365,1.200965,longmenzhen,41654600,43027970
43210800191,20240709,52:13.9,149.4877,0.10486,68.447732,0.875781,longmenzhen,41654600,43027970
43210800191,20240405,29:06.7,149.5906,0.09945,52.568136,0.621722,longmenzhen,41654600,43027970
43210800191,20240719,14:31.3,149.5874,0.09123,92.796314,1.181249,longmenzhen,41654600,43027970
43210800191,20230930,43:24.5,149.937,0.0905,110.423728,1.399261,longmenzhen,41654600,43027970
43210800191,20240729,48:43.7,170.9583,0.35091,31.735408,1.437404,longmenzhen,41654600,43027970
43210800191,20230730,28:10.3,149.8663,0.09039,122.393114,1.480464,longmenzhen,41654600,43027970
43210800191,20240618,07:11.1,117.1463,0.27858,76.704391,0.655201,longmenzhen,41654600,43027970
43210800191,20231101,51:17.5,149.524,0.0917,94.249813,1.098076,longmenzhen,41654600,43027970
43210800191,20231021,28:28.8,149.4908,0.09066,96.123518,1.282488,longmenzhen,41654600,43027970
43210800191,20240628,29:26.4,149.5316,0.09035,101.497744,1.403078,longmenzhen,41654600,43027970
43210800191,20230920,32:34.6,149.6839,0.15043,345.732301,4.376583,longmenzhen,41654600,43027970
43210800191,20240305,33:12.6,149.4855,0.16015,219.866825,3.911931,longmenzhen,41654600,43027970
43210800191,20240305,21:48.0,149.7585,0.09398,67.454891,0.84998,longmenzhen,41654600,43027970
43210800191,20240617,18:35.7,149.3994,0.0945,211.137834,3.714834,longmenzhen,41654600,43027970
43210800191,20240507,48:25.2,149.9083,0.15352,158.740018,3.243408,longmenzhen,41654600,43027970
43210800191,20240214,36:43.7,149.8541,0.09445,69.718368,0.790747,longmenzhen,41654600,43027970
43210800191,20231101,02:42.1,149.9245,0.09334,280.54756,5.473719,longmenzhen,41654600,43027970
43120100161,20240706,04:12.3,19.8846,2.05476,269.12813,4.146055,luanxian,30101400,43004870
43120100161,20240604,41:20.2,20.4518,0.09094,477.149949,2.439055,luanxian,30101400,43004870
43120100161,20230727,25:06.6,20.2406,0.0911,454.060878,2.175626,luanxian,30101400,43004870
43120100161,20231231,18:32.2,19.8609,0.09043,606.679519,4.547889,luanxian,30101400,43004870
43120100161,20231120,48:21.3,20.2594,0.47372,539.688683,5.270496,luanxian,30101400,43004870
43120100161,20240402,26:03.9,22.7543,0.16803,165.950226,1.556782,luanxian,30101400,43004870
43120100161,20231018,25:25.6,20.2607,0.18487,381.378651,1.995721,luanxian,30101400,43004870
43120100161,20231030,03:16.2,20.6006,0.0997,415.514583,3.933194,luanxian,30101400,43004870
43120100161,20231211,33:26.0,30.7626,1.84852,216.459442,3.615193,luanxian,30101400,43004870
43120100161,20240312,40:59.7,16.8834,1.10679,131.885252,1.275962,luanxian,30101400,43004870
43120100161,20230918,33:09.1,19.7278,3.11012,374.799025,4.714392,luanxian,30101400,43004870
43120100161,20231129,55:36.4,20.4411,0.09155,472.412742,2.244751,luanxian,30101400,43004870
43120100161,20240121,03:37.6,19.1772,0.0906,576.859145,4.743466,luanxian,30101400,43004870
43120100161,20240414,03:49.8,35.851,5.35192,60.533451,2.223391,luanxian,30101400,43004870
43120100161,20240625,26:23.6,20.6382,0.09082,492.655157,2.324143,luanxian,30101400,43004870
43120100161,20231009,18:10.8,32.2986,2.77651,27.764046,1.012339,luanxian,30101400,43004870
43120100161,20230907,55:18.3,19.8475,0.13609,398.514004,2.135344,luanxian,30101400,43004870
43120100161,20240716,11:27.8,20.7597,0.12321,253.311419,1.710886,luanxian,30101400,43004870
43120100161,20240211,48:42.1,20.9431,2.31738,258.710984,9.310122,luanxian,30101400,43004870
43120100161,20240505,48:59.1,30.3145,2.84968,35.203352,3.027652,luanxian,30101400,43004870
43120100161,20240514,56:14.3,20.0694,0.09081,465.937196,2.354661,luanxian,30101400,43004870
43120100161,20240110,25:45.9,19.9905,0.09964,431.800528,2.150278,luanxian,30101400,43004870
43120100161,20231108,10:30.9,20.9034,0.15714,211.960559,1.788909,luanxian,30101400,43004870
43120100161,20231220,40:40.1,19.6437,0.09276,439.069097,2.196141,luanxian,30101400,43004870
43120100161,20240303,33:47.2,19.4492,5.93167,301.114164,4.211156,luanxian,30101400,43004870
43120100161,20240220,55:57.2,19.2741,0.09292,385.335906,2.019774,luanxian,30101400,43004870
43120100161,20240423,11:10.2,20.4915,0.12523,215.054968,1.398879,luanxian,30101400,43004870
43120100161,20240131,10:52.2,18.9028,0.10908,381.145058,1.934028,luanxian,30101400,43004870
43120100161,20240615,19:10.2,25.4971,1.70455,105.080253,3.457357,luanxian,30101400,43004870
42249900331,20240520,13:16.9,268.3524,15.28615,54.490347,0.643855,shihuiyao,11200020,42020496
42249900331,20240531,36:05.4,268.3163,1.29153,137.504852,1.549654,shihuiyao,11200020,42020496
42249900331,20231008,20:42.9,268.3035,0.12099,141.413026,1.135215,shihuiyao,11200020,42020496
42249900331,20240423,28:36.2,268.4398,25.17278,134.291338,0.944245,shihuiyao,11200020,42020496
42249900331,20240510,51:00.8,267.7566,3.15522,111.842551,1.136167,shihuiyao,11200020,42020496
42249900331,20240624,43:49.5,268.5936,29.5995,104.762536,0.275265,shihuiyao,11200020,42020496
42249900331,20240106,20:33.0,269.4436,0.12842,514.287896,2.89606,shihuiyao,11200020,42020496
42249900331,20240302,36:19.6,274.8359,0.39474,314.797808,1.612475,shihuiyao,11200020,42020496
42249900331,20240419,05:57.2,268.377,0.32441,131.70709,1.118873,shihuiyao,11200020,42020496
42249900331,20240715,28:53.6,268.1047,44.85673,34.14569,0.504679,shihuiyao,11200020,42020496
42249900331,20240524,36:35.9,267.7812,0.10052,135.075464,1.103085,shihuiyao,11200020,42020496
42249900331,20230806,05:30.7,267.8039,0.12652,125.833936,0.907908,shihuiyao,11200020,42020496
42249900331,20231114,27:33.5,270.2536,12.43082,90.363166,0.780794,shihuiyao,11200020,42020496
42249900331,20231018,42:51.4,267.4623,55.36463,31.481419,0.179911,shihuiyao,11200020,42020496
42249900331,20240226,13:00.1,267.0791,16.15532,103.095207,0.209354,shihuiyao,11200020,42020496
42249900331,20240413,06:28.0,268.4752,0.09602,139.153668,1.094236,shihuiyao,11200020,42020496
42249900331,20240514,13:40.2,268.5224,38.55121,83.117517,0.846741,shihuiyao,11200020,42020496
42249900331,20240116,42:49.3,266.6253,29.88006,85.195578,0.176842,shihuiyao,11200020,42020496
42249900331,20231014,20:12.3,268.1784,0.09185,188.168552,1.401314,shihuiyao,11200020,42020496
42249900331,20240701,43:25.7,268.654,23.36569,74.360543,0.255745,shihuiyao,11200020,42020496
42249900331,20240120,06:09.7,283.9672,0.42565,407.067076,1.878054,shihuiyao,11200020,42020496
42249900331,20230802,42:10.4,268.0402,11.3272,91.926972,0.68139,shihuiyao,11200020,42020496
42249900331,20240210,51:14.2,271.0003,0.54543,416.975218,1.975119,shihuiyao,11200020,42020496
42249900331,20240726,51:50.6,268.2085,0.10054,122.341567,0.968963,shihuiyao,11200020,42020496
42249900331,20240610,58:22.5,268.5296,9.06301,103.027144,0.682618,shihuiyao,11200020,42020496
42249900331,20240504,51:31.0,268.59,0.09143,160.409466,1.402301,shihuiyao,11200020,42020496
42249900331,20240614,21:42.4,268.3327,0.09835,131.549843,1.089819,shihuiyao,11200020,42020496
42249900331,20240323,21:22.8,271.6818,1.24539,264.848736,1.291813,shihuiyao,11200020,42020496
42249900331,20231125,50:22.9,267.9808,0.1004,287.789986,1.55665,shihuiyao,11200020,42020496
42249900331,20231104,05:17.7,267.9625,0.093,181.217879,1.403394,shihuiyao,11200020,42020496
42249900331,20240721,28:31.1,269.2506,16.97305,90.490251,0.234036,shihuiyao,11200020,42020496
42249900331,20231024,42:28.4,268.1631,16.40124,91.443981,0.2785,shihuiyao,11200020,42020496
42249900331,20231108,27:56.7,268.0927,31.32094,122.944832,0.992869,shihuiyao,11200020,42020496
42249900331,20240329,20:51.2,267.9285,0.10834,171.564572,1.381173,shihuiyao,11200020,42020496
42249900331,20231029,05:48.2,267.901,0.09768,122.670778,1.002596,shihuiyao,11200020,42020496
42249900331,20231230,21:04.5,267.8693,0.15709,212.795892,1.249941,shihuiyao,11200020,42020496
42249900331,20231003,57:23.6,268.3192,14.42607,44.25073,0.525273,shihuiyao,11200020,42020496
42249900331,20230917,35:41.4,268.2503,0.12617,133.900136,1.046748,shihuiyao,11200020,42020496
42249900331,20240621,21:10.8,268.3047,0.09218,139.253506,1.227612,shihuiyao,11200020,42020496
42249900331,20240712,06:14.2,267.6774,0.11016,108.4693,1.105352,shihuiyao,11200020,42020496
42249900331,20231205,12:39.1,267.8467,13.16282,109.943646,0.718269,shihuiyao,11200020,42020496
42249900331,20231119,50:53.4,267.7889,0.09888,267.015405,1.546371,shihuiyao,11200020,42020496
42249900331,20231129,13:02.2,267.8454,36.23625,91.445056,0.862667,shihuiyao,11200020,42020496
42249900331,20240216,50:43.8,290.598,1.1853,493.188859,2.106609,shihuiyao,11200020,42020496
42249900331,20240402,43:29.9,285.7743,35.48356,78.599079,0.150779,shihuiyao,11200020,42020496
42249900331,20240705,06:44.4,267.7127,0.1016,117.792188,0.911011,shihuiyao,11200020,42020496
42249900331,20240127,05:38.9,268.098,0.20436,310.931502,7.49254,shihuiyao,11200020,42020496
42249900331,20240308,35:47.4,287.7394,1.72667,425.354761,3.904876,shihuiyao,11200020,42020496
42249900331,20240603,58:45.9,268.3976,37.76701,110.769499,0.220192,shihuiyao,11200020,42020496
42249900331,20231210,35:58.4,268.0318,0.14817,341.9635,1.643383,shihuiyao,11200020,42020496
42258000021,20240428,27:52.0,109.0402,0.7368,194.17843,2.607516,shuanghetun,10400171,42025887
42258000021,20231023,42:08.1,108.5269,0.20922,236.882141,3.119925,shuanghetun,10400171,42025887
42258000021,20231228,19:43.1,108.637,0.17831,156.26895,0.658757,shuanghetun,10400171,42025887
42258000021,20240513,13:08.2,108.3949,0.10478,122.163897,0.673321,shuanghetun,10400171,42025887
42258000021,20240724,50:29.4,108.7579,0.526,96.206104,0.319966,shuanghetun,10400171,42025887
42258000021,20240720,28:10.7,108.3982,1.22903,231.305749,3.47818,shuanghetun,10400171,42025887
42258000021,20231023,42:08.1,108.5269,0.20922,236.882141,3.119925,shuanghetun,10400171,42025887
42258000021,20231113,27:13.2,107.7955,0.09257,224.587568,3.297048,shuanghetun,10400171,42025887
42258000021,20240502,50:10.1,108.6206,0.0952,123.965999,0.657196,shuanghetun,10400171,42025887
42258000021,20231218,57:33.7,108.6297,0.22097,203.332028,0.914401,shuanghetun,10400171,42025887
42258000021,20240602,58:13.7,108.2572,0.09428,133.19256,0.861151,shuanghetun,10400171,42025887
42258000021,20240422,28:04.3,109.218,0.09597,158.400182,0.930253,shuanghetun,10400171,42025887
42258000021,20231208,34:37.3,108.1863,0.11353,114.028135,0.554663,shuanghetun,10400171,42025887
42258000021,20240609,58:02.1,108.3401,0.12882,360.33217,3.390951,shuanghetun,10400171,42025887
42258000021,20230915,34:20.1,109.0767,0.51581,100.116774,0.343023,shuanghetun,10400171,42025887
42258000021,20231002,57:03.4,108.8832,1.38334,170.447274,2.443389,shuanghetun,10400171,42025887
42258000021,20240317,57:42.0,109.6506,2.77668,608.232876,11.609263,shuanghetun,10400171,42025887
42258000021,20240205,27:34.5,105.5501,2.41456,530.043304,22.885023,shuanghetun,10400171,42025887
42258000021,20240208,49:52.9,116.5022,1.88953,228.701431,13.970835,shuanghetun,10400171,42025887
42258000021,20231128,12:30.2,108.2245,0.16837,158.527661,0.763433,shuanghetun,10400171,42025887
42258000021,20240630,43:05.5,108.888,3.49984,121.74975,2.67451,shuanghetun,10400171,42025887
42258000021,20240612,20:21.1,108.9164,0.33723,106.284803,0.369607,shuanghetun,10400171,42025887
42258000021,20240311,57:53.9,109.9478,0.61152,225.593734,0.927094,shuanghetun,10400171,42025887
42258000021,20230801,41:49.9,108.944,4.20324,211.057985,3.116116,shuanghetun,10400171,42025887
42258000021,20240219,12:50.9,132.274,0.33919,493.929117,11.644481,shuanghetun,10400171,42025887
42258000021,20240229,34:58.4,114.7334,0.44068,306.492384,70.745945,shuanghetun,10400171,42025887
42258000021,20231204,12:18.8,108.2229,0.09974,238.45854,2.961743,shuanghetun,10400171,42025887
42258000021,20240623,43:17.6,108.8717,0.30941,144.712772,0.668146,shuanghetun,10400171,42025887
42258000021,20240225,12:39.8,120.5099,2.48535,821.930227,43.045864,shuanghetun,10400171,42025887
42258000021,20240519,12:56.6,108.9432,0.11355,208.972997,2.263293,shuanghetun,10400171,42025887
42258000021,20231027,04:26.6,108.5392,0.29757,98.476414,0.472877,shuanghetun,10400171,42025887
42258000021,20240703,05:23.6,111.3542,0.51147,107.387888,0.395238,shuanghetun,10400171,42025887
42258000021,20240129,27:45.9,109.2604,0.36955,219.863109,0.935847,shuanghetun,10400171,42025887
42258000021,20240108,42:39.8,108.9781,0.50292,178.810767,0.781556,shuanghetun,10400171,42025887
42258000021,20240522,35:14.9,108.8551,0.15662,111.377186,0.544978,shuanghetun,10400171,42025887
42258000021,20231117,49:31.7,108.1804,0.10931,114.118613,0.533158,shuanghetun,10400171,42025887
42258000021,20231107,27:24.8,108.1361,0.10022,127.641092,0.722693,shuanghetun,10400171,42025887
42258000021,20231006,19:21.3,109.7799,0.46081,98.780508,0.321328,shuanghetun,10400171,42025887
42258000021,20240714,28:21.5,108.2015,0.17744,117.74233,0.571443,shuanghetun,10400171,42025887
42258000021,20240115,42:28.7,109.863,0.25515,497.52654,3.414018,shuanghetun,10400171,42025887
42258000021,20230804,04:09.2,109.0459,0.22615,97.317972,0.348058,shuanghetun,10400171,42025887
42258000021,20240407,42:46.5,109.6829,0.09582,257.285014,3.047639,shuanghetun,10400171,42025887
42258000021,20240118,04:48.2,111.3116,0.32342,200.822658,3.88286,shuanghetun,10400171,42025887
42258000021,20240411,05:06.3,110.232,0.72437,92.920436,0.181888,shuanghetun,10400171,42025887
42258000021,20231017,42:19.4,108.5641,0.17902,115.39262,0.564733,shuanghetun,10400171,42025887
42258000021,20240401,42:58.1,108.7667,0.29516,125.627077,0.548362,shuanghetun,10400171,42025887
42460000041,20231018,40:20.5,2.9596,7.10906,138.763688,3.053657,tangmazhai,21110800,42061735
42460000041,20240715,26:22.6,3.2543,10.55698,100.292353,3.538831,tangmazhai,21110800,42061735
42460000041,20240623,24:52.1,3.1032,0.12249,118.150237,0.608883,tangmazhai,21110800,42061735
42460000041,20240704,47:37.5,3.4769,1.70605,109.825127,1.062004,tangmazhai,21110800,42061735
42460000041,20230726,40:01.4,3.8453,31.42886,118.849993,5.058379,tangmazhai,21110800,42061735
42460000041,20240514,11:09.3,5.1414,32.98392,39.801345,3.420073,tangmazhai,21110800,42061735
42460000041,20240613,02:35.1,2.9849,21.50889,68.546046,0.942477,tangmazhai,21110800,42061735
42460000041,20240724,32:43.4,8.4568,1.92218,69.606154,0.365545,tangmazhai,21110800,42061735
42460000041,20230805,46:23.1,3.4698,0.84349,129.277105,0.945475,tangmazhai,21110800,42061735
42460000041,20240714,09:55.9,3.6181,0.52346,83.781814,0.375773,tangmazhai,21110800,42061735
42460000041,20231106,08:59.3,3.9563,2.43798,79.676869,0.226499,tangmazhai,21110800,42061735
42460000041,20231027,46:40.6,3.9554,3.97938,47.419964,0.205808,tangmazhai,21110800,42061735
42460000041,20240602,39:48.1,3.3477,0.13592,107.05154,0.541998,tangmazhai,21110800,42061735
42460000041,20231108,25:25.9,3.2727,18.59488,316.381696,4.807233,tangmazhai,21110800,42061735
42460000041,20231219,55:35.0,3.0553,0.09378,237.003309,2.28344,tangmazhai,21110800,42061735
42460000041,20240130,25:46.9,3.2731,0.09767,212.61032,2.340723,tangmazhai,21110800,42061735
42460000041,20240331,24:32.5,3.512,2.69533,76.741342,0.186913,tangmazhai,21110800,42061735
42460000041,20240109,40:40.7,6.6189,1.53992,318.084629,3.006595,tangmazhai,21110800,42061735
42460000041,20240321,02:16.5,3.0126,0.10083,132.814802,0.732164,tangmazhai,21110800,42061735
42460000041,20240411,47:21.5,3.1582,0.09398,136.331973,0.766602,tangmazhai,21110800,42061735
42460000041,20231218,39:08.0,3.3025,0.48994,80.284866,0.414314,tangmazhai,21110800,42061735
42460000041,20240312,55:54.7,2.9007,0.29518,146.123339,2.176403,tangmazhai,21110800,42061735
42460000041,20231229,01:57.1,3.3831,0.09918,104.504423,0.59212,tangmazhai,21110800,42061735
42460000041,20240119,47:02.3,3.2228,0.09839,108.088209,0.636541,tangmazhai,21110800,42061735
42460000041,20231006,01:35.2,3.6208,1.39025,78.22177,0.46084,tangmazhai,21110800,42061735
42460000041,20240421,09:38.7,3.1035,0.17617,102.461321,0.501452,tangmazhai,21110800,42061735
42460000041,20240310,39:28.5,3.0489,0.93158,66.716376,0.362815,tangmazhai,21110800,42061735
42460000041,20231129,10:31.3,3.1815,0.10654,302.822698,3.152573,tangmazhai,21110800,42061735
42460000041,20240229,17:12.4,3.2086,0.10215,110.840607,0.546287,tangmazhai,21110800,42061735
42460000041,20240423,26:05.3,2.9562,3.41579,191.493448,2.932426,tangmazhai,21110800,42061735
42460000041,20231117,31:45.7,3.4206,0.10368,98.145048,0.631774,tangmazhai,21110800,42061735
42460000041,20240402,40:59.0,3.0139,1.35167,96.706687,1.894538,tangmazhai,21110800,42061735
42460000041,20240218,54:25.5,3.1612,0.62098,91.199135,0.393863,tangmazhai,21110800,42061735
42460000041,20231208,16:51.2,3.1448,0.09394,130.121953,0.750675,tangmazhai,21110800,42061735
42460000041,20240502,32:23.8,3.9833,1.09415,128.757685,0.914114,tangmazhai,21110800,42061735
42460000041,20240220,10:52.0,1.3595,0.12136,323.040946,3.172642,tangmazhai,21110800,42061735
42460000041,20240129,09:20.5,3.3202,0.20078,86.132701,0.433681,tangmazhai,21110800,42061735
42481500091,20231018,40:40.8,51.9281,0.73298,29.918145,0.167874,tieling,20600200,42059330
42481500091,20240118,46:11.9,51.4901,0.20117,39.703571,0.264741,tieling,20600200,42059330
42481500091,20231209,33:07.2,51.6797,0.61666,33.763655,0.122977,tieling,20600200,42059330
42481500091,20240322,18:31.4,52.4787,0.64566,36.076234,0.226161,tieling,20600200,42059330
42481500091,20240130,26:07.3,51.2577,0.21217,47.75152,0.259914,tieling,20600200,42059330
42481500091,20240109,41:01.1,38.9284,2.30038,24.766414,0.230443,tieling,20600200,42059330
42481500091,20231207,16:01.1,52.0603,0.76998,29.742671,0.164009,tieling,20600200,42059330
42481500091,20231028,02:56.8,51.7926,0.82451,29.544269,0.142664,tieling,20600200,42059330
42481500091,20240331,24:13.1,51.7547,1.27096,30.847742,0.133865,tieling,20600200,42059330
42481500091,20240603,56:35.3,52.2119,1.64966,32.00559,0.147942,tieling,20600200,42059330
42481500091,20240208,31:16.8,51.3525,0.35384,33.519054,0.215072,tieling,20600200,42059330
42481500091,20240715,26:43.0,53.7115,0.57602,49.161477,0.263261,tieling,20600200,42059330
42481500091,20240714,09:36.6,53.9416,0.47578,40.841516,0.293343,tieling,20600200,42059330
42481500091,20240218,54:06.1,51.3153,0.5122,43.822797,0.235995,tieling,20600200,42059330
42481500091,20240209,48:22.7,51.5651,0.55312,41.262876,0.205242,tieling,20600200,42059330
42481500091,20240228,16:22.2,51.3427,0.30562,28.279869,0.138402,tieling,20600200,42059330
42481500091,20231005,00:45.2,52.0015,1.07402,35.90889,0.157221,tieling,20600200,42059330
42481500091,20240301,33:28.3,51.4513,0.29528,43.136592,0.23522,tieling,20600200,42059330
42481500091,20231129,10:51.6,51.7492,0.11023,76.262966,0.464569,tieling,20600200,42059330
42481500091,20240220,11:12.3,63.2985,3.4352,19.205622,0.148943,tieling,20600200,42059330
42481500091,20231026,45:50.4,51.5412,0.47688,37.031447,0.256794,tieling,20600200,42059330
42481500091,20230916,32:50.1,52.1903,1.62905,31.706515,0.137489,tieling,20600200,42059330
42481500091,20240312,56:15.1,51.8811,0.824,31.528024,0.166278,tieling,20600200,42059330
42481500091,20240623,24:32.8,52.1933,0.11689,87.876417,0.546314,tieling,20600200,42059330
42481500091,20240129,09:01.1,51.4043,0.27873,50.722609,0.263548,tieling,20600200,42059330
42481500091,20240119,03:18.3,51.2972,0.18211,42.493584,0.274817,tieling,20600200,42059330
42481500091,20240613,18:51.2,50.4567,148.5282,18.036245,0.016773,tieling,20600200,42059330
42481500091,20230726,40:21.8,55.5128,0.1413,106.303419,0.509906,tieling,20600200,42059330
42481500091,20240612,01:44.8,51.5584,0.28542,43.57645,0.352811,tieling,20600200,42059330
42481500091,20240704,03:53.4,51.7651,0.11837,79.150959,0.497442,tieling,20600200,42059330
42481500091,20240310,39:09.1,51.8874,0.97416,28.602471,0.123549,tieling,20600200,42059330
42481500091,20240624,41:38.9,52.3658,0.96044,36.136297,0.200488,tieling,20600200,42059330
42481500091,20231106,08:39.9,51.4706,0.11525,87.85628,0.533888,tieling,20600200,42059330
42481500091,20240423,26:25.7,52.1477,0.81308,36.752431,0.234304,tieling,20600200,42059330
42481500091,20240522,16:38.7,52.3589,0.0996,128.323402,0.731896,tieling,20600200,42059330
42481500091,20240421,09:19.3,51.7336,1.0304,43.465385,0.249152,tieling,20600200,42059330
42481500091,20240402,41:19.4,51.6938,0.09918,113.891592,0.626738,tieling,20600200,42059330
42481500091,20231116,30:55.5,51.5956,0.63475,50.128873,0.343811,tieling,20600200,42059330
42481500091,20240723,31:53.2,54.7654,1.11463,36.981666,0.206391,tieling,20600200,42059330
42481500091,20240523,33:44.8,53.8151,1.97965,30.502054,0.166113,tieling,20600200,42059330
42481500091,20231229,18:13.2,51.5857,0.17872,51.062751,0.290845,tieling,20600200,42059330
42481500091,20231218,38:48.7,51.4546,0.15352,53.44064,0.303807,tieling,20600200,42059330
42481500091,20230805,02:39.3,54.8053,0.2023,52.170105,0.328206,tieling,20600200,42059330
42481500091,20240412,03:36.6,51.6036,0.10844,120.481496,0.615591,tieling,20600200,42059330
42481500091,20230804,45:32.8,53.9947,0.09843,139.728837,0.699343,tieling,20600200,42059330
42481500091,20240501,31:33.8,51.6652,0.29642,58.573117,0.430797,tieling,20600200,42059330
42481500091,20240703,46:47.5,51.7391,0.10221,128.781246,0.735137,tieling,20600200,42059330
42481500091,20240602,39:28.8,52.059,0.2,49.809343,0.328583,tieling,20600200,42059330
42481500091,20231007,17:51.4,51.6583,0.92206,27.523718,0.109588,tieling,20600200,42059330
42481500091,20231108,25:46.2,52.1233,1.8453,32.403558,0.133543,tieling,20600200,42059330
42481500091,20231118,48:01.9,51.6734,0.1032,107.098848,0.610755,tieling,20600200,42059330
42481500091,20240503,48:39.9,51.6319,0.10335,120.476857,0.618739,tieling,20600200,42059330
42481500091,20240514,11:29.6,52.0603,0.10037,125.389945,0.615226,tieling,20600200,42059330
42481500091,20231219,55:55.3,51.5354,0.12979,63.803338,0.34857,tieling,20600200,42059330
42481500091,20240410,46:29.8,51.5234,0.11902,74.737327,0.517901,tieling,20600200,42059330
42243100091,20231226,59:04.5,103.9267,0.10367,2359.21063,6.177421,tonghe,11022450,42045560
42243100091,20240307,36:26.7,100.7478,0.09157,1141.652596,2.64539,tonghe,11022450,42045560
42243100091,20240509,51:39.9,99.5485,65.11824,123.5365,0.87883,tonghe,11022450,42045560
42243100091,20231228,18:52.0,99.6408,0.76621,985.39171,1.889927,tonghe,11022450,42045560
42243100091,20240215,51:22.9,100.1474,0.0931,1086.986162,2.907717,tonghe,11022450,42045560
42243100091,20240126,06:18.1,100.1715,0.16096,1201.760363,3.063433,tonghe,11022450,42045560
42243100091,20240711,06:53.2,101.3572,0.53516,360.115661,1.260271,tonghe,11022450,42045560
42243100091,20240520,14:36.8,99.8728,0.09734,924.414357,0.84004,tonghe,11022450,42045560
42243100091,20231027,03:35.6,100.4392,0.09101,1151.912475,1.579659,tonghe,11022450,42045560
42243100091,20231003,58:43.5,101.3701,0.09665,1234.956853,53.500588,tonghe,11022450,42045560
42243100091,20240622,41:37.3,102.3638,0.09119,1830.555865,11.486722,tonghe,11022450,42045560
42243100091,20240703,04:32.5,102.6998,0.09099,1700.367012,1.84558,tonghe,11022450,42045560
42243100091,20240218,11:10.5,102.5775,0.5064,952.629989,0.478725,tonghe,11022450,42045560
42243100091,20240226,14:20.1,102.4464,1.40129,727.976639,0.631455,tonghe,11022450,42045560
42243100091,20230802,43:30.4,103.2792,0.09418,1370.753061,6.413278,tonghe,11022450,42045560
42243100091,20231114,28:53.5,97.6456,0.18899,820.385002,0.754043,tonghe,11022450,42045560
42243100091,20240429,29:32.1,99.8402,0.09528,976.885102,1.053312,tonghe,11022450,42045560
42243100091,20240128,26:05.5,99.3241,0.10037,991.755959,2.34362,tonghe,11022450,42045560
42243100091,20240502,49:19.1,100.0056,0.09135,1173.117753,1.619082,tonghe,11022450,42045560
42243100091,20231205,13:59.0,100.7203,0.36869,814.056317,1.583993,tonghe,11022450,42045560
42243100091,20231208,33:46.2,100.4058,0.09504,1017.647138,2.034517,tonghe,11022450,42045560
42243100091,20240107,40:59.5,99.3626,0.09873,997.301587,3.823169,tonghe,11022450,42045560
42243100091,20240522,34:23.9,99.9684,0.09127,1143.088604,1.522424,tonghe,11022450,42045560
42243100091,20231006,18:30.2,101.0512,0.09112,990.961891,1.416697,tonghe,11022450,42045560
42243100091,20230804,03:18.1,103.267,0.09103,1828.813701,1.794287,tonghe,11022450,42045560
42243100091,20240208,49:01.8,100.162,0.46712,975.558593,1.745741,tonghe,11022450,42045560
42243100091,20240331,41:17.8,101.6259,0.09654,1204.165017,1.465985,tonghe,11022450,42045560
42243100091,20240408,44:27.1,103.1264,0.74537,854.422546,0.271737,tonghe,11022450,42045560
42243100091,20231024,43:48.4,100.3242,0.10251,854.185888,0.999321,tonghe,11022450,42045560
42243100091,20240601,56:33.2,101.3505,0.09352,1065.866241,1.1676,tonghe,11022450,42045560
42243100091,20231217,55:53.1,100.054,0.09662,1005.236581,2.256567,tonghe,11022450,42045560
42243100091,20231106,25:44.4,99.7981,0.09271,1067.597262,1.447864,tonghe,11022450,42045560
42243100091,20230915,33:29.1,102.1047,0.09353,1263.30056,2.325478,tonghe,11022450,42045560
42243100091,20231124,51:02.0,100.0663,0.09124,1299.418116,6.487984,tonghe,11022450,42045560
42243100091,20240328,21:30.5,106.2549,28.5073,193.788461,0.742918,tonghe,11022450,42045560
42243100091,20240411,04:15.3,100.8557,0.0912,1111.293975,1.550508,tonghe,11022450,42045560
42243100091,20240105,21:12.2,99.9952,0.09209,1150.418274,2.681289,tonghe,11022450,42045560
42243100091,20231103,05:56.8,100.1054,0.10923,1061.525708,1.677428,tonghe,11022450,42045560
42243100091,20231215,36:05.2,92.0772,0.15961,1234.025083,5.294445,tonghe,11022450,42045560
42243100091,20240530,36:45.1,100.5912,0.09339,903.086745,1.855829,tonghe,11022450,42045560
42243100091,20240206,29:14.7,101.2998,0.94462,839.278647,0.738776,tonghe,11022450,42045560
42243100091,20240612,19:30.0,101.0471,0.09126,1091.055851,1.509845,tonghe,11022450,42045560
42243100091,20240118,03:57.1,99.7007,0.10133,983.486211,3.876337,tonghe,11022450,42045560
42243100091,20240418,06:36.3,100.17,0.09093,1108.86762,1.959769,tonghe,11022450,42045560
42243100091,20240721,29:51.0,100.7644,0.20363,865.38919,0.676877,tonghe,11022450,42045560
42243100091,20240713,26:41.0,101.1919,0.09103,1411.440738,2.02638,tonghe,11022450,42045560
42243100091,20231117,48:40.7,100.1883,0.09212,993.531407,1.131814,tonghe,11022450,42045560
42243100091,20240701,44:45.6,103.3032,0.09332,1647.366583,1.48529,tonghe,11022450,42045560
42243100091,20240724,49:38.4,101.4149,0.09099,1157.404501,2.012641,tonghe,11022450,42045560
42243100091,20240421,26:24.0,100.0901,0.09102,1108.908243,1.532517,tonghe,11022450,42045560
42243100091,20240310,56:13.7,102.2718,0.31529,973.028535,1.194712,tonghe,11022450,42045560
42243100091,20231013,20:51.4,101.118,0.09693,1112.061307,1.909921,tonghe,11022450,42045560
42243100091,20240610,59:42.5,101.5195,0.10087,858.540304,0.932202,tonghe,11022450,42045560
42243100091,20240229,34:07.3,102.0527,1.07544,507.984654,0.858086,tonghe,11022450,42045560
42440400831,20231027,02:15.5,365.3316,122.20064,207.161856,0.261552,tonghua,11605400,42060702
42440400831,20240714,26:01.7,364.6576,1.44448,200.33278,0.462755,tonghua,11605400,42060702
42440400831,20240128,08:40.0,356.8304,17.65752,468.530509,9.101218,tonghua,11605400,42060702
42440400831,20240713,09:15.3,364.9803,14.6688,326.159793,1.583251,tonghua,11605400,42060702
42440400831,20240118,02:37.0,363.5046,123.42371,208.155499,0.526075,tonghua,11605400,42060702
42440400831,20231006,17:10.2,363.4025,128.86999,217.155341,0.370351,tonghua,11605400,42060702
42440400831,20240108,40:20.0,365.0117,0.53846,211.209203,0.601559,tonghua,11605400,42060702
42440400831,20240107,23:34.0,366.8089,2.72931,444.147821,2.42822,tonghua,11605400,42060702
42440400831,20231217,38:27.3,372.7604,10.39454,531.958547,4.73092,tonghua,11605400,42060702
42440400831,20231228,17:32.0,364.4467,119.29301,230.214094,1.234314,tonghua,11605400,42060702
42440400831,20240724,48:18.3,363.2098,123.93476,223.394214,0.654259,tonghua,11605400,42060702
42440400831,20231218,55:13.9,364.6202,0.42118,196.947084,0.564965,tonghua,11605400,42060702
42440400831,20240129,25:26.1,364.9516,0.55757,223.829065,0.616122,tonghua,11605400,42060702
42440400831,20240703,03:12.5,362.9286,119.09517,224.253187,0.712174,tonghua,11605400,42060702
42440400831,20240513,10:48.4,364.0707,0.49071,190.617688,0.492084,tonghua,11605400,42060702
42440400831,20231208,32:26.2,362.7779,119.93243,225.152584,0.626768,tonghua,11605400,42060702
42440400831,20240601,39:07.4,354.6973,6.5754,266.826377,1.785047,tonghua,11605400,42060702
42440400831,20240420,08:58.2,364.3966,26.40287,339.395777,1.480265,tonghua,11605400,42060702
42440400831,20231107,25:05.0,364.7496,0.43696,220.563136,0.596617,tonghua,11605400,42060702
42440400831,20231128,10:10.4,364.5624,0.99351,228.964548,0.590487,tonghua,11605400,42060702
42440400831,20240612,18:10.0,363.0321,110.35174,193.770175,0.414184,tonghua,11605400,42060702
42440400831,20231126,53:24.1,359.5123,8.45083,312.336965,4.391663,tonghua,11605400,42060702
42440400831,20240311,55:34.1,370.2596,1.43198,123.255011,0.35157,tonghua,11605400,42060702
42440400831,20231117,47:20.6,362.9153,117.53959,225.498283,0.691424,tonghua,11605400,42060702
42440400831,20240411,02:55.2,363.4975,95.31033,218.987687,0.698192,tonghua,11605400,42060702
42440400831,20231105,08:18.8,371.6239,4.92936,190.825833,2.085962,tonghua,11605400,42060702
42440400831,20230804,01:58.1,372.3242,88.6943,212.755939,0.498452,tonghua,11605400,42060702
42440400831,20240330,23:52.1,381.9506,16.27606,331.468168,1.707337,tonghua,11605400,42060702
42440400831,20240401,40:38.3,364.2694,0.31603,237.153243,0.650866,tonghua,11605400,42060702
42440400831,20231017,39:59.6,366.0066,0.68591,192.07184,0.388806,tonghua,11605400,42060702
42440400831,20230915,32:09.0,362.9834,112.53584,218.863894,0.522583,tonghua,11605400,42060702
42440400831,20240309,38:48.2,378.0591,7.55598,529.262523,11.357168,tonghua,11605400,42060702
42440400831,20240602,55:53.9,364.6537,1.16416,194.795192,0.566793,tonghua,11605400,42060702
42440400831,20240217,53:44.9,370.341,7.24575,518.014735,4.011774,tonghua,11605400,42060702
42440400831,20240622,24:11.7,366.3086,13.55061,344.427573,3.772082,tonghua,11605400,42060702
42440400831,20240229,32:47.3,362.8844,123.45887,205.142606,0.531772,tonghua,11605400,42060702
42440400831,20240208,47:41.7,367.0926,133.09264,215.945949,0.523424,tonghua,11605400,42060702
42440400831,20240422,25:44.5,364.669,0.78402,232.105279,0.668076,tonghua,11605400,42060702
42440400831,20240623,40:57.8,365.9635,0.60243,208.219149,0.495952,tonghua,11605400,42060702
42440400831,20240219,10:31.1,365.7396,3.50279,154.042472,0.460218,tonghua,11605400,42060702
42440400831,20240522,33:03.9,362.7333,123.99059,217.416815,0.691801,tonghua,11605400,42060702
42440400831,20240502,47:59.0,362.7843,119.98705,232.360899,0.780809,tonghua,11605400,42060702
42246100031,20231118,48:52.0,129.1243,0.51468,318.040892,0.686848,xingjiawopeng,21101000,42061756
42246100031,20231007,18:41.5,129.8307,0.28403,382.690266,0.347734,xingjiawopeng,21101000,42061756
42246100031,20231018,41:31.0,129.6174,0.18533,411.265143,0.384159,xingjiawopeng,21101000,42061756
42246100031,20231219,56:45.4,129.2095,0.11342,443.835732,0.765327,xingjiawopeng,21101000,42061756
42246100031,20240107,22:33.7,129.5912,0.12288,664.878098,1.794749,xingjiawopeng,21101000,42061756
42246100031,20240503,49:30.0,129.964,0.09597,469.310369,0.896363,xingjiawopeng,21101000,42061756
42246100031,20231108,26:36.3,129.5235,0.11938,426.421271,0.56174,xingjiawopeng,21101000,42061756
42246100031,20240412,04:26.7,129.3197,0.09478,525.973661,1.092586,xingjiawopeng,21101000,42061756
42246100031,20230726,41:12.0,131.513,0.11181,488.392367,0.733505,xingjiawopeng,21101000,42061756
42246100031,20240423,27:15.8,130.0371,0.10245,519.46955,0.896875,xingjiawopeng,21101000,42061756
42246100031,20231227,59:45.5,126.1741,33.58857,380.527165,1.216441,xingjiawopeng,21101000,42061756
42246100031,20240420,07:58.0,130.0536,1.197,451.849645,3.612649,xingjiawopeng,21101000,42061756
42246100031,20231229,19:03.3,129.1032,0.43495,312.437949,0.761084,xingjiawopeng,21101000,42061756
42246100031,20230805,03:29.5,132.0731,0.19403,426.64026,0.705131,xingjiawopeng,21101000,42061756
42246100031,20240725,49:49.5,132.9497,0.27769,455.48507,0.796152,xingjiawopeng,21101000,42061756
42246100031,20240523,34:34.9,130.9051,0.21836,405.516523,0.674056,xingjiawopeng,21101000,42061756
42246100031,20240330,22:51.9,129.7731,0.09701,657.380674,1.672997,xingjiawopeng,21101000,42061756
42246100031,20240402,42:09.5,129.6272,0.09437,538.618004,0.937369,xingjiawopeng,21101000,42061756
42246100031,20240704,04:43.5,131.4295,0.38185,436.523716,0.486474,xingjiawopeng,21101000,42061756
42246100031,20240209,49:12.9,129.7654,1.23206,302.914315,0.672735,xingjiawopeng,21101000,42061756
42246100031,20231028,03:46.9,129.3219,0.20308,385.979857,0.668573,xingjiawopeng,21101000,42061756
42246100031,20240217,52:44.7,130.4995,0.09389,750.759379,1.893869,xingjiawopeng,21101000,42061756
42246100031,20240130,26:57.4,129.2976,0.15331,432.784977,0.740225,xingjiawopeng,21101000,42061756
42246100031,20240220,12:02.5,133.4986,1.03938,406.982268,0.5784,xingjiawopeng,21101000,42061756
42246100031,20240624,42:29.1,132.1026,0.18543,506.982996,0.748118,xingjiawopeng,21101000,42061756
42246100031,20240128,07:39.8,129.9029,0.10973,693.55709,1.888319,xingjiawopeng,21101000,42061756
42246100031,20240514,12:19.8,129.5739,0.09532,601.132756,1.068035,xingjiawopeng,21101000,42061756
42246100031,20240301,34:18.5,130.1991,0.58477,263.677716,0.569556,xingjiawopeng,21101000,42061756
42246100031,20231129,11:41.8,129.3817,0.10361,457.051866,0.772722,xingjiawopeng,21101000,42061756
42246100031,20231217,37:27.1,136.4257,0.98235,641.726464,1.828855,xingjiawopeng,21101000,42061756
42246100031,20231015,22:13.1,129.4439,0.74601,611.635159,1.683204,xingjiawopeng,21101000,42061756
42246100031,20230916,33:40.3,129.6973,0.30031,332.365809,0.416841,xingjiawopeng,21101000,42061756
42246100031,20240312,57:05.2,130.5128,0.29687,407.341583,0.316073,xingjiawopeng,21101000,42061756
42246100031,20240119,04:08.5,129.03,0.45841,314.336912,0.805485,xingjiawopeng,21101000,42061756
42246100031,20240613,19:41.3,132.2528,0.66084,342.348479,0.381302,xingjiawopeng,21101000,42061756
42246100031,20231126,52:23.9,129.5365,0.10232,718.048036,1.968965,xingjiawopeng,21101000,42061756
42246100031,20240322,19:21.6,129.9186,0.10309,441.331392,0.751078,xingjiawopeng,21101000,42061756
42246100031,20231105,07:18.5,129.2829,0.10133,671.74207,1.669013,xingjiawopeng,21101000,42061756
42246100031,20240715,27:33.2,132.2351,0.09604,599.666647,0.989757,xingjiawopeng,21101000,42061756
42246100031,20231209,33:57.4,129.3221,0.30402,308.606794,0.777549,xingjiawopeng,21101000,42061756
42246100031,20240109,41:51.2,118.0406,0.18575,431.087419,0.820614,xingjiawopeng,21101000,42061756
42246100031,20240603,57:25.5,132.933,0.35899,424.307159,0.338542,xingjiawopeng,21101000,42061756
42246100031,20240713,08:15.1,132.1968,24.29738,246.22427,1.84936,xingjiawopeng,21101000,42061756
42246100031,20240309,37:48.0,130.2707,0.0967,713.974287,1.841355,xingjiawopeng,21101000,42061756
