stationid,count_before,count_after,count_removed,retention_rate(%)
GRDC_3667020,209,81,128,38.76
GRDC_6342800,229,62,167,27.07
GRDC_1591231,174,62,112,35.63
USGS_01473500,334,61,273,18.26
GRDC_1531600,185,59,126,31.89
GRDC_6421100,225,58,167,25.78
USGS_06785000,198,57,141,28.79
GRDC_6342920,208,57,151,27.4
Chile_07308002,171,57,114,33.33
Brazil_14550000,165,56,109,33.94
Brazil_20489100,190,56,134,29.47
Brazil_12650000,143,55,88,38.46
GRDC_6340160,223,52,171,23.32
GRDC_3469150,198,50,148,25.25
USGS_01029500,252,50,202,19.84
GRDC_6742700,221,49,172,22.17
GRDC_3666401,182,49,133,26.92
GRDC_2589751,118,49,69,41.53
Brazil_61915005,123,48,75,39.02
Brazil_66895000,277,47,230,16.97
Brazil_34311000,170,45,125,26.47
Brazil_60040000,220,45,175,20.45
GRDC_2588552,130,45,85,34.62
EWA_9114023,134,44,90,32.84
GRDC_1591401,112,43,69,38.39
Brazil_54530000,136,43,93,31.62
GRDC_6335170,207,42,165,20.29
Brazil_65985000,167,41,126,24.55
Brazil_85900000,225,41,184,18.22
USGS_13062500,174,40,134,22.99
GRDC_2588250,116,40,76,34.48
Brazil_13410000,165,40,125,24.24
GRDC_6335150,251,40,211,15.94
Brazil_20490000,167,39,128,23.35
GRDC_6335020,182,39,143,21.43
GRDC_1737150,169,39,130,23.08
Brazil_58235000,168,38,130,22.62
GRDC_6744200,152,38,114,25.0
GRDC_6742900,172,38,134,22.09
Chile_11342001,173,38,135,21.97
GRDC_4214440,231,38,193,16.45
Brazil_51350000,203,38,165,18.72
EWA_9114213,112,38,74,33.93
Brazil_34980000,145,38,107,26.21
GRDC_4208733,251,37,214,14.74
USGS_05489500,183,37,146,20.22
GRDC_4356700,170,37,133,21.76
GRDC_5223600,164,37,127,22.56
GRDC_2369800,179,36,143,20.11
Brazil_26350000,172,36,136,20.93
GRDC_6340190,222,36,186,16.22
Brazil_46035000,139,36,103,25.9
Brazil_49330000,169,36,133,21.3
Brazil_73850000,260,35,225,13.46
GRDC_5868300,184,35,149,19.02
GRDC_6421101,146,35,111,23.97
Brazil_37710150,155,35,120,22.58
Brazil_58158100,140,35,105,25.0
GRDC_6974150,221,35,186,15.84
Brazil_64491000,171,35,136,20.47
Brazil_51240000,152,35,117,23.03
GRDC_1134480,100,35,65,35.0
GRDC_2694200,79,35,44,44.3
USGS_05395000,168,34,134,20.24
GRDC_6973300,192,34,158,17.71
GRDC_6695400,139,34,105,24.46
Brazil_54580000,175,34,141,19.43
Brazil_26800000,169,33,136,19.53
GRDC_1531100,136,33,103,24.26
Chile_08140002,183,33,150,18.03
Chile_09402001,220,33,187,15.0
GRDC_6335180,251,33,218,13.15
GRDC_2589701,117,33,84,28.21
GRDC_6337200,203,33,170,16.26
Brazil_60968000,84,33,51,39.29
GRDC_2589700,166,32,134,19.28
GRDC_2589501,156,32,124,20.51
Brazil_58152010,165,32,133,19.39
USGS_05443500,271,32,239,11.81
Brazil_67100000,123,32,91,26.02
Brazil_54780000,114,32,82,28.07
Chile_10704002,175,32,143,18.29
USGS_04059000,235,32,203,13.62
USGS_06790500,199,32,167,16.08
Brazil_45480000,155,32,123,20.65
GRDC_2694450,104,31,73,29.81
GRDC_1835900,139,31,108,22.3
GRDC_4214035,191,31,160,16.23
Brazil_60805000,139,30,109,21.58
GRDC_4125801,156,30,126,19.23
Brazil_81683000,134,30,104,22.39
Brazil_21080000,170,30,140,17.65
GRDC_2589800,150,30,120,20.0
GRDC_4359500,150,29,121,19.33
Brazil_17200000,152,29,123,19.08
USGS_13060000,195,29,166,14.87
GRDC_2588703,118,29,89,24.58
GRDC_6348800,123,29,94,23.58
USGS_01042500,216,29,187,13.43
GRDC_2588302,235,28,207,11.91
GRDC_2590230,146,28,118,19.18
Brazil_73960000,198,28,170,14.14
GRDC_3629380,183,28,155,15.3
GRDC_6335060,112,28,84,25.0
Brazil_14495000,152,28,124,18.42
USGS_01034000,174,28,146,16.09
GRDC_3275450,160,28,132,17.5
Chile_08334001,185,28,157,15.14
Brazil_13740000,162,27,135,16.67
Brazil_12700000,170,27,143,15.88
Brazil_57460000,53,27,26,50.94
USGS_01030000,252,27,225,10.71
EWA_9110141,170,27,143,15.88
GRDC_4133501,305,27,278,8.85
GRDC_2589350,61,27,34,44.26
Brazil_37761000,160,27,133,16.88
Canada_01BJ007,154,27,127,17.53
Brazil_75550000,270,27,243,10.0
GRDC_4208255,206,26,180,12.62
GRDC_6854710,174,26,148,14.94
GRDC_2588702,136,26,110,19.12
GRDC_6340120,151,26,125,17.22
GRDC_6357500,175,26,149,14.86
Brazil_43200000,169,26,143,15.38
Brazil_12370000,189,26,163,13.76
Brazil_54950000,195,26,169,13.33
Chile_06019003,150,26,124,17.33
GRDC_2969150,179,25,154,13.97
Brazil_58620000,139,25,114,17.99
Brazil_24750000,174,25,149,14.37
GRDC_4122602,135,25,110,18.52
GRDC_4231100,242,25,217,10.33
GRDC_5101301,115,25,90,21.74
Brazil_58795000,159,25,134,15.72
Brazil_46998000,93,25,68,26.88
GRDC_1496500,77,25,52,32.47
GRDC_3666050,199,25,174,12.56
Brazil_66070004,195,25,170,12.82
Brazil_49705000,169,25,144,14.79
GRDC_1531450,70,25,45,35.71
Brazil_42980000,162,25,137,15.43
GRDC_3666400,175,25,150,14.29
Canada_10LD004,121,25,96,20.66
Canada_08MC018,241,25,216,10.37
USGS_07150500,161,25,136,15.53
Brazil_17122000,128,24,104,18.75
GRDC_6335304,241,24,217,9.96
GRDC_6242100,130,24,106,18.46
GRDC_6340140,140,24,116,17.14
Brazil_61925000,159,24,135,15.09
Brazil_63390000,141,23,118,16.31
Brazil_66260002,161,23,138,14.29
EWA_9110287,204,23,181,11.27
Brazil_14690000,178,23,155,12.92
Brazil_26050000,125,23,102,18.4
GRDC_4148851,123,23,100,18.7
Brazil_58880001,127,23,104,18.11
USGS_02343801,262,23,239,8.78
GRDC_3624120,166,23,143,13.86
Brazil_55699998,130,23,107,17.69
GRDC_6340150,144,23,121,15.97
Brazil_49370000,62,23,39,37.1
EWA_9110230,106,23,83,21.7
GRDC_1134030,189,23,166,12.17
Brazil_13180000,173,22,151,12.72
Brazil_17095000,135,22,113,16.3
GRDC_3650475,139,22,117,15.83
Brazil_51280000,141,22,119,15.6
USGS_05520500,106,22,84,20.75
GRDC_6435060,183,22,161,12.02
Brazil_74040080,173,22,151,12.72
GRDC_6975110,202,22,180,10.89
USGS_01046500,183,22,161,12.02
GRDC_1159500,151,22,129,14.57
GRDC_4206250,220,22,198,10.0
GRDC_1112100,111,22,89,19.82
Brazil_14515000,160,22,138,13.75
GRDC_5222500,111,22,89,19.82
Brazil_17675000,192,22,170,11.46
Brazil_64517000,71,22,49,30.99
GRDC_4115202,179,22,157,12.29
USGS_01434000,122,21,101,17.21
USGS_11389500,133,21,112,15.79
Brazil_56920000,110,21,89,19.09
Brazil_66810000,195,21,174,10.77
GRDC_1112320,142,21,121,14.79
USGS_06465500,202,21,181,10.4
Brazil_65986000,171,21,150,12.28
GRDC_4126802,230,21,209,9.13
Brazil_12180000,172,21,151,12.21
GRDC_4119450,136,21,115,15.44
Brazil_64617000,115,21,94,18.26
USGS_07367005,162,21,141,12.96
GRDC_4122601,131,21,110,16.03
Brazil_60905000,113,21,92,18.58
USGS_01047150,124,21,103,16.94
Brazil_56425000,171,21,150,12.28
GRDC_2589202,149,21,128,14.09
Brazil_30075000,175,20,155,11.43
GRDC_2589370,119,20,99,16.81
GRDC_4148100,73,20,53,27.4
GRDC_4206100,237,20,217,8.44
GRDC_6335070,105,20,85,19.05
GRDC_4208458,233,20,213,8.58
Brazil_13880000,177,20,157,11.3
Canada_05CK004,174,20,154,11.49
GRDC_6974350,134,20,114,14.93
Brazil_66050000,167,20,147,11.98
GRDC_2919200,192,20,172,10.42
GRDC_3512400,209,20,189,9.57
Chile_07317005,136,20,116,14.71
USGS_08331510,126,20,106,15.87
Brazil_63350100,168,19,149,11.31
GRDC_1426380,155,19,136,12.26
USGS_05550000,230,19,211,8.26
Brazil_17610000,132,19,113,14.39
USGS_07159100,150,19,131,12.67
Chile_08381003,101,19,82,18.81
GRDC_6242401,185,19,166,10.27
GRDC_3844400,119,19,100,15.97
GRDC_5654140,177,19,158,10.73
Brazil_64645000,152,19,133,12.5
GRDC_6935054,182,19,163,10.44
USGS_06192500,254,19,235,7.48
Brazil_14650000,153,19,134,12.42
USGS_04073500,205,19,186,9.27
GRDC_5865300,117,19,98,16.24
Chile_05748001,151,19,132,12.58
GRDC_4150601,232,19,213,8.19
Brazil_66870000,130,19,111,14.62
GRDC_6442500,124,19,105,15.32
Brazil_76800000,149,19,130,12.75
USGS_05465000,121,18,103,14.88
USGS_04246500,90,18,72,20.0
Canada_03QC001,247,18,229,7.29
Brazil_48020000,186,18,168,9.68
Brazil_83461000,158,18,140,11.39
USGS_04101000,180,18,162,10.0
GRDC_6981800,215,18,197,8.37
GRDC_6340170,109,18,91,16.51
GRDC_4203400,123,18,105,14.63
Brazil_26200000,136,18,118,13.24
GRDC_6142620,170,18,152,10.59
GRDC_3666500,121,18,103,14.88
Brazil_74500000,142,18,124,12.68
GRDC_1734500,162,18,144,11.11
Brazil_34660000,174,18,156,10.34
GRDC_4122600,193,18,175,9.33
Brazil_13310000,89,18,71,20.22
Chile_08307002,147,18,129,12.24
GRDC_2588554,223,18,205,8.07
Chile_06028001,155,18,137,11.61
Brazil_64685000,116,17,99,14.66
GRDC_6142200,109,17,92,15.6
GRDC_6140400,171,17,154,9.94
GRDC_6983350,62,17,45,27.42
Brazil_66055000,152,17,135,11.18
GRDC_4115320,194,17,177,8.76
Canada_02AB025,125,17,108,13.6
GRDC_4122636,245,17,228,6.94
GRDC_2469060,208,17,191,8.17
Brazil_21500000,197,17,180,8.63
USGS_05568500,105,17,88,16.19
USGS_13032500,185,17,168,9.19
Chile_07359001,107,17,90,15.89
Brazil_12520000,123,17,106,13.82
Brazil_29100000,150,17,133,11.33
Brazil_76500000,196,17,179,8.67
GRDC_1291100,166,17,149,10.24
USGS_12388700,170,17,153,10.0
Brazil_66120000,112,17,95,15.18
GRDC_2588708,109,17,92,15.6
Chile_08317001,164,17,147,10.37
Brazil_56825000,120,17,103,14.17
Brazil_66600000,110,17,93,15.45
GRDC_1134400,171,16,155,9.36
GRDC_6444100,200,16,184,8.0
USGS_02358754,148,16,132,10.81
GRDC_3649614,140,16,124,11.43
Chile_07321002,122,16,106,13.11
USGS_08331160,122,16,106,13.11
GRDC_4873280,122,16,106,13.11
GRDC_4208120,130,16,114,12.31
Brazil_12200000,171,16,155,9.36
USGS_04156000,123,16,107,13.01
GRDC_3649449,184,16,168,8.7
GRDC_1257100,175,16,159,9.14
Brazil_42690001,162,16,146,9.88
GRDC_6695600,137,16,121,11.68
GRDC_5101201,170,16,154,9.41
Brazil_30055000,90,16,74,17.78
USGS_14166000,262,16,246,6.11
Brazil_13650000,144,16,128,11.11
USGS_03270500,259,16,243,6.18
Brazil_70700000,161,16,145,9.94
Brazil_83520000,180,16,164,8.89
USGS_06642000,186,16,170,8.6
GRDC_3269300,204,16,188,7.84
Brazil_56719998,162,16,146,9.88
GRDC_4243360,229,16,213,6.99
Brazil_66280000,161,16,145,9.94
GRDC_6342500,184,16,168,8.7
USGS_03453500,176,16,160,9.09
GRDC_4874730,148,15,133,10.14
Brazil_21850000,177,15,162,8.47
GRDC_4119800,126,15,111,11.9
GRDC_4208491,131,15,116,11.45
Canada_08KA005,170,15,155,8.82
GRDC_4208240,178,15,163,8.43
Brazil_26030000,170,15,155,8.82
GRDC_2969200,89,15,74,16.85
GRDC_6335601,206,15,191,7.28
GRDC_6842900,169,15,154,8.88
Brazil_12560000,158,15,143,9.49
USGS_15908000,126,15,111,11.9
GRDC_4214830,217,15,202,6.91
USGS_01427510,166,15,151,9.04
Chile_09140001,52,15,37,28.85
Brazil_66370000,150,15,135,10.0
GRDC_5864500,62,15,47,24.19
Brazil_25950000,170,15,155,8.82
Brazil_74270000,250,15,235,6.0
USGS_07160000,291,14,277,4.81
GRDC_3649255,144,14,130,9.72
USGS_01034500,196,14,182,7.14
USGS_01011000,245,14,231,5.71
Brazil_12390000,183,14,169,7.65
Brazil_24800000,171,14,157,8.19
Brazil_14500000,118,14,104,11.86
Brazil_42210000,175,14,161,8.0
Brazil_54710000,163,14,149,8.59
GRDC_6421500,85,14,71,16.47
GRDC_4203900,120,14,106,11.67
Brazil_31700000,141,14,127,9.93
Brazil_64776100,116,14,102,12.07
GRDC_1749500,199,14,185,7.04
GRDC_1748500,135,14,121,10.37
USGS_05437500,127,14,113,11.02
Brazil_85400000,69,14,55,20.29
GRDC_2588551,157,14,143,8.92
GRDC_2589310,123,14,109,11.38
Brazil_61537000,126,14,112,11.11
USGS_02312720,149,14,135,9.4
GRDC_4231620,174,14,160,8.05
USGS_02489000,164,14,150,8.54
GRDC_4207320,233,14,219,6.01
GRDC_2469265,110,13,97,11.82
Brazil_54002990,143,13,130,9.09
GRDC_4146110,76,13,63,17.11
GRDC_4214350,153,13,140,8.5
GRDC_2589500,94,13,81,13.83
GRDC_2588300,170,13,157,7.65
GRDC_2588304,104,13,91,12.5
GRDC_3276800,93,13,80,13.98
GRDC_1134200,104,13,91,12.5
GRDC_2591201,105,13,92,12.38
GRDC_3265601,188,13,175,6.91
USGS_08066500,132,13,119,9.85
USGS_03329000,218,13,205,5.96
Chile_07383001,160,13,147,8.12
USGS_02420000,129,13,116,10.08
USGS_05333500,169,13,156,7.69
Brazil_48290000,106,13,93,12.26
Brazil_20250000,157,13,144,8.28
USGS_08332010,145,13,132,8.97
GRDC_4126805,154,13,141,8.44
GRDC_3275700,113,13,100,11.5
GRDC_1159800,127,13,114,10.24
GRDC_4214430,219,13,206,5.94
Canada_08LB064,222,13,209,5.86
GRDC_6983355,126,13,113,10.32
USGS_02215500,117,13,104,11.11
USGS_02489500,115,12,103,10.43
USGS_03171000,124,12,112,9.68
Brazil_86720000,129,12,117,9.3
USGS_02223000,197,12,185,6.09
USGS_02236000,114,12,102,10.53
GRDC_4356100,161,12,149,7.45
USGS_05440700,106,12,94,11.32
GRDC_4208258,106,12,94,11.32
Canada_07GJ001,172,12,160,6.98
Brazil_40850000,172,12,160,6.98
GRDC_4115347,172,12,160,6.98
Brazil_12230000,174,12,162,6.9
GRDC_4208274,118,12,106,10.17
USGS_06652000,103,12,91,11.65
USGS_01030500,184,12,172,6.52
GRDC_6978250,223,12,211,5.38
GRDC_3669310,178,12,166,6.74
GRDC_5870111,64,12,52,18.75
GRDC_5708145,115,12,103,10.43
Brazil_17380000,188,12,176,6.38
Brazil_15560000,146,12,134,8.22
USGS_08330875,150,12,138,8.0
USGS_06926500,189,12,177,6.35
USGS_03374000,141,12,129,8.51
EWA_9114022,149,12,137,8.05
GRDC_6935052,129,12,117,9.3
GRDC_2969220,160,12,148,7.5
GRDC_3625200,91,12,79,13.19
Brazil_58974000,155,12,143,7.74
USGS_05465500,172,12,160,6.98
USGS_05551540,177,12,165,6.78
Brazil_66430000,175,12,163,6.86
GRDC_6444090,107,12,95,11.21
GRDC_6547500,143,12,131,8.39
USGS_07158000,106,12,94,11.32
USGS_07074420,216,12,204,5.56
Brazil_34790000,105,12,93,11.43
Brazil_34070000,154,12,142,7.79
Brazil_16480000,131,12,119,9.16
Brazil_16500000,147,12,135,8.16
Brazil_15820000,181,12,169,6.63
GRDC_4362600,246,12,234,4.88
GRDC_4244770,146,11,135,7.53
Canada_08NA002,103,11,92,10.68
USGS_02224500,153,11,142,7.19
USGS_02244440,103,11,92,10.68
GRDC_4244730,173,11,162,6.36
GRDC_3631100,161,11,150,6.83
Brazil_34940000,94,11,83,11.7
GRDC_4114615,251,11,240,4.38
GRDC_4102050,113,11,102,9.73
GRDC_4146281,128,11,117,8.59
GRDC_4122901,96,11,85,11.46
China_62310250,211,11,200,5.21
China_62401800,301,11,290,3.65
Brazil_45298000,167,11,156,6.59
USGS_07057370,121,11,110,9.09
Brazil_52680000,155,11,144,7.1
GRDC_3268100,197,11,186,5.58
Brazil_76310000,174,11,163,6.32
Brazil_74100000,153,11,142,7.19
Brazil_24850000,136,11,125,8.09
GRDC_4135200,177,11,166,6.21
GRDC_2969014,143,11,132,7.69
USGS_06646800,124,11,113,8.87
GRDC_2588322,217,11,206,5.07
GRDC_6444310,132,11,121,8.33
USGS_04024000,107,11,96,10.28
GRDC_1813460,111,11,100,9.91
Brazil_64771500,170,11,159,6.47
GRDC_2587101,122,11,111,9.02
GRDC_2469141,177,11,166,6.21
Brazil_66090000,178,11,167,6.18
Canada_07CD001,187,11,176,5.88
USGS_02366500,73,11,62,15.07
USGS_02419890,63,11,52,17.46
USGS_01554000,158,11,147,6.96
USGS_03016000,183,11,172,6.01
USGS_02080500,157,11,146,7.01
GRDC_4214531,113,11,102,9.73
GRDC_2588910,94,10,84,10.64
GRDC_4214025,188,10,178,5.32
Brazil_16368000,85,10,75,11.76
USGS_04265432,132,10,122,7.58
GRDC_2906880,181,10,171,5.52
GRDC_4122152,132,10,122,7.58
Brazil_22900000,163,10,153,6.13
Brazil_13750000,260,10,250,3.85
GRDC_2588705,97,10,87,10.31
GRDC_2969101,162,10,152,6.17
Brazil_10200000,105,10,95,9.52
USGS_04062500,131,10,121,7.63
GRDC_2469267,98,10,88,10.2
Canada_10PC004,99,10,89,10.1
Brazil_58096000,179,10,169,5.59
GRDC_2590301,100,10,90,10.0
GRDC_2589506,157,10,147,6.37
GRDC_5868100,69,10,59,14.49
Canada_08CF003,130,10,120,7.69
USGS_02479000,127,10,117,7.87
USGS_02479310,120,10,110,8.33
GRDC_4244655,138,10,128,7.25
Brazil_15559000,56,10,46,17.86
GRDC_4874750,126,10,116,7.94
USGS_07198000,160,10,150,6.25
GRDC_2587081,98,10,88,10.2
USGS_04116000,84,10,74,11.9
EWA_9116084,134,10,124,7.46
Brazil_66260001,134,10,124,7.46
Canada_07AD002,178,10,168,5.62
GRDC_4120120,124,10,114,8.06
Brazil_42930000,155,10,145,6.45
GRDC_3649619,128,10,118,7.81
Brazil_66650000,126,10,116,7.94
GRDC_4125901,260,10,250,3.85
USGS_08041000,147,10,137,6.8
Canada_09BC001,170,10,160,5.88
USGS_07193500,104,10,94,9.62
GRDC_1234150,124,10,114,8.06
GRDC_1134450,99,10,89,10.1
Canada_08NE049,180,10,170,5.56
USGS_02153200,91,10,81,10.99
GRDC_6335200,90,10,80,11.11
Brazil_34060000,115,10,105,8.7
Brazil_34770000,76,10,66,13.16
GRDC_6335050,243,10,233,4.12
USGS_03455000,125,10,115,8.0
Brazil_83870000,183,10,173,5.46
USGS_04040000,159,10,149,6.29
GRDC_6340130,112,10,102,8.93
GRDC_4147011,197,10,187,5.08
Brazil_88220000,114,10,104,8.77
USGS_03011020,106,10,96,9.43
Brazil_14526000,129,10,119,7.75
GRDC_6731402,146,10,136,6.85
GRDC_6742201,114,10,104,8.77
GRDC_2589360,100,10,90,10.0
USGS_02350512,129,10,119,7.75
Canada_05DC010,234,10,224,4.27
GRDC_6544100,234,9,225,3.85
GRDC_2588704,105,9,96,8.57
GRDC_4215320,166,9,157,5.42
Brazil_10800000,144,9,135,6.25
USGS_15291200,153,9,144,5.88
Brazil_15130000,67,9,58,13.43
Brazil_63280000,116,9,107,7.76
GRDC_6742600,68,9,59,13.24
Brazil_61410000,120,9,111,7.5
GRDC_6842800,85,9,76,10.59
GRDC_4202601,68,9,59,13.24
GRDC_5109200,121,9,112,7.44
USGS_02467000,63,9,54,14.29
Canada_04LD001,136,9,127,6.62
GRDC_4126801,99,9,90,9.09
GRDC_4127502,120,9,111,7.5
USGS_01358000,186,9,177,4.84
USGS_07119700,163,9,154,5.52
GRDC_4102700,213,9,204,4.23
GRDC_4123061,134,9,125,6.72
GRDC_6971451,122,9,113,7.38
GRDC_6233170,123,9,114,7.32
USGS_02026000,81,9,72,11.11
Chile_07115001,235,9,226,3.83
USGS_09163500,237,9,228,3.8
Brazil_83500002,105,9,96,8.57
Brazil_76560000,155,9,146,5.81
GRDC_4122903,132,9,123,6.82
Brazil_30300000,157,9,148,5.73
Canada_10GA001,140,9,131,6.43
Canada_10LA002,138,9,129,6.52
Brazil_12550000,118,9,109,7.63
Brazil_65960000,81,9,72,11.11
GRDC_3630210,172,9,163,5.23
GRDC_2909160,125,9,116,7.2
GRDC_2181500,177,9,168,5.08
GRDC_1634400,95,9,86,9.47
Brazil_14260000,98,9,89,9.18
GRDC_4120900,163,9,154,5.52
GRDC_3651309,131,9,122,6.87
GRDC_3629900,93,9,84,9.68
GRDC_2590400,73,9,64,12.33
GRDC_4208272,119,9,110,7.56
USGS_02474560,105,9,96,8.57
Canada_10NC001,145,9,136,6.21
Brazil_57555000,100,9,91,9.0
USGS_06788500,58,9,49,15.52
USGS_05369500,156,9,147,5.77
Canada_05BM004,118,9,109,7.63
GRDC_6542200,235,9,226,3.83
GRDC_4359220,137,9,128,6.57
Brazil_58630002,139,9,130,6.47
USGS_04237500,128,9,119,7.03
Canada_05AA024,129,9,120,6.98
Brazil_77585000,163,9,154,5.52
Chile_05410005,54,9,45,16.67
GRDC_4121801,172,8,164,4.65
Brazil_15790000,157,8,149,5.1
GRDC_2589240,63,8,55,12.7
GRDC_4213683,124,8,116,6.45
USGS_02349605,116,8,108,6.9
Brazil_15910000,63,8,55,12.7
Canada_05BH004,211,8,203,3.79
Brazil_64465000,98,8,90,8.16
EWA_9114242,191,8,183,4.19
Canada_04LF001,121,8,113,6.61
Chile_06008005,65,8,57,12.31
GRDC_4208630,277,8,269,2.89
GRDC_5868200,127,8,119,6.3
GRDC_5231700,101,8,93,7.92
USGS_05267000,218,8,210,3.67
Brazil_43670000,111,8,103,7.21
GRDC_4214801,305,8,297,2.62
Brazil_15556010,175,8,167,4.57
Canada_08CG001,91,8,83,8.79
USGS_02444160,205,8,197,3.9
Canada_07AC007,150,8,142,5.33
Chile_07123001,96,8,88,8.33
GRDC_4120902,188,8,180,4.26
GRDC_2469120,53,8,45,15.09
GRDC_2587102,117,8,109,6.84
Brazil_64689005,151,8,143,5.3
USGS_06066500,363,8,355,2.2
Brazil_66710000,207,8,199,3.86
Canada_07HF001,202,8,194,3.96
USGS_05455700,120,8,112,6.67
USGS_08040600,145,8,137,5.52
USGS_02151500,183,8,175,4.37
Canada_09AB001,129,8,121,6.2
GRDC_6242500,251,8,243,3.19
Brazil_18500000,111,8,103,7.21
Brazil_17280000,156,8,148,5.13
USGS_08066250,133,8,125,6.02
Brazil_87905000,91,8,83,8.79
GRDC_4125500,121,8,113,6.61
GRDC_4122603,144,8,136,5.56
USGS_07328500,30,8,22,26.67
Brazil_17120000,149,8,141,5.37
Brazil_10500000,157,8,149,5.1
Brazil_16460000,177,8,169,4.52
Brazil_32620000,56,8,48,14.29
GRDC_2588700,158,8,150,5.06
Brazil_54195000,65,8,57,12.31
GRDC_4208040,183,8,175,4.37
Australia_121001,38,8,30,21.05
Brazil_30400000,210,7,203,3.33
GRDC_4208871,128,7,121,5.47
GRDC_4209850,164,7,157,4.27
Australia_204007,70,7,63,10.0
USGS_06054500,181,7,174,3.87
GRDC_4208270,135,7,128,5.19
USGS_02198500,74,7,67,9.46
USGS_02312598,75,7,68,9.33
GRDC_4208305,109,7,102,6.42
Canada_08KB003,126,7,119,5.56
Canada_05CC002,156,7,149,4.49
USGS_01446500,175,7,168,4.0
Chile_10503001,73,7,66,9.59
GRDC_6335600,151,7,144,4.64
Brazil_30050000,94,7,87,7.45
Canada_01AF002,172,7,165,4.07
GRDC_5204302,56,7,49,12.5
Brazil_86470000,82,7,75,8.54
Brazil_25200000,168,7,161,4.17
USGS_02105769,77,7,70,9.09
Canada_09BA001,123,7,116,5.69
GRDC_6935300,158,7,151,4.43
Brazil_27110000,104,7,97,6.73
USGS_05488500,190,7,183,3.68
Brazil_26100000,176,7,169,3.98
USGS_08028500,155,7,148,4.52
USGS_08041780,137,7,130,5.11
Brazil_56539000,167,7,160,4.19
Brazil_65925000,124,7,117,5.65
GRDC_1134700,187,7,180,3.74
GRDC_1134300,111,7,104,6.31
Brazil_65310001,184,7,177,3.8
Brazil_74210000,235,7,228,2.98
Brazil_72980000,78,7,71,8.97
GRDC_2369905,104,7,97,6.73
Brazil_64693000,81,7,74,8.64
GRDC_2469058,145,7,138,4.83
Brazil_66231000,101,7,94,6.93
Canada_06JC002,93,7,86,7.53
Canada_07AG004,143,7,136,4.9
Canada_05DC001,246,7,239,2.85
GRDC_4120950,121,7,114,5.79
GRDC_3630150,186,7,179,3.76
USGS_13341050,157,7,150,4.46
USGS_13057155,193,7,186,3.63
USGS_15803000,187,7,180,3.74
Canada_08LE031,126,7,119,5.56
USGS_05360500,66,7,59,10.61
GRDC_2694100,106,7,99,6.6
GRDC_3625370,124,7,117,5.65
GRDC_3624300,147,7,140,4.76
USGS_06887000,142,7,135,4.93
GRDC_2587100,131,7,124,5.34
GRDC_4231601,128,7,121,5.47
GRDC_4236700,148,7,141,4.73
GRDC_6695250,142,7,135,4.93
GRDC_2589380,124,7,117,5.65
GRDC_4208870,206,7,199,3.4
USGS_01636500,158,7,151,4.43
USGS_01533400,157,7,150,4.46
GRDC_6442600,182,7,175,3.85
Brazil_16370000,120,7,113,5.83
USGS_15291000,171,7,164,4.09
Brazil_33680000,116,7,109,6.03
GRDC_4116181,184,7,177,3.8
USGS_03425000,82,7,75,8.54
GRDC_4123063,120,7,113,5.83
GRDC_4133750,98,7,91,7.14
GRDC_4126702,155,7,148,4.52
GRDC_4359320,143,6,137,4.2
Brazil_10910000,155,6,149,3.87
GRDC_2589750,94,6,88,6.38
GRDC_2589351,106,6,100,5.66
Brazil_61912000,139,6,133,4.32
USGS_11377100,341,6,335,1.76
Brazil_12540000,173,6,167,3.47
GRDC_4214560,193,6,187,3.11
Canada_08MF040,120,6,114,5.0
USGS_02411000,72,6,66,8.33
USGS_02197000,112,6,106,5.36
USGS_02224940,209,6,203,2.87
Canada_07JD002,186,6,180,3.23
Brazil_14680001,132,6,126,4.55
GRDC_1134630,123,6,117,4.88
Brazil_73770000,42,6,36,14.29
Brazil_65220001,116,6,110,5.17
USGS_08329928,70,6,64,8.57
GRDC_4152460,166,6,160,3.61
Brazil_26150000,149,6,143,4.03
GRDC_3844300,67,6,61,8.96
Brazil_41818000,76,6,70,7.89
GRDC_4122701,118,6,112,5.08
Canada_10HA004,159,6,153,3.77
Canada_10KB001,153,6,147,3.92
GRDC_4127501,119,6,113,5.04
USGS_03025500,230,6,224,2.61
GRDC_2469050,185,6,179,3.24
GRDC_2587103,51,6,45,11.76
USGS_05488110,147,6,141,4.08
GRDC_2911206,140,6,134,4.29
USGS_01017000,162,6,156,3.7
GRDC_4125550,191,6,185,3.14
GRDC_4125804,164,6,158,3.66
GRDC_4125900,96,6,90,6.25
GRDC_4119400,127,6,121,4.72
GRDC_4119441,91,6,85,6.59
GRDC_4102740,108,6,102,5.56
GRDC_2998110,170,6,164,3.53
GRDC_2677300,126,6,120,4.76
USGS_01540500,152,6,146,3.95
GRDC_1591002,177,6,171,3.39
GRDC_1591404,32,6,26,18.75
Brazil_81420000,116,6,110,5.17
Canada_05EF001,181,6,175,3.31
USGS_02359170,104,6,98,5.77
Brazil_58940000,113,6,107,5.31
Brazil_15930000,68,6,62,8.82
Brazil_17093000,129,6,123,4.65
GRDC_4214480,86,6,80,6.98
GRDC_2969090,91,6,85,6.59
GRDC_2588651,107,6,101,5.61
Brazil_15828000,150,5,145,3.33
Brazil_13848000,89,5,84,5.62
USGS_02091814,60,5,55,8.33
Brazil_12150000,162,5,157,3.09
GRDC_2589200,193,5,188,2.59
Brazil_64501000,89,5,84,5.62
Brazil_61135000,66,5,61,7.58
GRDC_5101130,74,5,69,6.76
GRDC_4214680,105,5,100,4.76
USGS_14197900,173,5,168,2.89
Brazil_43980002,95,5,90,5.26
USGS_06793000,202,5,197,2.48
EWA_9114045,165,5,160,3.03
USGS_01331095,175,5,170,2.86
Chile_10702002,136,5,131,3.68
USGS_01545500,100,5,95,5.0
USGS_01531500,98,5,93,5.1
USGS_01427207,57,5,52,8.77
USGS_01438500,116,5,111,4.31
Canada_10QD001,126,5,121,3.97
USGS_01638500,151,5,146,3.31
USGS_07151000,131,5,126,3.82
GRDC_4122900,82,5,77,6.1
Brazil_23100000,164,5,159,3.05
GRDC_3627650,132,5,127,3.79
GRDC_2591801,61,5,56,8.2
Brazil_64689000,114,5,109,4.39
GRDC_4102810,123,5,118,4.07
GRDC_6348500,185,5,180,2.7
GRDC_6357010,102,5,97,4.9
Brazil_66360000,78,5,73,6.41
Brazil_66250001,96,5,91,5.21
USGS_03470500,116,5,111,4.31
USGS_01357500,180,5,175,2.78
USGS_01059000,247,5,242,2.02
USGS_04191500,209,5,204,2.39
GRDC_2261500,80,5,75,6.25
USGS_05487500,104,5,99,4.81
USGS_05480500,188,5,183,2.66
USGS_07359001,84,5,79,5.95
GRDC_4126803,62,5,57,8.06
GRDC_4122350,199,5,194,2.51
Brazil_21600000,90,5,85,5.56
GRDC_6942100,64,5,59,7.81
Brazil_52695000,143,5,138,3.5
Brazil_38880000,112,5,107,4.46
Brazil_22500000,162,5,157,3.09
Brazil_85642000,116,5,111,4.31
Brazil_18640000,26,5,21,19.23
Brazil_18415000,92,5,87,5.43
GRDC_4149401,184,5,179,2.72
GRDC_4204100,50,5,45,10.0
GRDC_4152601,172,5,167,2.91
Brazil_14325000,139,5,134,3.6
GRDC_4119100,134,5,129,3.73
Brazil_65927000,125,5,120,4.0
GRDC_6972200,106,5,101,4.72
USGS_02131000,158,5,153,3.16
USGS_02320500,122,5,117,4.1
Canada_08DB001,181,5,176,2.76
GRDC_4208271,138,5,133,3.62
Brazil_61834000,74,5,69,6.76
USGS_12189500,194,5,189,2.58
GRDC_4215700,108,5,103,4.63
GRDC_4231630,50,5,45,10.0
USGS_05595000,109,5,104,4.59
GRDC_6444110,157,5,152,3.18
GRDC_2588481,56,5,51,8.93
USGS_15292700,158,5,153,3.16
Brazil_15150000,115,5,110,4.35
GRDC_4214080,135,5,130,3.7
USGS_02336000,149,5,144,3.36
GRDC_1813450,101,5,96,4.95
GRDC_1749100,140,5,135,3.57
Brazil_12240000,150,4,146,2.67
GRDC_4150700,204,4,200,1.96
GRDC_6113050,135,4,131,2.96
GRDC_4208456,60,4,56,6.67
Canada_07EE007,114,4,110,3.51
GRDC_4213562,147,4,143,2.72
Brazil_15795000,60,4,56,6.67
Brazil_15830000,112,4,108,3.57
Brazil_14440000,127,4,123,3.15
GRDC_4243300,215,4,211,1.86
GRDC_2589502,108,4,104,3.7
GRDC_2589550,73,4,69,5.48
GRDC_6744500,137,4,133,2.92
GRDC_6830511,115,4,111,3.48
Brazil_60970000,56,4,52,7.14
Brazil_61061080,35,4,31,11.43
USGS_01076500,157,4,153,2.55
USGS_03341500,238,4,234,1.68
GRDC_6854700,150,4,146,2.67
GRDC_6691650,67,4,63,5.97
GRDC_6233551,196,4,192,2.04
GRDC_3649459,122,4,118,3.28
Brazil_73600000,149,4,145,2.68
GRDC_1134220,44,4,40,9.09
GRDC_3631215,147,4,143,2.72
Canada_10AB001,92,4,88,4.35
Canada_08NH021,127,4,123,3.15
GRDC_4204050,114,4,110,3.51
GRDC_4152550,150,4,146,2.67
USGS_01553500,169,4,165,2.37
GRDC_4121300,135,4,131,2.96
EWA_9114560,118,4,114,3.39
USGS_07060500,123,4,119,3.25
Brazil_18870000,114,4,110,3.51
GRDC_2588701,147,4,143,2.72
GRDC_2588652,58,4,54,6.9
GRDC_2588301,157,4,153,2.55
GRDC_2588303,151,4,147,2.65
Brazil_22250000,152,4,148,2.63
Brazil_37730000,73,4,69,5.48
Canada_10RA002,112,4,108,3.57
GRDC_6444600,121,4,117,3.31
GRDC_2969013,116,4,112,3.45
GRDC_2969124,114,4,110,3.51
Brazil_54150000,86,4,82,4.65
Brazil_60510010,169,4,165,2.37
USGS_03533000,173,4,169,2.31
Brazil_31680000,140,4,136,2.86
USGS_01049265,94,4,90,4.26
GRDC_4123268,138,4,134,2.9
USGS_01513831,120,4,116,3.33
Canada_10UH001,127,4,123,3.15
GRDC_3618950,116,4,112,3.45
Brazil_56992400,153,4,149,2.61
GRDC_1813200,125,4,121,3.2
GRDC_6563200,100,4,96,4.0
GRDC_3627402,164,4,160,2.44
Brazil_81350000,152,4,148,2.63
USGS_03107500,135,4,131,2.96
USGS_03044000,79,4,75,5.06
Canada_03NF001,114,4,110,3.51
Canada_02GB001,99,4,95,4.04
GRDC_4148050,73,4,69,5.48
GRDC_4148541,180,4,176,2.22
GRDC_4122650,115,4,111,3.48
GRDC_4208360,151,4,147,2.65
GRDC_4207190,145,4,141,2.76
GRDC_4208041,128,4,124,3.12
USGS_02225000,71,4,67,5.63
Canada_08GA022,87,4,83,4.6
USGS_02197320,158,4,154,2.53
Brazil_11450000,129,4,125,3.1
USGS_02469761,102,4,98,3.92
USGS_02358700,155,4,151,2.58
Canada_07FD002,97,3,94,3.09
GRDC_4356600,109,3,106,2.75
GRDC_4358300,175,3,172,1.71
GRDC_4243800,64,3,61,4.69
USGS_02475000,194,3,191,1.55
USGS_02414715,143,3,140,2.1
USGS_02352500,125,3,122,2.4
GRDC_4208962,136,3,133,2.21
Brazil_13849000,96,3,93,3.12
Brazil_56850000,145,3,142,2.07
Brazil_60798000,120,3,117,2.5
Brazil_60030000,144,3,141,2.08
USGS_04066030,114,3,111,2.63
GRDC_3618600,117,3,114,2.56
USGS_06214500,108,3,105,2.78
Brazil_66450001,106,3,103,2.83
GRDC_1537100,99,3,96,3.03
USGS_04097500,143,3,140,2.1
GRDC_2469300,45,3,42,6.67
GRDC_2587080,53,3,50,5.66
USGS_05270700,211,3,208,1.42
USGS_04192500,129,3,126,2.33
Canada_01BO001,123,3,120,2.44
Canada_02GA003,117,3,114,2.56
USGS_01335754,103,3,100,2.91
USGS_04069416,91,3,88,3.3
Brazil_86440000,125,3,122,2.4
Brazil_25700000,163,3,160,1.84
GRDC_6545800,119,3,116,2.52
GRDC_6503201,177,3,174,1.69
USGS_05464500,85,3,82,3.53
Brazil_25800000,126,3,123,2.38
Brazil_22280000,119,3,116,2.52
EWA_9114227,86,3,83,3.49
China_61304300,152,3,149,1.97
USGS_01536500,143,3,140,2.1
USGS_08330000,97,3,94,3.09
Brazil_20090000,84,3,81,3.57
USGS_05527500,129,3,126,2.33
Chile_08312001,177,3,174,1.69
USGS_06926510,125,3,122,2.4
GRDC_3106300,163,3,160,1.84
GRDC_1159100,135,3,132,2.22
USGS_09093700,125,3,122,2.4
USGS_02156500,113,3,110,2.65
Brazil_81380000,137,3,134,2.19
USGS_03185400,180,3,177,1.67
GRDC_4123050,116,3,113,2.59
GRDC_3629390,162,3,159,1.85
USGS_03503000,63,3,60,4.76
GRDC_4123300,218,3,215,1.38
USGS_05446500,152,3,149,1.97
GRDC_2589320,41,3,38,7.32
GRDC_6742552,71,3,68,4.23
Canada_09CB001,183,3,180,1.64
Canada_09DB001,115,3,112,2.61
Brazil_86510000,141,3,138,2.13
USGS_01327750,138,3,135,2.17
USGS_01154500,194,3,191,1.55
USGS_03333000,132,3,129,2.27
USGS_03336000,124,3,121,2.42
USGS_03340500,176,3,173,1.7
GRDC_2590101,84,3,81,3.57
Brazil_61910000,174,3,171,1.72
Brazil_15200000,122,3,119,2.46
Brazil_14540000,163,3,160,1.84
Brazil_14450000,77,3,74,3.9
USGS_14174000,175,3,172,1.71
USGS_13081500,170,3,167,1.76
USGS_13340000,53,3,50,5.66
Brazil_13710001,176,3,173,1.7
USGS_13042500,129,3,126,2.33
GRDC_4876800,7,3,4,42.86
Brazil_16200000,137,3,134,2.19
USGS_05427085,62,3,59,4.84
GRDC_6140300,96,3,93,3.12
Canada_07FB001,118,3,115,2.54
GRDC_4208275,100,3,97,3.0
USGS_15292000,74,3,71,4.05
USGS_11507500,85,3,82,3.53
Brazil_14230000,166,3,163,1.81
USGS_02414500,98,3,95,3.06
USGS_02353000,95,3,92,3.16
USGS_02341500,123,3,120,2.44
GRDC_4208365,196,3,193,1.53
USGS_02323592,81,3,78,3.7
Canada_07QD007,104,3,101,2.88
USGS_07288955,161,3,158,1.86
Brazil_57580000,127,3,124,2.36
GRDC_4214690,120,2,118,1.67
Canada_07FD003,115,2,113,1.74
USGS_02246025,94,2,92,2.13
USGS_02213000,153,2,151,1.31
Canada_08MH024,90,2,88,2.22
Brazil_16800000,76,2,74,2.63
Brazil_17130000,113,2,111,1.77
USGS_14321000,205,2,203,0.98
GRDC_6116200,46,2,44,4.35
GRDC_4214900,75,2,73,2.67
GRDC_4214940,154,2,152,1.3
GRDC_4215210,86,2,84,2.33
Australia_116006,53,2,51,3.77
GRDC_2588320,118,2,116,1.69
GRDC_4243270,223,2,221,0.9
USGS_14191000,140,2,138,1.43
USGS_13342500,81,2,79,2.47
Brazil_15325000,63,2,61,3.17
Brazil_64391000,112,2,110,1.79
Brazil_58318002,126,2,124,1.59
Brazil_58960000,88,2,86,2.27
Brazil_14488000,79,2,77,2.53
GRDC_3206800,123,2,121,1.63
USGS_03342000,158,2,156,1.27
USGS_03316500,101,2,99,1.98
USGS_01315000,481,2,479,0.42
GRDC_6730501,119,2,117,1.68
GRDC_2589101,65,2,63,3.08
Brazil_64675002,81,2,79,2.47
USGS_01170500,132,2,130,1.52
GRDC_4119261,114,2,112,1.75
GRDC_4119401,107,2,105,1.87
GRDC_4203820,73,2,71,2.74
Canada_09DD003,129,2,127,1.55
GRDC_4208540,110,2,108,1.82
GRDC_4150500,130,2,128,1.54
USGS_08319000,131,2,129,1.53
USGS_02096960,94,2,92,2.13
GRDC_1112300,100,2,98,2.0
GRDC_4119460,171,2,169,1.17
Brazil_65955000,92,2,90,2.17
Brazil_65992500,124,2,122,1.61
GRDC_2469072,143,2,141,1.4
Brazil_18650000,144,2,142,1.39
Brazil_20050000,217,2,215,0.92
Brazil_18436000,52,2,50,3.85
Brazil_66885000,17,2,15,11.76
USGS_03451500,192,2,190,1.04
Brazil_44200000,103,2,101,1.94
GRDC_3667300,13,2,11,15.38
USGS_01021500,65,2,63,3.08
GRDC_6985400,125,2,123,1.6
Brazil_64655000,103,2,101,1.94
USGS_05482000,80,2,78,2.5
GRDC_2588200,132,2,130,1.52
GRDC_2587083,34,2,32,5.88
GRDC_6972430,89,2,87,2.25
GRDC_6340501,86,2,84,2.33
GRDC_6336050,14,2,12,14.29
GRDC_6340110,99,2,97,2.02
GRDC_4102800,155,2,153,1.29
Brazil_66255000,65,2,63,3.08
GRDC_1309720,54,2,52,3.7
Brazil_55740000,149,2,147,1.34
GRDC_2999200,57,2,55,3.51
Chile_07103001,120,2,118,1.67
Brazil_58300001,168,2,166,1.19
Brazil_58305001,29,2,27,6.9
GRDC_2469140,173,2,171,1.16
Chile_07354002,26,2,24,7.69
USGS_01646502,190,2,188,1.05
USGS_01551500,128,2,126,1.56
Chile_08380002,68,2,66,2.94
Brazil_21890000,35,2,33,5.71
USGS_03015310,18,2,16,11.11
USGS_02466030,62,2,60,3.23
GRDC_4145081,191,2,189,1.05
GRDC_4147461,132,2,130,1.52
USGS_03227500,132,2,130,1.52
USGS_04084500,73,2,71,2.74
USGS_04062000,122,2,120,1.64
GRDC_2907400,65,2,63,3.08
GRDC_4122700,103,2,101,1.94
GRDC_4145080,81,2,79,2.47
USGS_07331000,43,2,41,4.65
USGS_07340000,106,2,104,1.89
EWA_9931006,102,2,100,1.96
GRDC_2181951,92,2,90,2.17
USGS_04114000,120,2,118,1.67
GRDC_3625340,112,2,110,1.79
USGS_06452000,90,2,88,2.22
GRDC_4208730,67,2,65,2.99
Brazil_13870000,176,2,174,1.14
USGS_02346180,204,2,202,0.98
USGS_02336490,195,2,193,1.03
USGS_02210500,166,2,164,1.2
USGS_02223500,98,2,96,2.04
USGS_02226000,127,2,125,1.57
USGS_02323000,124,2,122,1.61
GRDC_4208220,94,2,92,2.13
GRDC_4214300,152,2,150,1.32
GRDC_4214450,78,2,76,2.56
GRDC_4214760,66,1,65,1.52
USGS_05404000,113,1,112,0.88
GRDC_2588480,150,1,149,0.67
Brazil_58204000,133,1,132,0.75
Brazil_15326000,194,1,193,0.52
GRDC_4243580,76,1,75,1.32
Brazil_15320002,109,1,108,0.92
Brazil_14250000,69,1,68,1.45
GRDC_5869401,200,1,199,0.5
GRDC_4127800,72,1,71,1.39
USGS_08026000,137,1,136,0.73
Brazil_83300200,122,1,121,0.82
GRDC_4123062,156,1,155,0.64
GRDC_4123230,119,1,118,0.84
GRDC_6546802,181,1,180,0.55
USGS_04062011,95,1,94,1.05
USGS_04065722,73,1,72,1.37
Canada_10ED001,142,1,141,0.7
Canada_10HB005,166,1,165,0.6
GRDC_4147725,15,1,14,6.67
EWA_9115148,94,1,93,1.06
USGS_01618000,105,1,104,0.95
Brazil_34690000,32,1,31,3.12
USGS_03072500,151,1,150,0.66
USGS_03075070,98,1,97,1.02
Chile_05423003,95,1,94,1.05
Canada_10QA001,65,1,64,1.54
Brazil_54010005,137,1,136,0.73
GRDC_4119201,68,1,67,1.47
Chile_08317005,100,1,99,1.0
Chile_08319001,122,1,121,0.82
USGS_07157950,115,1,114,0.87
USGS_07099400,109,1,108,0.92
USGS_07099970,49,1,48,2.04
GRDC_2260100,148,1,147,0.68
Brazil_64767000,141,1,140,0.71
Brazil_64660500,123,1,122,0.81
GRDC_2548400,109,1,108,0.92
Brazil_75900000,81,1,80,1.23
Brazil_52570000,34,1,33,2.94
GRDC_6604201,82,1,81,1.22
USGS_06065500,122,1,121,0.82
GRDC_6605300,119,1,118,0.84
Brazil_21650000,83,1,82,1.2
GRDC_4119650,11,1,10,9.09
GRDC_3627610,98,1,97,1.02
GRDC_3629210,52,1,51,1.92
GRDC_1160880,122,1,121,0.82
Brazil_17210000,21,1,20,4.76
GRDC_4203520,92,1,91,1.09
GRDC_4152101,119,1,118,0.84
GRDC_4150451,181,1,180,0.55
USGS_02129000,105,1,104,0.95
USGS_02035000,95,1,94,1.05
Chile_07322001,63,1,62,1.59
Brazil_24700000,98,1,97,1.02
Canada_08MF005,99,1,98,1.01
GRDC_4208550,64,1,63,1.56
USGS_03495500,108,1,107,0.93
GRDC_4115206,164,1,163,0.61
GRDC_4115346,137,1,136,0.73
GRDC_4103750,185,1,184,0.54
GRDC_4123301,123,1,122,0.81
GRDC_6665100,21,1,20,4.76
GRDC_2588920,89,1,88,1.12
GRDC_2589100,99,1,98,1.01
GRDC_2589201,126,1,125,0.79
USGS_05427570,51,1,50,1.96
GRDC_6348400,115,1,114,0.87
USGS_03320000,146,1,145,0.68
USGS_01347000,72,1,71,1.39
Brazil_61855000,106,1,105,0.94
Brazil_61425000,76,1,75,1.32
Australia_818035,51,1,50,1.96
USGS_02153551,103,1,102,0.97
Brazil_16430000,61,1,60,1.64
Brazil_14850000,117,1,116,0.85
GRDC_4214106,82,1,81,1.22
USGS_02169000,186,1,185,0.54
USGS_02312762,61,1,60,1.64
Canada_08KA004,119,1,118,0.84
Canada_08AB001,60,1,59,1.67
Brazil_14110000,78,1,77,1.28
USGS_02338000,126,1,125,0.79
USGS_02223248,40,1,39,2.5
USGS_03604400,107,1,106,0.93
GRDC_1834110,178,1,177,0.56
GRDC_2906201,128,1,127,0.78
GRDC_3627030,174,1,173,0.57
Australia_108002,18,0,18,0.0
Australia_809316,85,0,85,0.0
Australia_821010,59,0,59,0.0
Brazil_10300000,140,0,140,0.0
Brazil_12500000,128,0,128,0.0
Brazil_12600001,91,0,91,0.0
Brazil_12880000,121,0,121,0.0
Brazil_13170000,31,0,31,0.0
USGS_13050500,2,0,2,0.0
Brazil_14750000,161,0,161,0.0
Brazil_15120001,55,0,55,0.0
Brazil_15242000,5,0,5,0.0
USGS_09512406,36,0,36,0.0
USGS_11342000,117,0,117,0.0
USGS_11390500,134,0,134,0.0
USGS_11446500,71,0,71,0.0
USGS_11477000,68,0,68,0.0
Brazil_15670000,86,0,86,0.0
Brazil_16080000,94,0,94,0.0
Brazil_16100000,156,0,156,0.0
Brazil_17090000,103,0,103,0.0
Brazil_17123000,154,0,154,0.0
Brazil_13886000,189,0,189,0.0
Brazil_14350000,70,0,70,0.0
Brazil_14710000,87,0,87,0.0
USGS_09365000,65,0,65,0.0
USGS_09368000,97,0,97,0.0
USGS_09498500,24,0,24,0.0
USGS_09502000,57,0,57,0.0
USGS_09510000,301,0,301,0.0
USGS_09511300,272,0,272,0.0
USGS_09512165,73,0,73,0.0
Brazil_15400000,158,0,158,0.0
USGS_09106150,36,0,36,0.0
USGS_09128000,121,0,121,0.0
USGS_09205000,60,0,60,0.0
USGS_09209400,101,0,101,0.0
USGS_09211200,169,0,169,0.0
USGS_09217000,151,0,151,0.0
USGS_09234500,6,0,6,0.0
USGS_09346400,90,0,90,0.0
GRDC_4214262,159,0,159,0.0
GRDC_4214515,212,0,212,0.0
GRDC_4214520,108,0,108,0.0
GRDC_4208005,127,0,127,0.0
GRDC_4208225,139,0,139,0.0
GRDC_4208251,121,0,121,0.0
GRDC_4208252,7,0,7,0.0
GRDC_4208256,132,0,132,0.0
GRDC_4213300,27,0,27,0.0
GRDC_4213550,83,0,83,0.0
GRDC_4213710,137,0,137,0.0
GRDC_4213801,145,0,145,0.0
GRDC_4213802,30,0,30,0.0
GRDC_4213803,239,0,239,0.0
GRDC_4214040,135,0,135,0.0
GRDC_4214100,154,0,154,0.0
GRDC_4356080,60,0,60,0.0
GRDC_4356800,39,0,39,0.0
GRDC_4358800,114,0,114,0.0
GRDC_4873250,88,0,88,0.0
GRDC_4997050,33,0,33,0.0
GRDC_4209010,88,0,88,0.0
GRDC_4213031,24,0,24,0.0
GRDC_4213250,91,0,91,0.0
GRDC_4244450,110,0,110,0.0
GRDC_4244460,43,0,43,0.0
GRDC_4244610,50,0,50,0.0
GRDC_4355340,94,0,94,0.0
GRDC_4355450,71,0,71,0.0
GRDC_4355500,125,0,125,0.0
GRDC_4355950,37,0,37,0.0
GRDC_4356050,42,0,42,0.0
GRDC_4203051,12,0,12,0.0
GRDC_4203210,103,0,103,0.0
GRDC_4203503,68,0,68,0.0
GRDC_4204500,114,0,114,0.0
GRDC_4206920,251,0,251,0.0
GRDC_6142680,15,0,15,0.0
GRDC_6229500,207,0,207,0.0
GRDC_6233401,189,0,189,0.0
GRDC_4149441,75,0,75,0.0
GRDC_4150450,118,0,118,0.0
GRDC_4151801,32,0,32,0.0
GRDC_4151804,133,0,133,0.0
GRDC_4152050,29,0,29,0.0
GRDC_4152103,683,0,683,0.0
GRDC_4152450,131,0,131,0.0
GRDC_4152600,25,0,25,0.0
GRDC_5608024,109,0,109,0.0
GRDC_5709100,95,0,95,0.0
GRDC_5868050,115,0,115,0.0
GRDC_6111100,118,0,118,0.0
GRDC_6139370,73,0,73,0.0
GRDC_6142110,64,0,64,0.0
GRDC_6142150,70,0,70,0.0
GRDC_4149411,46,0,46,0.0
GRDC_4208260,108,0,108,0.0
GRDC_4208400,263,0,263,0.0
GRDC_4208515,107,0,107,0.0
GRDC_4208516,70,0,70,0.0
GRDC_5202070,54,0,54,0.0
GRDC_5204104,76,0,76,0.0
GRDC_5204402,28,0,28,0.0
GRDC_5607450,60,0,60,0.0
GRDC_4122902,181,0,181,0.0
GRDC_4123130,10,0,10,0.0
GRDC_4103710,17,0,17,0.0
GRDC_4103820,92,0,92,0.0
GRDC_4115200,114,0,114,0.0
GRDC_4115203,121,0,121,0.0
GRDC_4115204,115,0,115,0.0
GRDC_4115205,160,0,160,0.0
GRDC_4147380,148,0,148,0.0
GRDC_4147460,188,0,188,0.0
GRDC_4147600,108,0,108,0.0
GRDC_4147703,114,0,114,0.0
GRDC_4147720,100,0,100,0.0
GRDC_4148530,187,0,187,0.0
GRDC_4121301,59,0,59,0.0
GRDC_4121802,158,0,158,0.0
GRDC_6335302,197,0,197,0.0
GRDC_6335303,132,0,132,0.0
GRDC_6335400,85,0,85,0.0
GRDC_6335500,25,0,25,0.0
GRDC_4126806,161,0,161,0.0
GRDC_4127503,108,0,108,0.0
GRDC_4134400,126,0,126,0.0
GRDC_4136300,129,0,129,0.0
GRDC_6233690,93,0,93,0.0
GRDC_6233710,121,0,121,0.0
GRDC_6242250,7,0,7,0.0
GRDC_6243030,104,0,104,0.0
GRDC_6243850,109,0,109,0.0
GRDC_6335100,93,0,93,0.0
GRDC_6335240,45,0,45,0.0
GRDC_6335301,11,0,11,0.0
GRDC_2591200,103,0,103,0.0
GRDC_2591230,164,0,164,0.0
GRDC_2591800,103,0,103,0.0
GRDC_2903428,216,0,216,0.0
GRDC_2906300,109,0,109,0.0
GRDC_2908102,90,0,90,0.0
GRDC_2909156,118,0,118,0.0
GRDC_2910606,113,0,113,0.0
GRDC_6343500,144,0,144,0.0
GRDC_6343900,105,0,105,0.0
GRDC_6401800,62,0,62,0.0
GRDC_2969430,102,0,102,0.0
GRDC_3275200,6,0,6,0.0
GRDC_3275280,135,0,135,0.0
GRDC_3469400,53,0,53,0.0
GRDC_3629000,191,0,191,0.0
GRDC_6336800,135,0,135,0.0
GRDC_6340611,152,0,152,0.0
GRDC_6342510,7,0,7,0.0
GRDC_6342600,70,0,70,0.0
GRDC_6342900,58,0,58,0.0
GRDC_6342910,73,0,73,0.0
GRDC_6342925,203,0,203,0.0
GRDC_6343100,125,0,125,0.0
GRDC_4116182,192,0,192,0.0
GRDC_4119080,79,0,79,0.0
GRDC_4119317,62,0,62,0.0
GRDC_3630120,87,0,87,0.0
GRDC_3650470,73,0,73,0.0
GRDC_3651805,136,0,136,0.0
GRDC_4101400,71,0,71,0.0
GRDC_4102400,11,0,11,0.0
GRDC_2589753,130,0,130,0.0
GRDC_2590100,31,0,31,0.0
GRDC_2590220,66,0,66,0.0
GRDC_2590300,92,0,92,0.0
GRDC_2590401,81,0,81,0.0
GRDC_2591100,16,0,16,0.0
GRDC_2588550,66,0,66,0.0
GRDC_2588630,101,0,101,0.0
GRDC_6605450,69,0,69,0.0
GRDC_6605600,16,0,16,0.0
GRDC_6607651,13,0,13,0.0
GRDC_6607701,25,0,25,0.0
GRDC_2589390,23,0,23,0.0
GRDC_2589400,61,0,61,0.0
GRDC_2589703,60,0,60,0.0
GRDC_2589752,104,0,104,0.0
GRDC_6503151,57,0,57,0.0
GRDC_6503290,57,0,57,0.0
GRDC_6503851,56,0,56,0.0
GRDC_6603120,136,0,136,0.0
GRDC_6603300,92,0,92,0.0
GRDC_6604610,118,0,118,0.0
GRDC_6605100,10,0,10,0.0
GRDC_6605360,73,0,73,0.0
GRDC_2911097,155,0,155,0.0
GRDC_2911300,25,0,25,0.0
GRDC_2964122,159,0,159,0.0
GRDC_2969010,151,0,151,0.0
GRDC_2969095,182,0,182,0.0
GRDC_2969096,88,0,88,0.0
GRDC_6421102,25,0,25,0.0
GRDC_6444200,2,0,2,0.0
GRDC_1591403,132,0,132,0.0
GRDC_1634500,150,0,150,0.0
GRDC_1737100,167,0,167,0.0
GRDC_2180712,103,0,103,0.0
GRDC_2182250,172,0,172,0.0
EWA_9211007,158,0,158,0.0
EWA_9931003,54,0,54,0.0
EWA_9931013,26,0,26,0.0
GRDC_2587082,98,0,98,0.0
GRDC_2587104,46,0,46,0.0
GRDC_2587105,79,0,79,0.0
GRDC_2587220,116,0,116,0.0
GRDC_2588204,69,0,69,0.0
GRDC_1428400,155,0,155,0.0
GRDC_1531050,99,0,99,0.0
GRDC_1591402,54,0,54,0.0
GRDC_6742500,100,0,100,0.0
GRDC_6842200,104,0,104,0.0
GRDC_6935020,130,0,130,0.0
GRDC_6935053,78,0,78,0.0
GRDC_6935055,109,0,109,0.0
GRDC_2469055,70,0,70,0.0
GRDC_2469111,71,0,71,0.0
GRDC_2469112,67,0,67,0.0
GRDC_2588653,18,0,18,0.0
GRDC_2588654,109,0,109,0.0
GRDC_6608210,93,0,93,0.0
GRDC_6688650,89,0,89,0.0
GRDC_6688900,42,0,42,0.0
GRDC_6731260,78,0,78,0.0
GRDC_6731570,71,0,71,0.0
GRDC_6742452,151,0,151,0.0
USGS_01081500,155,0,155,0.0
USGS_01092000,174,0,174,0.0
USGS_01183500,38,0,38,0.0
USGS_01199000,219,0,219,0.0
USGS_01200500,230,0,230,0.0
USGS_01205500,147,0,147,0.0
USGS_01321000,174,0,174,0.0
USGS_01325000,121,0,121,0.0
GRDC_6984500,143,0,143,0.0
GRDC_6990700,51,0,51,0.0
USGS_01033000,68,0,68,0.0
USGS_01049000,147,0,147,0.0
USGS_01053600,8,0,8,0.0
USGS_01054000,75,0,75,0.0
USGS_01054500,152,0,152,0.0
USGS_01065000,21,0,21,0.0
GRDC_6935145,74,0,74,0.0
GRDC_6935301,67,0,67,0.0
GRDC_6935302,95,0,95,0.0
GRDC_6935310,82,0,82,0.0
GRDC_6935500,250,0,250,0.0
GRDC_6948100,158,0,158,0.0
GRDC_6976450,11,0,11,0.0
GRDC_6978251,95,0,95,0.0
EWA_9931020,28,0,28,0.0
EWA_9942009,129,0,129,0.0
GRDC_1134040,19,0,19,0.0
GRDC_1134460,120,0,120,0.0
GRDC_1159300,73,0,73,0.0
GRDC_1234090,127,0,127,0.0
GRDC_1234201,96,0,96,0.0
GRDC_1309675,54,0,54,0.0
Chile_08112001,54,0,54,0.0
Chile_08132001,83,0,83,0.0
Chile_08312000,118,0,118,0.0
Chile_08317004,171,0,171,0.0
Chile_08383001,90,0,90,0.0
Chile_09129002,158,0,158,0.0
Chile_09414001,1,0,1,0.0
Chile_10122003,124,0,124,0.0
EWA_9114378,182,0,182,0.0
EWA_9114584,82,0,82,0.0
EWA_9115360,156,0,156,0.0
EWA_9116051,35,0,35,0.0
EWA_9116064,30,0,30,0.0
Chile_07354001,50,0,50,0.0
Chile_07379002,56,0,56,0.0
Chile_08106002,35,0,35,0.0
EWA_9110302,93,0,93,0.0
EWA_9114013,33,0,33,0.0
EWA_9114020,11,0,11,0.0
EWA_9114021,117,0,117,0.0
EWA_9114035,52,0,52,0.0
EWA_9114186,226,0,226,0.0
EWA_9114217,107,0,107,0.0
EWA_9114248,194,0,194,0.0
USGS_01417000,28,0,28,0.0
USGS_01417500,7,0,7,0.0
USGS_01421000,52,0,52,0.0
Chile_11500002,149,0,149,0.0
Chile_11536004,116,0,116,0.0
EWA_9105003,152,0,152,0.0
EWA_9110278,154,0,154,0.0
EWA_9110288,84,0,84,0.0
Chile_05716001,54,0,54,0.0
Chile_06018001,44,0,44,0.0
Chile_07104002,76,0,76,0.0
Chile_07112001,144,0,144,0.0
USGS_02019500,22,0,22,0.0
USGS_02024752,122,0,122,0.0
USGS_02025500,63,0,63,0.0
USGS_02029000,110,0,110,0.0
Canada_10OB001,156,0,156,0.0
Canada_10TA001,62,0,62,0.0
Canada_10UG001,74,0,74,0.0
Canada_10UH004,67,0,67,0.0
Chile_04320001,1,0,1,0.0
Chile_04323001,33,0,33,0.0
Chile_04557002,21,0,21,0.0
Chile_05410002,96,0,96,0.0
USGS_01454700,155,0,155,0.0
USGS_01474500,73,0,73,0.0
USGS_01515000,58,0,58,0.0
USGS_01559000,107,0,107,0.0
USGS_01562000,23,0,23,0.0
USGS_01563200,112,0,112,0.0
USGS_01563500,144,0,144,0.0
USGS_01668000,43,0,43,0.0
Chile_10134001,100,0,100,0.0
Chile_10328001,57,0,57,0.0
Chile_10514001,101,0,101,0.0
USGS_01425000,64,0,64,0.0
USGS_01426500,61,0,61,0.0
USGS_01428500,175,0,175,0.0
USGS_01451000,256,0,256,0.0
USGS_01453000,43,0,43,0.0
Canada_09BC004,119,0,119,0.0
Canada_09DD004,135,0,135,0.0
Canada_09FC001,89,0,89,0.0
Canada_10EB001,130,0,130,0.0
Canada_10GB006,151,0,151,0.0
USGS_02163500,97,0,97,0.0
USGS_02167000,83,0,83,0.0
USGS_02175000,10,0,10,0.0
Canada_08MG005,101,0,101,0.0
Canada_08NA006,63,0,63,0.0
Canada_08NE126,168,0,168,0.0
Canada_08NG065,119,0,119,0.0
Canada_08NH126,176,0,176,0.0
Canada_08NJ158,119,0,119,0.0
Canada_09AC001,118,0,118,0.0
Canada_09AE003,25,0,25,0.0
USGS_02102500,4,0,4,0.0
USGS_02105500,150,0,150,0.0
USGS_02116500,51,0,51,0.0
USGS_02130561,83,0,83,0.0
USGS_02146000,129,0,129,0.0
USGS_02147000,161,0,161,0.0
USGS_02161000,69,0,69,0.0
USGS_02163001,109,0,109,0.0
USGS_02041650,76,0,76,0.0
USGS_02075000,119,0,119,0.0
USGS_02075045,77,0,77,0.0
USGS_02075500,66,0,66,0.0
USGS_02083500,54,0,54,0.0
USGS_02084000,51,0,51,0.0
USGS_02089500,145,0,145,0.0
USGS_02098198,104,0,104,0.0
USGS_02330150,77,0,77,0.0
USGS_02334430,70,0,70,0.0
USGS_02335000,64,0,64,0.0
USGS_02335450,115,0,115,0.0
USGS_02335815,245,0,245,0.0
USGS_02337170,155,0,155,0.0
USGS_02338500,129,0,129,0.0
USGS_02339500,134,0,134,0.0
Canada_08JC001,121,0,121,0.0
Canada_08JC002,103,0,103,0.0
Canada_08LA001,193,0,193,0.0
Canada_08LC002,35,0,35,0.0
Canada_08LF051,68,0,68,0.0
Canada_08MB005,166,0,166,0.0
USGS_02323500,129,0,129,0.0
USGS_02330000,94,0,94,0.0
USGS_02320000,34,0,34,0.0
Canada_07DD001,129,0,129,0.0
Canada_07FA006,143,0,143,0.0
Canada_07FB006,117,0,117,0.0
Canada_07GE001,106,0,106,0.0
Canada_07OB003,146,0,146,0.0
Canada_07OC001,129,0,129,0.0
Canada_08JA017,114,0,114,0.0
USGS_02181580,43,0,43,0.0
USGS_02192000,43,0,43,0.0
USGS_02197500,115,0,115,0.0
USGS_02215000,42,0,42,0.0
USGS_02218300,63,0,63,0.0
USGS_02228000,104,0,104,0.0
USGS_02313230,80,0,80,0.0
USGS_02319800,74,0,74,0.0
Canada_07AG007,78,0,78,0.0
Canada_07CD005,112,0,112,0.0
USGS_02365500,36,0,36,0.0
USGS_02372422,90,0,90,0.0
USGS_02404400,161,0,161,0.0
USGS_02407000,76,0,76,0.0
USGS_02408540,22,0,22,0.0
USGS_02418500,169,0,169,0.0
Canada_05PB009,133,0,133,0.0
Canada_05PC018,82,0,82,0.0
Canada_05PC019,213,0,213,0.0
Canada_05PF063,53,0,53,0.0
Canada_05TE002,108,0,108,0.0
Canada_06CC001,97,0,97,0.0
Canada_06FC001,219,0,219,0.0
Canada_06GD001,112,0,112,0.0
Canada_05BH005,248,0,248,0.0
Canada_05BM002,111,0,111,0.0
Canada_05BN012,119,0,119,0.0
Canada_05DD005,135,0,135,0.0
Canada_05DE010,127,0,127,0.0
Canada_05KG007,200,0,200,0.0
Canada_05OC008,132,0,132,0.0
Canada_05OJ005,54,0,54,0.0
USGS_02344872,86,0,86,0.0
USGS_02347500,65,0,65,0.0
USGS_02355662,140,0,140,0.0
USGS_02356000,11,0,11,0.0
USGS_02359051,77,0,77,0.0
USGS_02365200,6,0,6,0.0
Canada_05BB001,241,0,241,0.0
Canada_05BE004,49,0,49,0.0
Canada_05AG006,73,0,73,0.0
Canada_05BA001,57,0,57,0.0
USGS_03031500,117,0,117,0.0
USGS_03036500,121,0,121,0.0
USGS_03048500,56,0,56,0.0
USGS_03049500,82,0,82,0.0
USGS_03054500,93,0,93,0.0
USGS_03056000,115,0,115,0.0
Canada_02GD015,108,0,108,0.0
Canada_03OC003,160,0,160,0.0
Canada_03QC002,121,0,121,0.0
Canada_03QC003,48,0,48,0.0
Canada_04AD002,11,0,11,0.0
Canada_04LA002,55,0,55,0.0
Canada_05AD007,55,0,55,0.0
Canada_05AE043,113,0,113,0.0
Canada_01AG003,166,0,166,0.0
Canada_01AH002,19,0,19,0.0
Canada_01AN002,48,0,48,0.0
Canada_01AR004,99,0,99,0.0
Canada_01BP001,56,0,56,0.0
Canada_02BC004,178,0,178,0.0
Canada_02GA016,249,0,249,0.0
Canada_02GD003,112,0,112,0.0
USGS_02447025,120,0,120,0.0
USGS_02462500,124,0,124,0.0
USGS_02462951,111,0,111,0.0
USGS_02465000,49,0,49,0.0
USGS_02486000,97,0,97,0.0
USGS_03012550,67,0,67,0.0
Canada_01AD002,10,0,10,0.0
Canada_01AD003,182,0,182,0.0
Brazil_86298000,113,0,113,0.0
Brazil_86410000,115,0,115,0.0
Brazil_86447000,76,0,76,0.0
Brazil_86460000,80,0,80,0.0
Brazil_87590000,30,0,30,0.0
Brazil_87670000,97,0,97,0.0
USGS_03271500,105,0,105,0.0
USGS_03322900,115,0,115,0.0
USGS_03219500,39,0,39,0.0
USGS_03221000,33,0,33,0.0
USGS_03263000,113,0,113,0.0
Brazil_77500000,143,0,143,0.0
Brazil_81530000,29,0,29,0.0
Brazil_81545000,121,0,121,0.0
Brazil_81679000,67,0,67,0.0
Brazil_83800002,58,0,58,0.0
USGS_03147500,60,0,60,0.0
USGS_03150000,188,0,188,0.0
USGS_03165500,136,0,136,0.0
USGS_03168000,192,0,192,0.0
USGS_03176500,126,0,126,0.0
USGS_03184500,183,0,183,0.0
USGS_03192000,131,0,131,0.0
USGS_03198000,109,0,109,0.0
USGS_03057000,97,0,97,0.0
USGS_03072655,164,0,164,0.0
USGS_03082500,56,0,56,0.0
USGS_03083500,91,0,91,0.0
USGS_03085000,6,0,6,0.0
USGS_03140500,80,0,80,0.0
USGS_03144500,126,0,126,0.0
USGS_03146500,78,0,78,0.0
Brazil_64799500,114,0,114,0.0
Brazil_65775901,29,0,29,0.0
Brazil_65815050,101,0,101,0.0
Brazil_65825000,69,0,69,0.0
Brazil_65855000,85,0,85,0.0
Brazil_65895002,53,0,53,0.0
Brazil_66162000,28,0,28,0.0
USGS_03518300,209,0,209,0.0
Brazil_72430000,70,0,70,0.0
Brazil_72715000,35,0,35,0.0
Brazil_72810000,50,0,50,0.0
Brazil_72849000,67,0,67,0.0
Brazil_73010000,88,0,88,0.0
Brazil_73550000,115,0,115,0.0
Brazil_73600600,125,0,125,0.0
Brazil_75320000,97,0,97,0.0
USGS_03422500,8,0,8,0.0
USGS_034315005,128,0,128,0.0
USGS_03435000,120,0,120,0.0
USGS_03510577,86,0,86,0.0
USGS_03513000,39,0,39,0.0
Brazil_66800000,167,0,167,0.0
Brazil_66845000,180,0,180,0.0
Brazil_72300000,120,0,120,0.0
USGS_03322985,88,0,88,0.0
USGS_03323500,62,0,62,0.0
USGS_03324300,60,0,60,0.0
USGS_03324500,33,0,33,0.0
USGS_03326500,22,0,22,0.0
USGS_03335500,37,0,37,0.0
USGS_03343000,81,0,81,0.0
USGS_03351000,70,0,70,0.0
Brazil_64625000,76,0,76,0.0
Brazil_64795000,146,0,146,0.0
USGS_04136500,203,0,203,0.0
USGS_04136900,217,0,217,0.0
USGS_04137005,163,0,163,0.0
USGS_04195820,39,0,39,0.0
USGS_04266500,76,0,76,0.0
USGS_04267500,97,0,97,0.0
Brazil_63003100,155,0,155,0.0
Brazil_63900001,130,0,130,0.0
Brazil_63979000,143,0,143,0.0
Brazil_64447000,97,0,97,0.0
Brazil_64482000,130,0,130,0.0
Brazil_64504700,117,0,117,0.0
Brazil_64506000,156,0,156,0.0
Brazil_64507000,134,0,134,0.0
USGS_04071000,136,0,136,0.0
USGS_04084445,118,0,118,0.0
USGS_04101500,69,0,69,0.0
USGS_04113000,95,0,95,0.0
USGS_04124200,211,0,211,0.0
USGS_04125550,58,0,58,0.0
Brazil_63001500,156,0,156,0.0
Brazil_63002000,150,0,150,0.0
USGS_03566000,45,0,45,0.0
USGS_03582000,147,0,147,0.0
USGS_03584500,80,0,80,0.0
USGS_04063000,56,0,56,0.0
USGS_04065106,56,0,56,0.0
USGS_04066003,170,0,170,0.0
USGS_04066800,110,0,110,0.0
USGS_04067500,67,0,67,0.0
Brazil_61902000,7,0,7,0.0
Brazil_63001200,141,0,141,0.0
Brazil_58240080,215,0,215,0.0
Brazil_58636000,138,0,138,0.0
Brazil_58651980,87,0,87,0.0
Brazil_60020000,112,0,112,0.0
Brazil_60110000,81,0,81,0.0
Brazil_60235005,189,0,189,0.0
Brazil_61787000,161,0,161,0.0
Brazil_61788000,103,0,103,0.0
Brazil_61796080,94,0,94,0.0
Brazil_61811080,121,0,121,0.0
Brazil_61818080,238,0,238,0.0
Brazil_61819080,181,0,181,0.0
Brazil_61830000,138,0,138,0.0
Brazil_61884002,88,0,88,0.0
Brazil_60965000,83,0,83,0.0
Brazil_61202000,86,0,86,0.0
Brazil_61305000,20,0,20,0.0
Brazil_61510000,40,0,40,0.0
Brazil_61661000,152,0,152,0.0
Brazil_61730080,37,0,37,0.0
Brazil_61731080,44,0,44,0.0
Brazil_61740080,164,0,164,0.0
USGS_04268000,57,0,57,0.0
USGS_05242300,92,0,92,0.0
USGS_05247500,180,0,180,0.0
USGS_05330920,62,0,62,0.0
USGS_05369000,97,0,97,0.0
USGS_05398000,143,0,143,0.0
USGS_05400760,178,0,178,0.0
Brazil_60950000,118,0,118,0.0
Brazil_56846080,123,0,123,0.0
Brazil_56891900,155,0,155,0.0
Brazil_56948005,74,0,74,0.0
Brazil_56990000,92,0,92,0.0
Brazil_56992000,4,0,4,0.0
Brazil_57450000,69,0,69,0.0
Brazil_58128100,210,0,210,0.0
USGS_06099500,109,0,109,0.0
USGS_06037500,181,0,181,0.0
USGS_06038500,174,0,174,0.0
USGS_06038800,157,0,157,0.0
USGS_06041000,171,0,171,0.0
Brazil_54110002,119,0,119,0.0
Brazil_55560000,132,0,132,0.0
Brazil_55630000,72,0,72,0.0
Brazil_56820080,137,0,137,0.0
USGS_05476750,113,0,113,0.0
USGS_05481300,107,0,107,0.0
USGS_05481650,44,0,44,0.0
USGS_05484900,56,0,56,0.0
USGS_05485500,98,0,98,0.0
USGS_05490500,121,0,121,0.0
USGS_05545750,141,0,141,0.0
USGS_05599500,91,0,91,0.0
Brazil_60320000,318,0,318,0.0
Brazil_60340000,150,0,150,0.0
Brazil_60544990,146,0,146,0.0
Brazil_60907000,151,0,151,0.0
Brazil_60920000,124,0,124,0.0
Brazil_60940000,87,0,87,0.0
USGS_05453520,38,0,38,0.0
USGS_05454500,36,0,36,0.0
Brazil_53170000,54,0,54,0.0
Brazil_53180000,33,0,33,0.0
USGS_06926000,6,0,6,0.0
USGS_07052500,113,0,113,0.0
USGS_07053500,33,0,33,0.0
USGS_07061000,159,0,159,0.0
USGS_07076517,31,0,31,0.0
USGS_07094500,25,0,25,0.0
USGS_06817700,126,0,126,0.0
USGS_06829500,60,0,60,0.0
Brazil_43880000,113,0,113,0.0
Brazil_48590000,179,0,179,0.0
Brazil_51330000,143,0,143,0.0
Brazil_51460000,100,0,100,0.0
Brazil_52404000,132,0,132,0.0
Brazil_52405000,64,0,64,0.0
USGS_06620000,135,0,135,0.0
USGS_06630000,247,0,247,0.0
USGS_06656000,125,0,125,0.0
USGS_06657000,111,0,111,0.0
USGS_06779000,170,0,170,0.0
USGS_06810000,111,0,111,0.0
USGS_06817000,260,0,260,0.0
USGS_06817500,197,0,197,0.0
USGS_06101500,236,0,236,0.0
USGS_06191500,170,0,170,0.0
USGS_06259000,70,0,70,0.0
USGS_06274300,111,0,111,0.0
USGS_06335500,91,0,91,0.0
USGS_06336000,117,0,117,0.0
USGS_06337000,84,0,84,0.0
USGS_06465000,43,0,43,0.0
Brazil_21900000,45,0,45,0.0
Brazil_25140000,48,0,48,0.0
Brazil_26300000,99,0,99,0.0
Brazil_30080000,108,0,108,0.0
USGS_07189000,54,0,54,0.0
USGS_07191500,198,0,198,0.0
USGS_07196500,96,0,96,0.0
USGS_07227500,32,0,32,0.0
Brazil_35170000,153,0,153,0.0
Brazil_36070000,24,0,24,0.0
Brazil_36320000,108,0,108,0.0
Brazil_36390000,43,0,43,0.0
Brazil_37410000,64,0,64,0.0
Brazil_37470000,93,0,93,0.0
Brazil_39150000,103,0,103,0.0
Brazil_40150000,48,0,48,0.0
USGS_07171000,77,0,77,0.0
USGS_07176000,47,0,47,0.0
USGS_07182510,115,0,115,0.0
USGS_07188000,115,0,115,0.0
Brazil_31490000,117,0,117,0.0
Brazil_31520000,82,0,82,0.0
Brazil_33780000,101,0,101,0.0
Brazil_34820000,74,0,74,0.0
USGS_07097000,16,0,16,0.0
USGS_07109500,218,0,218,0.0
USGS_07124000,52,0,52,0.0
USGS_07156900,107,0,107,0.0
USGS_07161000,91,0,91,0.0
USGS_07161450,44,0,44,0.0
USGS_07170500,65,0,65,0.0
USGS_07170990,73,0,73,0.0
USGS_08285500,134,0,134,0.0
USGS_08286500,97,0,97,0.0
USGS_08287000,118,0,118,0.0
USGS_08290000,118,0,118,0.0
USGS_08317400,6,0,6,0.0
USGS_08382830,77,0,77,0.0
USGS_08384500,70,0,70,0.0
USGS_09095500,146,0,146,0.0
Brazil_18200000,154,0,154,0.0
Brazil_18435000,49,0,49,0.0
Brazil_18520000,11,0,11,0.0
Brazil_18590000,167,0,167,0.0
Brazil_18880000,136,0,136,0.0
Brazil_19150000,101,0,101,0.0
Brazil_20500000,152,0,152,0.0
Brazil_21050000,179,0,179,0.0
USGS_08048543,22,0,22,0.0
USGS_08053000,103,0,103,0.0
USGS_08055500,110,0,110,0.0
USGS_08065000,106,0,106,0.0
USGS_08065350,115,0,115,0.0
Brazil_17340000,63,0,63,0.0
Brazil_17343000,49,0,49,0.0
Brazil_18119000,118,0,118,0.0
USGS_07239700,118,0,118,0.0
USGS_07326500,13,0,13,0.0
USGS_07328100,84,0,84,0.0
USGS_07338500,42,0,42,0.0
USGS_07348000,39,0,39,0.0
USGS_07356000,36,0,36,0.0
USGS_07362000,92,0,92,0.0
USGS_08048000,37,0,37,0.0
Australia_802055,117,0,117,0.0
Australia_710003,44,0,44,0.0
Australia_208004,95,0,95,0.0
Australia_207004,60,0,60,0.0
USGS_15747000,18,0,18,0.0
Australia_121003,1,0,1,0.0
USGS_15820000,40,0,40,0.0
USGS_13056500,137,0,137,0.0
USGS_13018750,140,0,140,0.0
USGS_13022500,182,0,182,0.0
USGS_13037500,206,0,206,0.0
USGS_13046000,102,0,102,0.0
Australia_806001,30,0,30,0.0
USGS_14330000,49,0,49,0.0
USGS_15200280,87,0,87,0.0
USGS_15284000,249,0,249,0.0
USGS_12415140,58,0,58,0.0
USGS_12419000,211,0,211,0.0
USGS_12420500,195,0,195,0.0
USGS_12422500,109,0,109,0.0
USGS_12433000,114,0,114,0.0
USGS_12510500,78,0,78,0.0
USGS_13011000,49,0,49,0.0
USGS_13013650,85,0,85,0.0
USGS_12027500,60,0,60,0.0
USGS_12031000,1,0,1,0.0
USGS_12035002,127,0,127,0.0
USGS_12150800,112,0,112,0.0
USGS_12354500,57,0,57,0.0
USGS_12362500,143,0,143,0.0
USGS_12372000,53,0,53,0.0
USGS_12414500,231,0,231,0.0
GRDC_4215660,37,0,37,0.0
GRDC_4231610,21,0,21,0.0
GRDC_4243050,161,0,161,0.0
GRDC_4243080,89,0,89,0.0
GRDC_4243240,185,0,185,0.0
GRDC_4243301,41,0,41,0.0
GRDC_4243400,56,0,56,0.0
GRDC_4243410,128,0,128,0.0
USGS_14233500,79,0,79,0.0
USGS_14238000,177,0,177,0.0
USGS_14243000,141,0,141,0.0
GRDC_4214610,160,0,160,0.0
GRDC_4214701,122,0,122,0.0
GRDC_4214810,158,0,158,0.0
GRDC_4214905,150,0,150,0.0
GRDC_4215220,101,0,101,0.0
USGS_13340600,90,0,90,0.0
USGS_14092500,169,0,169,0.0
USGS_14103000,62,0,62,0.0
USGS_14145500,153,0,153,0.0
USGS_14148000,144,0,144,0.0
USGS_14150000,95,0,95,0.0
USGS_14211720,228,0,228,0.0
USGS_14231000,106,0,106,0.0
USGS_13057000,136,0,136,0.0
USGS_13069500,182,0,182,0.0
USGS_13077000,207,0,207,0.0
USGS_13183000,137,0,137,0.0
USGS_13247500,167,0,167,0.0
USGS_13249500,61,0,61,0.0
USGS_13250000,5,0,5,0.0
USGS_13251000,108,0,108,0.0
TOTAL,239548,13526,226022,5.64646751381769
