,reach_id,date,reach_slp,q_slp
0,74294400161,2025-03-29,0.00106667609,
1,74294400171,2025-03-29,0.00108889255,
2,74294400231,2025-03-29,0.00112403417,
3,74294400311,2025-03-29,0.00129954153,
4,74294400321,2025-03-29,0.00133508007,
5,74295600061,2025-03-29,0.00130891655,
6,23265000051,2025-03-29,0.00011894921,
7,63550600161,2025-03-29,0.00118458279,
8,72306000061,2025-03-29,0.00103367119,
9,74227700041,2025-03-28,0.00073214986,
10,74248300191,2025-03-28,0.00099574413,
11,75340200151,2025-03-29,0.00025289252,
12,73160300071,2025-03-29,0.00018546957,
13,22769200051,2025-03-29,0.00060832217,
14,74294700251,2025-03-29,0.00100242269,
15,23270600211,2025-02-15,0.00010042505,
16,74294400161,2025-02-15,0.00100414126,
17,74294400171,2025-02-15,0.00112978455,
18,74294400231,2025-02-15,0.00110355045,
19,74294400311,2025-02-15,0.00134361679,
20,74294400321,2025-02-15,0.00129896212,
21,74295600061,2025-02-15,0.00132536929,
22,74227700041,2025-02-15,0.00072694538,
23,74248300191,2025-02-15,0.00100187126,
24,74248300181,2025-02-25,0.00088097037,
25,74248300191,2025-02-25,0.00097667974,
26,74294400311,2025-02-25,0.00134530284,
27,74294400321,2025-02-25,0.00129557619,
28,74248300191,2025-02-25,0.00099551799,
29,74294400161,2025-02-25,0.00103839474,
30,74294400171,2025-02-25,0.00113430609,
31,74294400231,2025-02-25,0.0011119976,
32,74294500011,2025-02-25,0.00117693306,
33,14449100061,2025-02-25,0.00032192091,
34,64249400081,2025-02-25,0.00010306332,
35,64249500231,2025-02-25,0.00010752127,
36,74222900301,2025-03-16,0.00041317147,
37,23229000101,2025-03-16,0.00062298599,
38,74225000191,2025-03-16,0.00018197952,
39,78331000021,2025-03-16,0.00070817184,
40,66210800011,2024-11-07,0.00124027609,
41,66240000121,2024-11-07,0.00611594961,
42,72306000061,2024-11-07,0.00103250269,
43,63560300171,2024-11-07,0.00048428912,
44,41305200145,2024-11-14,0.00073213741,
45,74294700281,2024-11-14,0.00092884296,
46,23261000231,2024-11-14,0.00014914377,
47,62252600011,2024-11-14,0.00025050215,
48,44560500011,2024-12-27,0.00024100329,
49,44560500021,2024-12-27,0.00027981562,
50,23261000231,2025-04-30,0.00014748058,
51,74294700281,2025-04-30,0.00092400956,
52,23261000201,2025-02-21,0.00013036603,
53,23283000151,2024-11-02,0.00018224791,
54,72110600231,2024-11-02,0.00028782394,
55,72554000121,2024-11-02,0.0001866907,
56,22720300031,2024-11-02,0.00014518681,
57,64249400701,2024-11-02,0.00024480353,
58,71187000081,2024-11-02,0.0016005137,
59,74227700031,2024-11-02,0.00060805938,
60,74248300191,2024-11-02,0.00099983495,
61,75340200151,2024-11-02,0.00024077877,
62,82289700031,2024-11-02,0.00127112411,
63,82292300081,2024-11-02,0.00070684313,
64,44560500021,2025-02-07,0.00026409876,
65,73252000081,2025-02-07,0.00012970042,
66,22720300031,2025-01-25,0.00016122036,
67,74294400231,2025-01-25,0.00113198902,
68,74294400311,2025-01-25,0.00129734039,
69,74294400321,2025-01-25,0.00132116094,
70,74295600061,2025-01-25,0.00131408283,
71,74227700041,2025-01-25,0.00072751214,
72,74248300191,2025-01-25,0.0009921794,
73,23281000151,2025-06-09,0.00012211311,
74,78380100031,2025-06-09,0.00017438585,
75,64249500181,2025-06-09,0.00016977357,
76,14449100061,2025-06-09,0.00032258549,
77,77449300051,2025-06-09,0.00059609877,
78,64249500181,2025-06-09,0.00016977353,
79,64249500181,2025-06-09,0.00016977357,
80,74226000251,2025-06-09,0.00052136537,
81,74248300181,2025-06-09,0.00098178819,
82,74294400171,2025-06-09,0.00130598877,
83,74294400281,2025-06-09,0.00145501715,
84,75161000181,2025-06-09,0.00013473205,
85,73112000161,2025-06-09,0.0005290207,
86,71343000071,2025-06-09,0.00065436141,
87,74248300011,2025-06-09,0.00045666762,
88,74249200041,2025-06-09,0.00022717567,
89,74294100021,2025-06-09,0.00068305629,
90,72608800011,2025-06-10,0.00114365541,
91,57201000071,2025-01-06,0.00146084664,
92,82292300081,2024-10-16,0.00072304702,
93,73254300151,2024-10-16,0.00015161421,
94,73254500021,2024-10-16,0.00020655034,
95,73254300151,2024-10-16,0.00015161421,
96,73254500021,2024-10-16,0.00020655034,
97,63540100391,2024-10-16,0.00014407303,
98,14298500031,2024-10-16,0.00011029241,
99,74298600221,2024-10-16,0.00272818862,
100,75219500421,2024-10-16,0.00073059785,
101,63540100391,2024-10-16,0.00014407303,
102,81140800051,2024-10-16,0.00084339641,
103,62296900531,2024-10-16,0.00012537858,
104,24221000111,2024-10-16,0.00012445263,
105,24222100061,2024-10-16,0.00026424477,
106,74294400141,2025-01-15,0.0009359612,
107,74294400161,2025-01-15,0.00106148798,
108,74294400171,2025-01-15,0.0011313916,
109,71187000081,2025-01-15,0.0016206906,
110,78220000201,2025-01-15,0.00030609636,
111,21302300161,2025-01-15,0.00040822065,
112,74294700251,2025-01-05,0.00104548071,
113,74294400161,2025-01-05,0.0010859405,
114,74294400171,2025-01-05,0.00107524072,
115,74294400231,2025-01-05,0.00111653558,
116,74294400311,2025-01-05,0.00128665002,
117,74294400321,2025-01-05,0.00132624566,
118,74295600061,2025-01-05,0.00132031192,
119,73160300071,2025-01-05,0.00023295133,
120,78299700101,2024-11-27,0.00075109494,
121,24222100061,2024-11-27,0.00026717422,
122,72582200141,2024-11-27,0.00203853587,
123,14443000061,2024-11-27,0.00012069777,
124,14443000141,2024-11-27,0.00015745703,
125,14449100061,2024-11-27,0.00031415089,
126,74299100051,2024-11-27,0.00017761361,
127,65220700151,2024-11-27,0.00340944475,
128,66252000311,2024-11-27,0.00125972477,
129,78299700101,2024-11-27,0.00075109494,
130,64294300021,2024-11-27,0.00020529962,
131,78299700101,2024-11-27,0.00075109494,
132,74294900361,2024-12-28,0.00089262344,
133,75219500421,2024-12-28,0.00072877283,
134,75219500471,2024-12-28,0.0009042863,
135,63516300051,2024-12-28,0.00059056617,
136,63516700171,2024-12-28,0.00014900331,
137,63550600161,2024-12-28,0.00116909137,
138,64284300071,2025-01-09,0.00063064638,
139,12797900511,2025-01-09,0.00028004925,
140,24222100061,2025-03-11,0.00027014438,
141,74294900951,2025-03-11,0.00076350538,
142,74299100051,2025-03-11,0.00016188694,
143,14298500031,2025-03-11,0.00010717431,
144,63540100391,2025-03-11,0.00016876649,
145,75219500421,2025-03-11,0.00073349771,
146,75219500421,2025-03-11,0.00073349765,
147,73254300151,2025-01-28,0.00013989141,
148,73254500021,2025-01-28,0.00021803702,
149,75219500421,2025-01-28,0.00073708926,
150,74294900951,2025-01-28,0.00078119903,
151,63540100391,2025-01-28,0.00013425702,
152,73140800121,2024-05-29,0.00261260049,
153,74299900951,2025-03-03,0.00122071974,
154,63491000021,2025-03-03,0.00010714382,
155,57201000061,2025-04-10,0.00163064872,
156,57201000071,2025-04-10,0.00145520169,
157,22720300031,2025-04-10,0.00014240867,
158,44560500011,2025-04-10,0.000253256,
159,44560500021,2025-04-10,0.00026976145,
160,71260100031,2025-04-10,0.00030491218,
161,23285000111,2025-01-19,0.00020010366,
162,73286000021,2025-01-19,0.00015113241,
163,74294700251,2025-03-09,0.00099583089,
164,57201000071,2025-01-16,0.00146676933,
165,71381000051,2024-11-08,0.00051726615,
166,41200100671,2024-11-08,0.00065820726,
167,82249200021,2024-11-08,0.00113227778,
168,62297200921,2024-11-08,0.00013489423,
169,23261000231,2025-04-15,0.00014337247,
170,74299900461,2025-04-15,0.00304349267,
171,41200102171,2025-04-15,0.00042206247,
172,41301400381,2025-04-15,0.00023268471,
173,73112000321,2025-04-15,0.00030818351,
174,74294700281,2025-01-18,0.00092226794,
175,74294900361,2025-01-18,0.00083750729,
176,75219500461,2025-01-18,0.00091852853,
177,75219500471,2025-01-18,0.00090564215,
178,24478000151,2025-01-18,0.00017136402,
179,65220700151,2025-01-18,0.00337834808,
180,71249000081,2025-01-18,0.00168406459,
181,74299900461,2025-01-18,0.00304697709,
182,63516300051,2025-01-18,0.00058818298,
183,74294900441,2025-03-30,0.00092537824,
184,74294700251,2025-03-29,0.00100242269,
185,74225000191,2025-06-29,0.00016920701,
186,74295600031,2025-06-29,0.00131776853,
187,74248300011,2025-06-29,0.00041117375,
188,74248300021,2025-06-29,0.00053445577,
189,74249200041,2025-06-29,0.00031221035,
190,74249300111,2025-06-29,0.0006672978,
191,74288100051,2025-06-29,0.00010848878,
192,74294100021,2025-06-29,0.00067749607,
193,81160500011,2025-06-29,0.00034042301,
194,81160500021,2025-06-29,0.00038424876,
195,57205200021,2025-06-29,0.0020564147,
196,77449100061,2025-06-29,0.00015307391,
197,77449100071,2025-06-29,0.00014586585,
198,77449300051,2025-06-29,0.00058638429,
199,23285000111,2025-06-29,0.00023008698,
200,23285000121,2025-06-29,0.00032382283,
201,73112000161,2025-06-29,0.00059732167,
202,73112000161,2025-06-29,0.00059732167,
203,61680700041,2025-06-29,0.00023270142,
204,64247800351,2025-06-29,0.00033149134,
205,64247800361,2025-06-29,0.00036343214,
206,78268500251,2025-06-29,0.00106779123,
207,23285000111,2025-01-02,0.0001943692,
208,72530400071,2025-01-02,0.00020880711,
209,62224100041,2025-01-02,0.0001903702,
210,64186700111,2025-01-02,0.00015539466,
211,74222900301,2025-01-02,0.00039589557,
212,74287400051,2025-01-02,0.00028619563,
213,64184000061,2025-01-02,0.00010217863,
214,74293700011,2025-01-02,0.00018957432,
215,82298000301,2024-11-26,0.00102923671,
216,75219500421,2024-11-26,0.00073961303,
217,57201000061,2024-11-26,0.00147917951,
218,57201000071,2024-11-26,0.00146902937,
219,62296900531,2024-11-26,0.00010747608,
220,21602600191,2024-10-03,0.00026272837,
221,64247800391,2025-03-24,0.00036139508,
222,64249400751,2025-03-24,0.00038931235,
223,74299900951,2025-03-24,0.00121248002,
224,14223000081,2025-03-24,0.00014506042,
225,72599700011,2025-03-24,0.0028672597,
226,74287800181,2025-03-24,0.00063777202,
227,64247800391,2025-03-24,0.00036139508,
228,64249400751,2025-03-24,0.00038931235,
229,74299100051,2024-11-06,0.00015082678,
230,82289800011,2024-11-06,0.00351161088,
231,82219000351,2024-10-28,0.00066901883,
232,66230000071,2024-10-28,0.00122100089,
233,71381000051,2024-10-28,0.00053813173,
234,22769200051,2025-01-26,0.00062166079,
235,78220000201,2025-01-26,0.00033891262,
236,63540100191,2025-03-22,0.00039456232,
237,73260400581,2025-03-22,0.00035257869,
238,71249000081,2025-03-22,0.00172203181,
239,74299900461,2025-03-22,0.00306118281,
240,23285000111,2025-03-22,0.00019787252,
241,74294900951,2025-03-22,0.00075362958,
242,22720300031,2024-12-24,0.00015246813,
243,74248300061,2024-12-24,0.00041301078,
244,74248300181,2024-12-24,0.00087150022,
245,74248300191,2024-12-24,0.00098181087,
246,74294400311,2024-12-24,0.00128457356,
247,74294400321,2024-12-24,0.001337222,
248,74248300021,2024-12-24,0.00039119624,
249,64186100061,2024-12-24,0.00010172298,
250,64247800361,2024-12-24,0.00031085318,
251,64247800381,2024-12-24,0.00031514474,
252,14443000061,2024-12-24,0.00011826798,
253,14449100061,2024-12-24,0.00032024117,
254,71249000181,2024-12-24,0.0017305371,
255,21406100071,2024-12-22,0.00011334247,
256,62284900081,2024-12-22,0.0002248951,
257,64187300181,2024-12-22,0.00022796655,
258,74299900951,2025-01-21,0.00119248414,
259,72582400501,2025-01-21,0.00248895482,
260,73290000231,2025-01-21,0.00015945016,
261,74287800181,2025-01-21,0.00066668608,
262,72556000171,2024-12-07,0.00036875186,
263,62420300021,2024-12-07,0.0001004042,
264,71249000081,2024-12-07,0.00166769961,
265,74299900461,2024-12-07,0.00302713758,
266,22762100021,2025-03-13,0.000185879,
267,74298600221,2025-03-13,0.00271621945,
268,41200100671,2025-03-13,0.00066075224,
269,73286000021,2025-02-09,0.00013314336,
270,78299700101,2025-02-09,0.00078954151,
271,64249400141,2025-03-15,0.00010148637,
272,73290000261,2025-03-15,0.00022677867,
273,74100600171,2025-03-15,0.0002030588,
274,74284100161,2025-03-15,0.00020588909,
275,74286100021,2025-03-15,0.00025602475,
276,74287200101,2025-03-15,0.00031862716,
277,74287400051,2025-03-15,0.00027610341,
278,74299900461,2025-06-16,0.00121732579,
279,78299700011,2025-06-16,0.0010962459,
280,78299700161,2025-06-16,0.00016153614,
281,73290000441,2025-06-16,0.00023951595,
282,74100600121,2025-06-16,0.00016741319,
283,74100600171,2025-06-16,0.00016842547,
284,82248000011,2025-06-16,0.0010670711,
285,82299700051,2025-06-16,0.00096194644,
286,78380300301,2025-06-16,0.00246250342,
287,74287800181,2025-06-16,0.00066038022,
288,64289900041,2025-06-16,0.00067623974,
289,64247800351,2025-06-16,0.00032372992,
290,64249400781,2025-06-16,0.00014921632,
291,64247800201,2025-06-27,0.00033184634,
292,64249400131,2025-06-27,0.00011455374,
293,64249500181,2025-06-27,0.00016638115,
294,78380200011,2025-06-27,0.00057541227,
295,78380300151,2025-06-27,0.00123818912,
296,82248000101,2025-06-27,0.00033485867,
297,82249500031,2025-06-27,0.00049509931,
298,82249900051,2025-06-27,0.00099869376,
299,23261000231,2025-06-27,0.00013949067,
300,74100600111,2025-06-27,0.00014699187,
301,74100600121,2025-06-27,0.00014527616,
302,74287200101,2025-06-27,0.00032661002,
303,75120500111,2025-06-27,0.0001314542,
304,81160500011,2025-06-27,0.00033488686,
305,74224000101,2025-02-13,0.00017014151,
306,74288100051,2025-02-13,0.00012739808,
307,23285000111,2025-02-13,0.0001905398,
308,62480900181,2025-02-13,0.00012093752,
309,64186700111,2025-02-13,0.00014506194,
310,63540100191,2025-04-29,0.00041110378,
311,14449100061,2025-04-29,0.00032821598,
312,81280100011,2025-04-29,0.00187913175,
313,21302300161,2025-04-29,0.00042692168,
314,74294700281,2025-03-21,0.0009247478,
315,52174000461,2025-03-21,0.0001512957,
316,62445300531,2025-03-21,0.00011443713,
317,64249400141,2025-04-25,0.00011848167,
318,74100600121,2025-04-25,0.0001503833,
319,23261000231,2025-04-25,0.00014241807,
320,82248000101,2025-04-25,0.00135359824,
321,82299700051,2025-04-25,0.00269506717,
322,74299900951,2025-04-25,0.00122902478,
323,62491000021,2024-12-08,0.00012800255,
324,72589000181,2024-12-08,0.00026808216,
325,23283000041,2024-12-08,0.00016976901,
326,23285000111,2024-12-08,0.00020100218,
327,82289800011,2024-12-08,0.00349398762,
328,72110600231,2024-12-08,0.00031737104,
329,72150000051,2024-12-08,0.00189731258,
330,63516700171,2024-12-08,0.00017170641,
331,63580500031,2024-12-08,0.0005849286,
332,65220700151,2025-04-12,0.00335119931,
333,82289800011,2025-04-12,0.00348748924,
334,63580500031,2025-04-12,0.00061227015,
335,62224100041,2025-04-12,0.00016968068,
336,78299700101,2025-04-12,0.00075697307,
337,73260400581,2025-04-12,0.00039704665,
338,74294700281,2025-04-09,0.00092584982,
339,23261000231,2025-04-09,0.00015125896,
340,74294700281,2025-04-09,0.00092584982,
341,63580500031,2025-04-09,0.00059037179,
342,73140700011,2025-04-17,0.00032210948,
343,21406100071,2025-04-17,0.00012039024,
344,82289200081,2025-04-17,0.00026479882,
345,74242100031,2025-04-17,0.00016017366,
346,74226000261,2025-04-17,0.00048450264,
347,74248300021,2025-04-17,0.00042242376,
348,74294400141,2025-04-17,0.00093477294,
349,74294400281,2025-04-17,0.00115348837,
350,24222100061,2025-05-02,0.0002709431,
351,71249000081,2025-05-02,0.00165832962,
352,74299900461,2025-05-02,0.00304053771,
353,72556000171,2025-05-02,0.00038361922,
354,72556000371,2025-05-02,0.00030275896,
355,82248000101,2025-06-15,0.00032140785,
356,82248000261,2025-06-15,0.00140182616,
357,82249100021,2025-06-15,0.00052557914,
358,64284300071,2025-02-20,0.00062391307,
359,64284300071,2025-02-20,0.00062391307,
360,73290000161,2025-02-20,0.00013934569,
361,73290000231,2025-02-20,0.0001273854,
362,74100600171,2025-04-14,0.00019400198,
363,74299900951,2025-04-14,0.00122650253,
364,72599700011,2025-04-14,0.00273567268,
365,73290000201,2025-04-14,0.00011255457,
366,73290000231,2025-04-14,0.00013553061,
367,74287600101,2025-04-14,0.00026750885,
368,74287800181,2025-04-14,0.00067219947,
369,82248000011,2025-04-14,0.00121646211,
370,82299700051,2025-04-14,0.00267124766,
371,64247800381,2025-04-14,0.00029592501,
372,64247800391,2025-04-14,0.00035085033,
373,64249400701,2025-04-14,0.00022742105,
374,14223000081,2025-04-14,0.00015330383,
375,63540100191,2025-02-05,0.00038717048,
376,62252600011,2025-02-05,0.00035957675,
377,62252600021,2025-02-05,0.00015875522,
378,23261000231,2025-02-05,0.00014531651,
379,74294400091,2025-06-21,0.00111796871,
380,74294400171,2025-06-21,0.00130781541,
381,74294400321,2025-06-21,0.00105471285,
382,63540100371,2025-06-21,0.00027137643,
383,78220000221,2025-06-21,0.00063074459,
384,23228000091,2025-06-21,0.0007653016,
385,82212700031,2025-06-21,0.00134767308,
386,74294700251,2025-06-21,0.00111969967,
387,74294700281,2025-06-21,0.00102675542,
388,78340500021,2025-06-14,0.00129873052,
389,82289800011,2025-06-14,0.00342480855,
390,82289900081,2025-06-14,0.0007904339,
391,82299700051,2025-06-14,0.00094243437,
392,82299700071,2025-06-14,0.00089321901,
393,71249000181,2025-06-14,0.00173920929,
394,74294900331,2025-06-14,0.00082735276,
395,74299100051,2025-06-14,0.00015455961,
396,22762100021,2025-06-14,0.00017558682,
397,22762300091,2025-06-14,0.00061697061,
398,23265000051,2024-11-03,0.00010919709,
399,63550600161,2024-11-03,0.00118758229,
400,72350200011,2024-11-03,0.00253832829,
401,74294400161,2024-11-03,0.00106062324,
402,74294400171,2024-11-03,0.00110316082,
403,74294400231,2024-11-03,0.00111665494,
404,74294400311,2024-11-03,0.00128709762,
405,74294400321,2024-11-03,0.00133720373,
406,74295600061,2024-11-03,0.00131975069,
407,14223000081,2024-12-09,0.00011709899,
408,65220700151,2025-01-29,0.0033756101,
409,66252000311,2025-01-29,0.0017674698,
410,63560300171,2025-01-29,0.00049760072,
411,72589000251,2025-01-29,0.00024212367,
412,66210800011,2025-01-29,0.00117818093,
413,24221000111,2025-01-29,0.00011696315,
414,24222100061,2025-01-29,0.0002600805,
415,72306000061,2025-01-29,0.00105072263,
416,57201000071,2025-02-27,0.00147186299,
417,63540100371,2025-02-27,0.00033820977,
418,83160000111,2025-06-13,0.00067014323,
419,63516300051,2025-06-13,0.00153060259,
420,63540100261,2025-06-13,0.00042325733,
421,63570000061,2025-06-13,0.0001798409,
422,63580500031,2025-06-13,0.00055383926,
423,65220700151,2025-06-13,0.00334401801,
424,72180600111,2025-06-13,0.00016522587,
425,73252000111,2025-06-13,0.00013903756,
426,74269900481,2025-06-13,0.00119654597,
427,24221000131,2025-06-13,0.00014818665,
428,28281500201,2025-06-13,0.00010044869,
429,75219500011,2025-06-13,0.00072986997,
430,75219500061,2025-06-13,0.00088959049,
431,75219500091,2025-06-13,0.00118680332,
432,71187000081,2025-04-08,0.00159044745,
433,72554000121,2025-04-08,0.00021521498,
434,73160300071,2025-04-08,0.00021044732,
435,74294400141,2025-04-08,0.00094088586,
436,74294400161,2025-04-08,0.00106675993,
437,74294400171,2025-04-08,0.00109882278,
438,74294500011,2025-04-08,0.00118093978,
439,14449100061,2025-04-08,0.00031952337,
440,63540100191,2025-04-08,0.00040587705,
441,78220000131,2025-04-08,0.00037998968,
442,78220000201,2025-04-08,0.00028133633,
443,78270700031,2025-04-13,0.00082122904,
444,82248000011,2025-06-05,0.00109299264,
445,82248000101,2025-06-05,0.00030930292,
446,72589000181,2025-06-05,0.00013727687,
447,72589000181,2025-06-05,0.00013727687,
448,74262200341,2025-06-05,0.00041144249,
449,72589000181,2025-06-05,0.00013727687,
450,82297200091,2025-06-05,0.00192233187,
451,71187000081,2025-06-20,0.00153057023,
452,74227700031,2025-06-20,0.00069886274,
453,74248300181,2025-06-20,0.00099050328,
454,74248300191,2025-06-20,0.00103182494,
455,74294400281,2025-06-20,0.00144951874,
456,22720300041,2025-06-20,0.00016696719,
457,81110200101,2025-06-20,0.00151118963,
458,72554000541,2025-06-20,0.00019704659,
459,82289700031,2025-06-20,0.00125903703,
460,82292300081,2025-06-20,0.00075596899,
461,74294100021,2025-06-20,0.00068055727,
462,74294100041,2025-06-20,0.00071278093,
463,23283000151,2025-02-14,0.00018014233,
464,74248300061,2025-02-14,0.00040716035,
465,73112000101,2025-02-14,0.00019049703,
466,22720300031,2025-02-14,0.00012809177,
467,77449300051,2025-02-14,0.00065712466,
468,64249400141,2025-02-14,0.00010401329,
469,64249400751,2025-02-14,0.00038284756,
470,74294400141,2025-02-14,0.00099054369,
471,74294400281,2025-02-14,0.00111542493,
472,62297200921,2024-12-20,0.00010429735,
473,72599700011,2024-12-20,0.00307287497,
474,74287800181,2024-12-20,0.0006680179,
475,78261300101,2025-01-14,0.00024892559,
476,74294400311,2025-01-14,0.00128028581,
477,74294400321,2025-01-14,0.00134238039,
478,24260300041,2025-01-14,0.00012919958,
479,14449100061,2025-01-14,0.00032055829,
480,82232000241,2025-06-26,0.00195915632,
481,82297200091,2025-06-26,0.00191944813,
482,81140400011,2025-06-26,0.00177674892,
483,77111400031,2025-06-26,0.00038537877,
484,63280300021,2025-06-26,0.00029922296,
485,64294500081,2025-06-26,0.00014876086,
486,24260300031,2025-06-26,0.00011414802,
487,82248000011,2025-06-26,0.00104258127,
488,82248000011,2025-06-26,0.00104258127,
489,23261000231,2025-03-14,0.00014180316,
490,63550600161,2025-04-19,0.00116917944,
491,82286100021,2025-04-19,0.00034523014,
492,74294400161,2025-04-19,0.00105728095,
493,74294400171,2025-04-19,0.00110488762,
494,74294400231,2025-04-19,0.00112372751,
495,74294400311,2025-04-19,0.00129329379,
496,74294400321,2025-04-19,0.00133224673,
497,74295600061,2025-04-19,0.00131792782,
498,74294700251,2025-04-19,0.00100450358,
499,23265000051,2025-04-19,0.00010568313,
500,22769200051,2025-04-19,0.00061775167,
501,64186100061,2025-02-03,0.00010177207,
502,64247800381,2025-02-03,0.00031175407,
503,78261300101,2025-02-03,0.0002119881,
504,24260300041,2025-02-03,0.00012451795,
505,74294400031,2025-02-03,0.00084613042,
506,77449100071,2025-02-03,0.000153872,
507,23229000101,2025-02-03,0.00059047686,
508,74248300021,2025-02-03,0.00042273955,
509,74249200181,2025-02-03,0.00033217754,
510,74292200011,2025-02-03,0.00045543727,
511,74294100021,2025-02-03,0.0006919984,
512,63470800031,2024-12-06,0.00018067634,
513,57201000071,2024-12-06,0.00146769406,
514,44560500011,2024-12-06,0.00026466233,
515,44560500021,2024-12-06,0.00026365647,
516,82248000011,2024-10-18,0.00119511074,
517,82248000261,2024-10-18,0.00049586046,
518,22762100021,2024-10-18,0.00017700943,
519,71381000051,2024-10-18,0.00053961442,
520,71384000041,2024-10-18,0.00045011962,
521,62297200921,2024-10-18,0.00013077476,
522,72306000061,2025-03-08,0.00102565417,
523,23265000051,2025-03-08,0.00011495216,
524,74294400161,2025-03-08,0.00106507573,
525,74294400171,2025-03-08,0.00108996158,
526,74294400231,2025-03-08,0.00112454633,
527,74294400311,2025-03-08,0.00129398661,
528,74294400321,2025-03-08,0.00133175673,
529,74227700031,2025-03-08,0.0005928363,
530,74227700041,2025-03-08,0.00073743052,
531,72192500251,2023-11-11,0.00153775256,
532,64247800351,2025-06-08,0.00032965618,
533,77449100061,2025-06-08,0.00014503474,
534,77449100071,2025-06-08,0.00015275095,
535,77449300051,2025-06-08,0.00057918025,
536,23229000101,2025-06-08,0.00061798912,
537,74225000191,2025-06-08,0.00018751653,
538,74294400031,2025-06-08,0.00077740893,
539,74295600031,2025-06-08,0.00131091583,
540,75120500091,2025-06-08,0.00018933491,
541,75120500111,2025-06-08,0.00010994207,
542,75140100141,2025-06-08,0.00012431278,
543,75140100171,2025-06-08,0.00010829922,
544,57205200021,2025-06-08,0.0021086919,
545,81160500011,2025-06-08,0.0003366396,
546,81160500021,2025-06-08,0.00038837567,
547,82285000051,2025-06-08,0.00010006934,
548,23285000111,2025-06-08,0.00025068771,
549,23285000121,2025-06-08,0.00031342056,
550,57201000071,2025-03-10,0.00145845243,
551,71260100031,2025-03-10,0.00029463807,
552,23285000111,2024-11-01,0.00020102475,
553,24222100061,2024-11-01,0.00027571405,
554,31283000021,2024-11-01,0.00045659329,
555,73140700011,2024-11-01,0.00036301314,
556,23229000101,2025-04-06,0.00060178955,
557,57205200011,2025-04-06,0.00214961453,
558,57205200021,2025-04-06,0.0032258813,
559,31283000021,2025-04-06,0.00029879827,
560,74242100031,2025-04-06,0.00016201038,
561,74295600061,2025-04-06,0.00131064517,
562,75120500051,2025-04-06,0.00022099004,
563,74294400141,2025-03-27,0.00094740387,
564,62224100041,2025-03-27,0.00018231069,
565,64186700111,2025-03-27,0.00014183137,
566,31283000021,2025-03-27,0.0003784534,
567,23285000111,2025-03-27,0.00018613598,
568,74287800181,2025-03-27,0.00066228579,
569,73140700011,2025-03-27,0.00031046526,
570,74299900951,2024-11-19,0.00122059326,
571,62252600021,2024-11-19,0.00016716413,
572,64187800021,2024-11-19,0.0004432179,
573,64247800381,2024-11-19,0.00032061589,
574,64247800391,2024-11-19,0.00031613974,
575,64249400751,2024-11-19,0.00038909285,
576,64256100101,2024-11-19,0.00010766141,
577,14223000081,2024-11-19,0.00012719411,
578,73290000261,2024-11-19,0.00022095242,
579,74100600171,2024-11-19,0.00021249396,
580,74100600181,2024-11-19,0.00014543122,
581,74287600101,2024-11-19,0.00026372633,
582,61660100175,2024-11-28,0.00026837102,
583,64284300071,2024-11-28,0.00062696628,
584,72306000061,2024-11-28,0.00101993024,
585,23282000051,2024-11-28,0.00016132396,
586,74298600221,2025-01-30,0.00272300003,
587,22799300031,2025-01-30,0.00010370884,
588,64284300071,2025-01-30,0.00061124486,
589,66252000311,2024-10-17,0.00169349266,
590,71321000071,2024-10-17,0.00027713026,
591,72582200141,2024-10-17,0.00204160904,
592,63516700271,2024-10-17,0.00101458106,
593,63560300171,2024-10-17,0.00047025339,
594,82237000091,2024-10-17,0.00062986959,
595,61660100175,2024-10-17,0.00026206115,
596,24380100023,2024-10-17,0.00065245959,
597,24380200041,2024-10-17,0.00064702765,
598,82237000091,2024-10-17,0.00062986959,
599,82241000021,2024-10-17,0.0004237837,
600,82289800011,2024-10-17,0.00349504071,
601,72306000061,2024-10-17,0.00105576643,
602,66210800011,2024-10-17,0.00125031874,
603,74294900951,2025-02-18,0.00081135084,
604,62284600321,2025-02-18,0.00035391509,
605,75219500421,2025-02-18,0.0007320228,
606,78268900051,2025-03-23,0.00021575587,
607,78299700101,2025-03-23,0.0007804905,
608,73260400581,2025-03-22,0.00035257869,
609,65220700151,2025-01-08,0.00339080724,
610,66252000311,2025-01-08,0.00126475649,
611,66254000031,2025-01-08,0.00237322536,
612,24222100061,2025-01-08,0.00027368486,
613,72306000061,2025-01-08,0.00103316504,
614,74299900951,2025-01-31,0.00122858449,
615,64294500081,2025-01-31,0.0001525749,
616,31320100701,2025-01-31,0.00015574981,
617,72599700011,2025-01-31,0.00297056252,
618,74287600101,2025-01-31,0.00025903096,
619,65220700151,2025-06-03,0.0033673951,
620,66252000111,2025-06-03,0.00145348165,
621,73254500021,2025-06-03,0.00018572555,
622,78299700071,2025-06-03,0.00074431702,
623,78299700161,2025-06-03,0.00016631478,
624,24222100061,2025-06-03,0.00027242259,
625,74294900331,2025-06-03,0.00077335389,
626,82241000021,2025-06-03,0.00037763882,
627,82289800011,2025-06-03,0.00339819909,
628,82294100061,2025-06-03,0.00081565903,
629,31283000021,2025-06-03,0.00032609141,
630,66210800071,2025-06-03,0.00123896807,
631,66220000111,2025-06-03,0.00178966685,
632,72360000171,2025-06-12,0.00155320348,
633,72551001511,2025-06-12,0.00141077845,
634,71260100031,2025-06-12,0.00030084912,
635,82297200061,2025-06-12,0.00102705693,
636,44560500021,2025-06-12,0.00030488135,
637,78261300101,2024-10-22,0.00019389171,
638,74294400031,2024-10-22,0.00082902783,
639,74295600061,2024-10-22,0.00131749893,
640,74248300021,2024-10-22,0.00040230698,
641,74293700011,2024-10-22,0.00019303514,
642,64247800381,2024-10-22,0.00031724881,
643,64186700111,2025-03-06,0.0001318432,
644,64182000041,2025-03-06,0.00018293201,
645,23285000111,2025-03-06,0.00020509054,
646,74242100031,2025-03-06,0.00023160483,
647,41301801675,2025-03-06,0.00027139533,
648,65220700151,2025-03-01,0.00336660524,
649,63580500031,2025-03-01,0.00055368465,
650,72556000171,2025-03-01,0.00035834214,
651,72556000371,2025-03-01,0.00026207913,
652,74294900951,2025-03-01,0.00082446611,
653,74225000191,2025-06-28,0.0001736078,
654,74284100101,2025-06-28,0.00027884473,
655,74284100221,2025-06-28,0.00020975584,
656,78266300251,2025-06-28,0.0005114326,
657,78266400021,2025-06-28,0.00023614565,
658,62244600211,2025-06-28,0.00041760501,
659,83244100101,2025-06-28,0.00012127087,
660,62470900041,2025-06-28,0.00011135891,
661,62491000021,2025-06-28,0.00011352679,
662,62493000091,2025-06-28,0.0001197493,
663,62495900011,2025-06-28,0.00014187235,
664,82232000241,2025-06-28,0.00195762985,
665,78331000051,2025-06-28,0.00058789877,
666,12261900141,2025-06-28,0.00010266003,
667,23285000111,2025-02-24,0.000197695,
668,23285000121,2025-02-24,0.0002398465,
669,64247800381,2025-02-24,0.00031640374,
670,64247800391,2025-02-24,0.0003437457,
671,74248300021,2025-02-24,0.00042325377,
672,64247800381,2025-02-24,0.00031640382,
673,64247800391,2025-02-24,0.00034374565,
674,74294700281,2025-02-28,0.00091422246,
675,75219500421,2025-02-28,0.00073062879,
676,75219500471,2025-02-28,0.00089475227,
677,62284600251,2025-02-28,0.00021205472,
678,74248300021,2025-04-07,0.00043345378,
679,74293700011,2025-04-07,0.00018710515,
680,74294100021,2025-04-07,0.00068857699,
681,22720300031,2025-04-07,0.0001435758,
682,24260300041,2025-04-07,0.00012071549,
683,74226000261,2025-04-07,0.00063825559,
684,74248300061,2025-04-07,0.00038129147,
685,74248300181,2025-04-07,0.00086333335,
686,74248300191,2025-04-07,0.00099712606,
687,74294400311,2025-04-07,0.00129839864,
688,74294400321,2025-04-07,0.00133842122,
689,81160500021,2025-04-07,0.00033715841,
690,64247800361,2025-04-07,0.00030887323,
691,64247800381,2025-04-07,0.00032452631,
692,63540100191,2025-03-18,0.00039893252,
693,21302300161,2025-03-18,0.00040269029,
694,74248300061,2025-03-18,0.00040267172,
695,74248300181,2025-03-18,0.00085597656,
696,74248300191,2025-03-18,0.00099906001,
697,74294400311,2025-03-18,0.00129591194,
698,74294400321,2025-03-18,0.0013330754,
699,14449100061,2025-03-18,0.00031038596,
700,72350200011,2024-12-05,0.00247571785,
701,23261000231,2024-12-05,0.00014082307,
702,78325000161,2024-12-05,0.00173447097,
703,72150000051,2024-12-29,0.00192672148,
704,62491000021,2024-12-29,0.00012808743,
705,65220700151,2024-12-29,0.00337402022,
706,72582200141,2024-12-29,0.00204062683,
707,72582400501,2024-12-29,0.00303546623,
708,72589000251,2024-12-29,0.00026502186,
709,23261000231,2025-02-26,0.00014676411,
710,63540100191,2025-02-26,0.00040166089,
711,62244800031,2025-02-26,0.00010055623,
712,62252600011,2025-02-26,0.00039944864,
713,62252600021,2025-02-26,0.0001345397,
714,74287800181,2025-02-11,0.00066710768,
715,72582400501,2025-02-11,0.00227356024,
716,64247800391,2025-02-11,0.0003487381,
717,64249400701,2025-02-11,0.00024426687,
718,63230000051,2024-12-15,0.00017825068,
719,71321000071,2024-12-15,0.00028752913,
720,74294400171,2024-12-15,0.00109668278,
721,74294400231,2024-12-15,0.00112300805,
722,74294400311,2024-12-15,0.00128747585,
723,74294400321,2024-12-15,0.0013144193,
724,74295600061,2024-12-15,0.00130658109,
725,43447000451,2025-03-26,0.0002752461,
726,64120900361,2025-03-26,0.00052207753,
727,64284300071,2025-03-26,0.00063069483,
728,62284600321,2025-03-26,0.00035995756,
729,64252700071,2025-04-05,0.0001055024,
730,75120500051,2025-04-05,0.00020015073,
731,75120500091,2025-04-05,0.00013401978,
732,75120500111,2025-04-05,0.00012889302,
733,82299700071,2024-10-27,0.00091143174,
734,72582200141,2024-10-27,0.00204360373,
735,66240000121,2024-10-27,0.00643295229,
736,23285000071,2024-10-27,0.00020093942,
737,71249000081,2024-10-27,0.00165218124,
738,74299900461,2024-10-27,0.00303479512,
739,63516700171,2024-10-27,0.00016209189,
740,65220700151,2024-10-27,0.00340193767,
741,72599700011,2025-04-24,0.00351907301,
742,82297200091,2025-04-24,0.00193664694,
743,57201000061,2025-03-20,0.00162069291,
744,57201000071,2025-03-20,0.00146716019,
745,23228000091,2025-03-20,0.00080068059,
746,22720300031,2025-03-20,0.00013761924,
747,74225000191,2025-02-02,0.00018937001,
748,62284900081,2025-02-02,0.00021358918,
749,52174000461,2025-02-02,0.00010451918,
750,56380000201,2025-02-02,0.00062302583,
751,62493000091,2025-02-02,0.00011251902,
752,62495100031,2025-02-02,0.00011400813,
753,74287200101,2025-02-22,0.00026939214,
754,41301800731,2024-10-11,0.00085681839,
755,62445300531,2024-10-26,0.00014296439,
756,81140800051,2024-10-26,0.00083010026,
757,75219500421,2024-10-26,0.00072727945,
758,75219500471,2024-10-26,0.00089413032,
759,71260100031,2024-10-26,0.00029946653,
760,14223000081,2025-04-18,0.00015776566,
761,74248300061,2025-04-18,0.00039888815,
762,71187000081,2025-04-18,0.00155116652,
763,74227700031,2025-04-18,0.00059300626,
764,22720300031,2025-04-18,0.00013428027,
765,24260300041,2025-04-18,0.00013339447,
766,63415000151,2025-04-18,0.00012511369,
767,75219500421,2025-01-07,0.00073823157,
768,62296900531,2025-01-07,0.00010139765,
769,63540100391,2025-01-07,0.00016675706,
770,78299700101,2025-04-01,0.00076701021,
771,64284300071,2025-04-02,0.00061468677,
772,72306000061,2025-04-02,0.00104359114,
773,23282000051,2025-04-02,0.00015027488,
774,78299700101,2025-04-01,0.00076701021,
775,78299700101,2025-04-01,0.00076701022,
776,73290000261,2024-11-30,0.00024177652,
777,41301400381,2024-11-30,0.00019389381,
778,23261000231,2024-11-30,0.00014460726,
779,74299900951,2024-11-30,0.00122895413,
780,64249400141,2024-11-30,0.00010838131,
781,62284600191,2025-06-18,0.00033484186,
782,24222100061,2025-06-18,0.00026909287,
783,24222100061,2025-06-18,0.00026909287,
784,78268500251,2025-06-18,0.0010747499,
785,74286300021,2025-06-18,0.00035670733,
786,75120400091,2025-06-18,0.00016052541,
787,75140100141,2025-06-18,0.0001160162,
788,75140100171,2025-06-18,0.00010605531,
789,24222100061,2025-06-18,0.00026909287,
790,31283000021,2025-06-18,0.0003379329,
791,24222100061,2025-06-18,0.00026909287,
792,77449300051,2025-06-18,0.00059438462,
793,78220000261,2025-06-18,0.00104952605,
794,81280900051,2025-06-18,0.00224376079,
795,74224000101,2025-06-18,0.0001614171,
796,24222100061,2025-06-18,0.00026909287,
797,72306000061,2024-12-19,0.00106277446,
798,66210800011,2024-12-19,0.00121906178,
799,41200100671,2024-12-19,0.00067089587,
800,14223000081,2025-01-20,0.0001434585,
801,73290000261,2025-01-20,0.00022955178,
802,74100600171,2025-01-20,0.00020660922,
803,63480100071,2025-01-20,0.00011519186,
804,22720300031,2024-12-26,0.00014450606,
805,57201000071,2024-12-26,0.00146233506,
806,63580500031,2024-12-26,0.00061777454,
807,75219500011,2025-06-23,0.00073590616,
808,72140100141,2025-06-23,0.00083722494,
809,73254500021,2025-06-23,0.00020774211,
810,62284600191,2025-06-23,0.00035831883,
811,62284600191,2025-06-23,0.00035831883,
812,62446200111,2025-06-23,0.00072189313,
813,74294700281,2025-06-23,0.00105787242,
814,78299900081,2024-11-29,0.00179452635,
815,62297200921,2024-11-29,0.00010275433,
816,41200100671,2024-11-29,0.00066030746,
817,74287600101,2024-11-29,0.00026144994,
818,74287800181,2024-11-29,0.00067149854,
819,74294700251,2025-02-16,0.00101305628,
820,73140700011,2024-11-12,0.00035334605,
821,74293700011,2024-11-12,0.00019894714,
822,74294100021,2024-11-12,0.00068851999,
823,78261300101,2024-11-12,0.00016186915,
824,22720300031,2024-11-12,0.00015254527,
825,74248300181,2024-11-12,0.00087347144,
826,74248300191,2024-11-12,0.00098734021,
827,74294400311,2024-11-12,0.00130594014,
828,74294400321,2024-11-12,0.00133858912,
829,74298600221,2024-12-17,0.00272763248,
830,74298600221,2024-12-17,0.00272763252,
831,74298600221,2024-12-17,0.00272763248,
832,82298000301,2024-12-17,0.00104493084,
833,74294700251,2024-12-17,0.00101300397,
834,23261000231,2024-12-21,0.00014059912,
835,64252100191,2024-12-21,0.00013986343,
836,73290000261,2024-12-21,0.00022163041,
837,31320100701,2024-12-21,0.0001103207,
838,74222900301,2025-02-23,0.00044003647,
839,62262400261,2025-02-23,0.00010689728,
840,62284900081,2025-02-23,0.0001879089,
841,74225000191,2025-02-23,0.00017164607,
842,56380000201,2025-02-23,0.00060860547,
843,64187800021,2025-02-23,0.00044307812,
844,64252100191,2025-02-23,0.00013644534,
845,64256100061,2025-02-23,0.00010552259,
846,78299700101,2025-03-02,0.00077016455,
847,72192500251,2024-06-23,0.00114725179,
848,64120900361,2025-01-01,0.0005157274,
849,64284300071,2025-01-01,0.00061790511,
850,31320100701,2025-01-01,0.00013368598,
851,64186300091,2025-01-01,0.00014599849,
852,23261000201,2025-01-01,0.00011366558,
853,74289500201,2025-01-01,0.00045952033,
854,21602600191,2024-01-06,0.00066267793,
855,23261000231,2024-01-06,0.00013998984,
856,74248300061,2025-03-07,0.00040304255,
857,74294100021,2025-03-07,0.00068195574,
858,64249400751,2025-03-07,0.00036656282,
859,78261300101,2025-03-07,0.00022373726,
860,63230000051,2024-11-24,0.00017668851,
861,74294700251,2024-11-24,0.00100443192,
862,23265000051,2024-11-24,0.0001120491,
863,22769200051,2024-11-24,0.00062766533,
864,74294400161,2024-11-24,0.00106539538,
865,74294400171,2024-11-24,0.00109845685,
866,74294400231,2024-11-24,0.00111625513,
867,74294400311,2024-11-24,0.00128481038,
868,74294400321,2024-11-24,0.00134238226,
869,74295600061,2024-11-24,0.00132294787,
870,72350200011,2024-11-24,0.00253746683,
871,78220000201,2025-02-04,0.00029328558,
872,78220000261,2025-02-04,0.0006154421,
873,78220000281,2025-02-04,0.00103327395,
874,74248300061,2025-02-04,0.00040725858,
875,74248300181,2025-02-04,0.00087522475,
876,74248300191,2025-02-04,0.00099799537,
877,74294400311,2025-02-04,0.001308445,
878,74294400321,2025-02-04,0.00132290285,
879,74294400141,2025-02-04,0.00094581981,
880,74294400161,2025-02-04,0.00107765747,
881,74294400171,2025-02-04,0.00112428838,
882,74294400231,2025-02-04,0.00113839023,
883,74294500011,2025-02-04,0.00117114474,
884,14449100061,2025-02-04,0.00032667839,
885,72306000061,2025-02-19,0.00104636009,
886,72306000061,2025-02-19,0.00104636009,
887,63560300171,2025-02-19,0.00047848796,
888,62449000041,2025-02-19,0.00054515526,
889,65220700151,2025-02-19,0.00336651135,
890,74222900301,2025-03-05,0.00042789,
891,74287400051,2025-03-05,0.00028503129,
892,74252600031,2025-03-05,0.00010780525,
893,64120900361,2025-03-05,0.00050478632,
894,64284300071,2025-03-05,0.00061859501,
895,64186300091,2025-03-05,0.00014589091,
896,63540100261,2025-06-10,0.00042174636,
897,71187000081,2025-06-10,0.00158948738,
898,78220000221,2025-06-10,0.00062157525,
899,82214000081,2025-06-10,0.00010979845,
900,71381000051,2025-06-10,0.00051149476,
901,64242400141,2025-06-10,0.0016389896,
902,62252600021,2025-06-10,0.00028552408,
903,62252900011,2025-06-10,0.00014303601,
904,74248300191,2025-06-10,0.00102394438,
905,74294400321,2025-06-10,0.00105614179,
906,74294500011,2025-06-10,0.0011817407,
907,74294500081,2025-06-10,0.00120547507,
908,72608800011,2025-06-10,0.00114365541,
909,78331000051,2025-06-07,0.0006240068,
910,78266300251,2025-06-07,0.00050659335,
911,62244600211,2025-06-07,0.00041926845,
912,62495900011,2025-06-07,0.00016124134,
913,75120500091,2025-06-07,0.0001967265,
914,75120500111,2025-06-07,0.00010852966,
915,63516300051,2025-02-08,0.00055457993,
916,63516700171,2025-02-08,0.00014208591,
917,74294900951,2025-02-08,0.00079244221,
918,65220700151,2025-02-08,0.00335413348,
919,63560300171,2024-10-24,0.00048179531,
920,23261000231,2024-10-24,0.00014209074,
921,23261000201,2024-12-11,0.00012281559,
922,41200102161,2024-12-11,0.0001230132,
923,41301400381,2024-12-11,0.00018803861,
924,64186300091,2024-12-11,0.00014141054,
925,74299900461,2024-12-11,0.00304221249,
926,74289500201,2024-12-11,0.00041785116,
927,74282500031,2024-12-11,0.000232769,
928,23229000101,2025-01-13,0.00057784091,
929,64186100061,2025-01-13,0.00010457742,
930,64247800381,2025-01-13,0.00031632677,
931,65220700151,2024-11-17,0.00340176155,
932,72582200141,2024-11-17,0.00204375894,
933,72582400501,2024-11-17,0.00237852693,
934,72598000111,2024-11-17,0.00050264759,
935,23281000261,2024-11-17,0.0001510552,
936,23283000041,2024-11-17,0.00017016518,
937,23285000111,2024-11-17,0.0001917426,
938,62493000091,2024-11-17,0.00011115219,
939,74294900951,2024-11-17,0.00092125175,
940,63540100191,2024-11-17,0.0004023236,
941,66240000121,2024-11-17,0.00606567865,
942,78299700101,2024-11-17,0.00076887654,
943,64249400751,2025-01-03,0.00037946849,
944,74248300021,2025-01-03,0.00041491299,
945,74294400141,2025-01-03,0.00093881766,
946,74294400281,2025-01-03,0.00115018449,
947,23282000051,2025-01-03,0.00013827323,
948,23283000151,2025-01-03,0.00018584679,
949,71260100031,2025-06-22,0.00029900984,
950,74294900331,2025-06-22,0.00086187971,
951,81280100011,2025-06-22,0.00055272195,
952,74294400281,2025-06-22,0.00144956273,
953,72180600111,2025-06-22,0.00015854497,
954,73252000081,2025-06-22,0.0001703169,
955,71260100031,2025-04-20,0.000301709,
956,72551001611,2025-04-20,0.00141377308,
957,73150600331,2025-04-20,0.00083072541,
958,62297601741,2025-04-20,0.000132776,
959,57201000071,2025-03-31,0.00146599181,
960,74298600221,2025-03-31,0.00272041288,
961,22720300031,2025-03-31,0.00016559285,
962,74294900441,2025-03-30,0.00092537824,
963,63540100371,2025-03-19,0.00033950685,
964,23229000101,2024-12-02,0.00061761676,
965,74294400031,2024-12-02,0.00084454939,
966,62491000021,2024-12-02,0.00012546695,
967,62493000091,2024-12-02,0.00010359733,
968,64281200111,2024-12-02,0.00056137902,
969,81160500011,2025-06-06,0.00034111578,
970,82249500031,2025-06-06,0.00048978633,
971,74100600111,2025-06-06,0.00013974431,
972,74100600121,2025-06-06,0.00013858882,
973,82249900051,2025-06-06,0.00098469969,
974,64247800201,2025-06-06,0.00032907105,
975,64249400701,2025-06-06,0.00017962795,
976,64249500181,2025-06-06,0.00015838129,
977,71356500181,2024-10-31,0.00081299633,
978,64120900361,2024-10-31,0.00045919764,
979,64284300071,2024-10-31,0.00061394327,
980,78268500281,2024-10-31,0.00107082265,
981,72180600111,2024-10-31,0.00057242374,
982,72192300021,2024-10-31,0.00313076012,
983,72180600111,2024-10-31,0.00057127857,
984,72192300021,2024-10-31,0.003129239,
985,43447000451,2024-10-31,0.00031867028,
986,78325000091,2025-06-11,0.00062514749,
987,72551001511,2025-06-12,0.00141077845,
988,57201000061,2025-06-11,0.00147341525,
989,63560300091,2025-06-11,0.00047269115,
990,63570000061,2025-06-11,0.00016195425,
991,63570000071,2025-06-11,0.00020269006,
992,22720300041,2025-06-11,0.00013838559,
993,22720300041,2025-06-11,0.00013838559,
994,72350200021,2025-06-11,0.00253702265,
995,23261000231,2024-03-04,0.00013760495,
996,72306000061,2025-06-24,0.0010476235,
997,82241000021,2025-06-24,0.00037337496,
998,82289800011,2025-06-24,0.00346008057,
999,64294300021,2025-06-24,0.00018237817,
1000,64294500081,2025-06-24,0.00013531245,
1001,72150000051,2025-06-24,0.00082638271,
1002,72582200141,2025-06-24,0.00204808144,
1003,74294900331,2025-06-24,0.00080535457,
1004,74299100051,2025-06-24,0.0001585246,
1005,78299700071,2025-06-24,0.00073412498,
1006,82241000021,2025-06-24,0.00037337496,
1007,82289800011,2025-06-24,0.00346008057,
1008,24221000131,2025-06-24,0.00015955826,
1009,24222100061,2025-06-24,0.00026266419,
1010,66220000111,2025-06-24,0.00180936881,
1011,82241000021,2025-06-24,0.00037337496,
1012,82289800011,2025-06-24,0.00346008057,
1013,78299700071,2025-06-24,0.00073412498,
1014,78299700071,2025-06-24,0.00073412498,
1015,82246600351,2025-06-24,0.00124858325,
1016,65220700151,2025-06-24,0.00336644913,
1017,64256100061,2024-10-21,0.00012605911,
1018,56321000055,2024-10-21,0.00019853758,
1019,78268500281,2024-10-21,0.00107079178,
1020,82286100021,2024-10-21,0.00035191034,
1021,82289200081,2024-10-21,0.00032956672,
1022,82289200241,2024-10-21,0.00024649629,
1023,74294400141,2024-12-13,0.00094593923,
1024,74294400281,2024-12-13,0.00114844218,
1025,44272000051,2024-12-13,0.00010746467,
1026,23283000151,2024-12-13,0.00018206457,
1027,71343000071,2024-12-13,0.00061919394,
1028,74288100051,2024-12-13,0.00010270854,
1029,74248300061,2025-01-24,0.00040259687,
1030,23282000051,2025-01-24,0.00012741163,
1031,23283000041,2025-01-24,0.00016694171,
1032,23283000151,2025-01-24,0.00018297958,
1033,24478000151,2025-01-24,0.00019493643,
1034,73140700011,2025-01-24,0.00032706406,
1035,74248300021,2025-01-24,0.00044408219,
1036,74294400141,2025-01-24,0.00095526288,
1037,74294400281,2025-01-24,0.00115929844,
1038,23285000111,2025-01-23,0.00020237391,
1039,62480900181,2025-01-23,0.00012685042,
1040,64186700111,2025-01-23,0.00013202559,
1041,64184000061,2025-01-23,0.000107306,
1042,73112000321,2025-02-12,0.000521352,
1043,64120900361,2025-02-12,0.00051382934,
1044,64284300071,2025-02-12,0.00062403374,
1045,74222900301,2025-02-12,0.00042955736,
1046,56252300141,2025-02-12,0.00018425139,
1047,82214000081,2024-10-29,0.00012393422,
1048,82237000091,2025-06-04,0.00055598956,
1049,82247500081,2025-06-04,0.00054817802,
1050,24380200041,2025-06-04,0.00065574246,
1051,63420100011,2025-06-04,0.00012566272,
1052,81140300071,2025-06-04,0.00099315878,
1053,72306000061,2025-06-04,0.00107710084,
1054,56252300141,2025-03-25,0.00019745353,
1055,72599700011,2025-03-24,0.0028672597,
1056,74287800181,2025-03-24,0.00063777202,
1057,74248300061,2024-12-14,0.00041225862,
1058,74227700031,2024-12-14,0.00060681509,
1059,74227700041,2024-12-14,0.00071516939,
1060,74248300191,2024-12-14,0.00099085497,
1061,72110600231,2024-12-14,0.00032293785,
1062,22720300031,2024-12-14,0.00012892054,
1063,63415000151,2024-12-14,0.00011473681,
1064,64249400701,2024-12-14,0.00024911761,
1065,74294400141,2025-03-27,0.00094740387,
1066,74248300061,2025-03-28,0.00040867525,
1067,74248300071,2025-03-28,0.00055878394,
1068,74227700041,2025-03-28,0.00073214986,
1069,74248300191,2025-03-28,0.00099574413,
1070,75340200151,2025-03-29,0.00025289252,
1071,64249400751,2025-03-28,0.00036920103,
1072,22720300031,2025-03-28,0.00013441957,
1073,82248000101,2025-06-17,0.00033956263,
1074,82249500031,2025-06-17,0.00049285799,
1075,83244100081,2025-06-17,0.00026474083,
1076,74291400071,2025-06-17,0.00010676091,
1077,64187300181,2025-06-17,0.00014948789,
1078,64248800161,2025-06-17,0.00085750418,
1079,23261000231,2025-06-17,0.00012695497,
1080,74227700031,2025-01-04,0.00060686653,
1081,74248300191,2025-01-04,0.00098902769,
1082,63415000151,2025-01-04,0.00011869019,
1083,63516300061,2025-01-04,0.00121422611,
1084,31320100701,2025-01-04,0.00016355762,
1085,23265000051,2025-01-04,0.00011110171,
1086,22720300031,2025-02-06,0.00014126147,
1087,63540100371,2025-02-06,0.00034158543,
1088,57201000061,2025-02-06,0.00153429676,
1089,57201000071,2025-02-06,0.00146253601,
1090,24380200041,2025-06-25,0.00062796538,
1091,82237000091,2025-06-25,0.0005979791,
1092,82247500081,2025-06-25,0.00055376768,
1093,71381000051,2025-06-25,0.00050873152,
1094,81140300071,2025-06-25,0.00097602068,
1095,81140400011,2025-06-25,0.0017835095,
1096,63420100011,2025-06-25,0.00014624012,
1097,81140100011,2025-06-25,0.00026313778,
1098,81140300071,2025-06-25,0.00097123809,
1099,82289700031,2024-12-03,0.00127070205,
1100,64247800361,2024-12-03,0.00030316503,
1101,64247800381,2024-12-03,0.00032003611,
1102,74227100121,2024-12-03,0.0001317999,
1103,74227100141,2024-12-03,0.00025941273,
1104,74248300181,2024-12-03,0.00086865585,
1105,74248300191,2024-12-03,0.00099197384,
1106,74294400311,2024-12-03,0.00130365952,
1107,74294400321,2024-12-03,0.00132956461,
1108,28281500701,2024-12-03,0.00010010107,
1109,22720300031,2024-12-03,0.00014451852,
1110,31320100701,2024-12-03,0.00015125015,
1111,74248300021,2024-12-03,0.00041235738,
1112,78261300101,2024-12-03,0.00023580201,
1113,23261000231,2024-10-30,0.00014015751,
1114,82248000011,2024-10-30,0.00119954164,
1115,74252600031,2024-10-30,0.00011177997,
1116,31320100701,2024-10-30,0.00012990895,
1117,23283000041,2024-12-23,0.00017268659,
1118,23285000121,2024-12-23,0.00021965827,
1119,64252100201,2024-12-23,0.00051470709,
1120,74294400031,2024-12-23,0.00082794127,
1121,74295600061,2024-12-23,0.00135242844,
1122,78268500281,2024-12-23,0.00104745795,
1123,23229000101,2024-12-23,0.00059680604,
1124,74225000191,2024-12-23,0.00018420034,
1125,74242100031,2024-12-23,0.00016783507,
1126,74243000041,2024-12-23,0.00048096374,
1127,74284100101,2024-12-23,0.00030584293,
1128,74294900441,2025-01-27,0.0009393959,
1129,74294900951,2025-01-27,0.00085882319,
1130,22720300031,2025-01-27,0.00015993379,
1131,57201000071,2025-01-27,0.00146372057,
1132,72552000271,2025-01-27,0.00010086146,
1133,82248000101,2025-04-04,0.0013306361,
1134,64249400141,2025-04-04,0.00011464532,
1135,64249500871,2025-04-04,0.00014629799,
1136,64252100191,2025-04-04,0.00014605858,
1137,12795000111,2025-04-04,0.00010820551,
1138,74100600121,2025-04-04,0.00014793507,
1139,23261000231,2025-04-04,0.00014872767,
1140,72608800011,2025-06-30,0.00113593814,
1141,77449300051,2025-06-30,0.00059787413,
1142,23281000151,2025-06-30,0.00012225405,
1143,77449300051,2025-06-30,0.00059787413,
1144,14443000061,2025-06-30,0.00016348071,
1145,14449100061,2025-06-30,0.00029729162,
1146,74248300181,2025-06-30,0.00100181801,
1147,74248300191,2025-06-30,0.00103048249,
1148,74294400091,2025-06-30,0.00111493197,
1149,74294400321,2025-06-30,0.00104801145,
1150,74294500011,2025-06-30,0.00117878632,
1151,74294500081,2025-06-30,0.0012031205,
1152,74226000251,2025-06-30,0.00049929985,
1153,74226000261,2025-06-30,0.00039427441,
1154,74248300181,2025-06-30,0.00099159161,
1155,74294400171,2025-06-30,0.00130349603,
1156,74294400281,2025-06-30,0.00144024225,
1157,81390400111,2025-06-30,0.00243555396,
1158,77449300051,2025-06-30,0.00059787413,
1159,64249500161,2025-06-30,0.00011680447,
1160,64249500181,2025-06-30,0.00017690447,
1161,77449100071,2025-03-17,0.00012207358,
1162,74249200181,2025-03-17,0.00034455915,
1163,74292200011,2025-03-17,0.00047844591,
1164,74293700011,2025-03-17,0.00019089891,
1165,74294100021,2025-03-17,0.00068689201,
1166,23283000041,2025-03-17,0.0001659213,
1167,23285000111,2025-03-17,0.00019064995,
1168,74294400031,2025-03-17,0.00080951272,
1169,74295600061,2025-03-17,0.00131749967,
1170,22720300031,2025-03-17,0.00014356384,
1171,64247800381,2025-03-17,0.00033260252,
1172,74294400141,2024-12-25,0.0009459405,
1173,74294400161,2024-12-25,0.0010651379,
1174,74294400171,2024-12-25,0.0010898178,
1175,74294400231,2024-12-25,0.00111907606,
1176,74294500011,2024-12-25,0.00118982157,
1177,74295600031,2024-12-25,0.0021046455,
1178,78220000261,2024-12-25,0.00066902328,
1179,63540100191,2024-12-25,0.00040304298,
1180,21302300161,2024-12-25,0.00040897013,
1181,74100600171,2025-02-10,0.00020533652,
1182,74100600181,2025-02-10,0.00014433366,
1183,78299700041,2025-02-10,0.00108056727,
1184,14223000081,2025-02-10,0.00014465927,
1185,14223000081,2025-02-10,0.00014465927,
1186,72306000061,2025-04-23,0.00106145176,
1187,82237000091,2025-04-23,0.00059238262,
1188,78268900051,2025-04-23,0.00015770288,
1189,72582400501,2025-04-23,0.00250176444,
1190,82289200081,2025-04-27,0.00029868463,
1191,23229000101,2025-04-27,0.00059461361,
1192,74225000191,2025-04-27,0.00018834894,
1193,74295600061,2025-04-27,0.00131146132,
1194,75120500051,2025-04-27,0.00019950885,
1195,81280100011,2025-04-27,0.00186817885,
1196,77449100071,2025-04-27,0.00017103492,
1197,77449300051,2025-04-27,0.00060076529,
1198,57205200021,2025-04-27,0.00323921059,
1199,31320100701,2024-10-23,0.00016256891,
1200,14449100061,2024-10-23,0.00032791952,
1201,78220000261,2024-10-23,0.00059796525,
1202,81280100011,2024-10-23,0.00191866316,
1203,63540100191,2024-10-23,0.00040741237,
1204,74248300191,2024-10-23,0.00099453713,
1205,74294400141,2024-10-23,0.00094194402,
1206,74294400161,2024-10-23,0.00105874514,
1207,74294400171,2024-10-23,0.00110322484,
1208,74294400231,2024-10-23,0.00111978147,
1209,74294500011,2024-10-23,0.00118781487,
1210,74295600031,2024-10-23,0.00213588728,
1211,74248300061,2024-10-23,0.00042256155,
1212,74248300181,2024-10-23,0.00085545289,
1213,74294400311,2024-10-23,0.00128957062,
1214,74294400321,2024-10-23,0.00133357366,
1215,75120500091,2024-11-21,0.00011478689,
1216,64284300071,2024-11-21,0.00062235735,
1217,64284300071,2024-11-21,0.00062235735,
1218,71280001881,2024-11-21,0.00187536745,
1219,78268500281,2024-11-21,0.0010528188,
1220,71356500181,2024-11-21,0.00080639516,
1221,74287400051,2024-11-21,0.00028279496,
1222,74291500091,2024-11-21,0.00016197518,
1223,62284600321,2024-11-21,0.00034155699,
1224,72180600111,2024-11-21,0.00053557255,
1225,71356500181,2024-11-21,0.00080639516,
1226,74287400051,2024-11-21,0.00028279496,
1227,74291500091,2024-11-21,0.00016197518,
1228,74289500201,2024-11-20,0.00046676693,
1229,23261000231,2024-11-20,0.0001471791,
1230,23262000511,2024-11-20,0.00035862456,
1231,74299900461,2024-11-20,0.00304621207,
1232,71356300021,2024-11-20,0.00012047,
1233,31320100701,2024-11-20,0.0001259873,
1234,73112000321,2024-11-20,0.00054110716,
1235,64186300091,2024-11-20,0.0001346928,
1236,72180600111,2025-06-02,0.00015615883,
1237,73220700091,2025-06-02,0.00011483741,
1238,62446200111,2025-06-02,0.00073078862,
1239,74294700281,2025-06-02,0.00101657809,
1240,75219500011,2025-06-02,0.0007351313,
1241,82292300071,2025-06-02,0.00074604977,
1242,82292300081,2025-06-02,0.00075534595,
1243,62284600191,2025-06-02,0.00035473428,
1244,21602600191,2023-11-04,0.00014963511,
1245,62445300531,2024-12-01,0.00013652478,
1246,64252700071,2024-12-01,0.00011849203,
1247,71356300021,2024-12-01,0.00014238628,
1248,72180600111,2024-12-01,0.00054488246,
1249,62252600021,2024-12-10,0.0001651388,
1250,64247800381,2024-12-10,0.00031558362,
1251,64247800391,2024-12-10,0.00033602795,
1252,74299900951,2024-12-10,0.00121924571,
1253,78299900081,2024-12-10,0.00182611327,
1254,74287800181,2024-12-10,0.00067088589,
1255,74100600121,2024-12-10,0.00010900849,
1256,72582400501,2025-02-01,0.00244079493,
1257,41301400381,2025-02-01,0.00018413666,
1258,74100600171,2025-02-01,0.00019020984,
1259,23261000201,2025-02-01,0.00012382262,
1260,64249400141,2025-02-01,0.00011281852,
1261,82297200091,2024-10-19,0.0019362275,
1262,23261000201,2024-10-19,0.00012626799,
1263,23261000231,2024-10-19,0.00014306715,
1264,74299900951,2024-10-19,0.00123290971,
1265,64249400141,2024-10-19,0.00011035188,
1266,64249500541,2024-10-19,0.00010521404,
1267,64252100171,2024-10-19,0.00016110547,
1268,44560500021,2025-01-17,0.00024420196,
1269,21602600191,2023-11-25,0.00051343015,
1270,21406100071,2024-11-22,0.00011305938,
1271,23285000111,2024-11-22,0.00019490017,
1272,24380100023,2024-11-22,0.00066477005,
1273,74294400141,2024-11-22,0.00093763092,
1274,74294400281,2024-11-22,0.00113415778,
1275,82289200081,2024-11-22,0.00030612857,
1276,74294900441,2024-11-25,0.00092769051,
1277,82292300081,2024-11-05,0.00073898862,
1278,75219500421,2024-11-05,0.00073331796,
1279,57201000071,2024-11-05,0.00146874373,
1280,24221000111,2025-04-11,0.00011443092,
1281,75219500421,2025-04-11,0.00073331295,
1282,73252000081,2025-04-11,0.00013035741,
1283,65220700151,2025-03-12,0.00336165666,
1284,63560300171,2025-03-12,0.00047713237,
1285,72306000061,2025-03-12,0.00103273845,
1286,63470800031,2024-10-25,0.00024444585,
1287,82286100021,2024-10-25,0.00035847079,
1288,57201000061,2024-10-25,0.00146655022,
1289,57201000071,2024-10-25,0.00144441692,
1290,71343000071,2025-06-19,0.00065224577,
1291,64247800201,2025-06-19,0.00032754194,
1292,74226000161,2025-06-19,0.00025603518,
1293,74248300011,2025-06-19,0.00045668984,
1294,74294400141,2025-06-19,0.00114439387,
1295,23283000121,2025-06-19,0.00018595089,
1296,78380100031,2025-06-19,0.00017176958,
1297,78380300151,2025-06-19,0.00124240788,
1298,23270600211,2025-04-03,0.00090710187,
1299,73290000201,2025-04-03,0.00014613657,
1300,72599700011,2025-04-03,0.00285922862,
1301,74287600101,2025-04-03,0.00026719293,
1302,24221000111,2024-11-16,0.00011159867,
1303,71249000081,2024-11-16,0.00165459249,
1304,75219500471,2024-11-16,0.00089950949,
1305,71187000081,2025-07-01,0.00159548603,
1306,64242400141,2025-07-01,0.00161530192,
1307,81390400111,2025-07-01,0.00243828366,
1308,81390400161,2025-07-01,0.00297154299,
1309,62244600211,2025-07-01,0.0004159859,
1310,78220000221,2025-07-01,0.00062341785,
1311,62244600211,2025-07-01,0.0004159859,
1312,21602600191,2023-12-13,0.00097158393,
1313,78299700101,2024-12-18,0.00078354653,
1314,66252000311,2024-12-18,0.00124480689,
1315,71321000071,2024-12-18,0.00031011417,
1316,72582200141,2024-12-18,0.00203672467,
1317,73254500021,2024-12-18,0.00019076466,
1318,14449100061,2024-12-18,0.00032600899,
1319,74299100051,2024-12-18,0.00018353707,
1320,24222100061,2024-12-18,0.00026869853,
1321,24222100061,2024-12-18,0.00026869853,
1322,63540100391,2024-12-18,0.00014421683,
1323,74299900461,2025-04-22,0.0030279146,
1324,78299700101,2025-04-22,0.00072882849,
1325,14443000141,2025-04-22,0.00016883262,
1326,14449100061,2025-04-22,0.00031284571,
1327,74294900951,2025-04-22,0.00089630547,
1328,24222100061,2025-04-22,0.00027262856,
1329,44560500021,2025-05-01,0.00025943046,
1330,71260100031,2025-05-01,0.00029948853,
1331,63470800031,2025-05-01,0.00018388481,
1332,82297200061,2025-05-01,0.00103608151,
1333,57201000071,2025-05-01,0.00147400735,
1334,74298600221,2025-03-31,0.00272041288,
1335,66252000311,2025-04-01,0.00146503188,
1336,24222100061,2025-04-01,0.0002717455,
1337,78299700101,2025-04-01,0.00076701021,
1338,72556000171,2025-04-01,0.000337994,
1339,78299700101,2025-04-01,0.00076701021,
1340,78299700101,2025-04-01,0.00076701022,
1341,74289500201,2024-10-20,0.00046580152,
1342,82248000101,2024-10-20,0.00137159371,
1343,82299700051,2024-10-20,0.0026776487,
1344,72180600111,2024-10-20,0.0005480785,
1345,22720300031,2025-02-17,0.00015102886,
1346,74222900301,2025-04-16,0.00042038093,
1347,82286100021,2025-04-16,0.00033308174,
1348,78268500281,2025-04-16,0.0010690138,
1349,72530400071,2025-04-16,0.00020519532,
1350,56252300141,2025-01-22,0.00017365749,
1351,64120900361,2025-01-22,0.00049824546,
1352,64284300071,2025-01-22,0.00062527091,
1353,74222900301,2025-01-22,0.00042576578,
1354,23261000201,2025-01-22,0.0001237758,
1355,23261000231,2025-01-22,0.00013991703,
1356,82298000301,2024-11-15,0.00104652414,
1357,57201000071,2024-11-15,0.001465967,
1358,63470800031,2024-11-15,0.00013141759,
1359,73218000111,2024-11-15,0.00015435575,
1360,82292300071,2025-04-21,0.00052616031,
1361,75219500421,2025-04-21,0.00073404195,
1362,56298300091,2025-04-21,0.00034705771,
1363,24380200041,2024-11-23,0.00062810373,
1364,57205200021,2024-11-23,0.00353250058,
1365,72554000121,2024-11-23,0.00019501897,
1366,82292300071,2024-11-23,0.0005610731,
1367,64249400701,2024-11-23,0.00025367234,
1368,22720300031,2024-11-23,0.00014644825,
1369,24260300041,2024-11-23,0.00012695117,
1370,77449300051,2024-11-23,0.00063450209,
1371,74227700031,2024-11-23,0.00064714,
1372,74248300061,2024-11-23,0.00051862435,
1373,74294100021,2024-11-23,0.00067972108,
1374,73112000101,2024-11-23,0.00013918112,
1375,71187000081,2024-11-23,0.00160040221,
1376,74227700031,2024-11-23,0.00062622175,
1377,74248300191,2024-11-23,0.00098972237,
1378,14223000081,2024-11-23,0.00013875912,
1379,66230000051,2024-12-30,0.00033880373,
1380,14223000081,2024-12-30,0.00014120854,
1381,74248300191,2024-12-04,0.00099327013,
1382,74294400141,2024-12-04,0.00094355593,
1383,74294400161,2024-12-04,0.00105399905,
1384,74294400171,2024-12-04,0.00110946706,
1385,74294400231,2024-12-04,0.00111660274,
1386,74294500011,2024-12-04,0.0011908692,
1387,63540100191,2024-12-04,0.00039892334,
1388,14449100061,2024-12-04,0.00032785422,
1389,72110600231,2024-12-04,0.00031666089,
1390,73160300071,2024-12-04,0.0001556284,
1391,78220000261,2024-12-04,0.00061265334,
1392,78220000281,2024-12-04,0.00104179197,
1393,22720300031,2025-04-28,0.00015474535,
1394,74227100141,2025-04-28,0.00021025451,
1395,74248300061,2025-04-28,0.00046088682,
1396,74248300181,2025-04-28,0.00087058642,
1397,74248300191,2025-04-28,0.00098574844,
1398,74294400311,2025-04-28,0.00129174368,
1399,74294400321,2025-04-28,0.00133016258,
1400,64284300071,2024-12-12,0.00061457504,
1401,75120500091,2024-12-12,0.00012787712,
1402,78268500281,2024-12-12,0.00105371705,
1403,72530400071,2024-12-12,0.00024803468,
1404,64294300021,2025-03-04,0.00023708133,
1405,23261000231,2025-03-04,0.00014558814,
1406,72582400501,2025-03-04,0.00241622568,
1407,64247800381,2025-03-04,0.00031330756,
1408,64247800391,2025-03-04,0.00033970607,
1409,64249400751,2025-03-04,0.00039064374,
1410,74299900461,2025-03-04,0.00304341031,
