date,stationid,node_id,reach_id,COMID,wse,wse_u,width,width_u
2023-08-02,lianhua,42243200030031,42243200031,42045708,112.62095,0.09924,241.675946,6.528788
2023-08-04,kuerbin,42257000080041,42257000081,42026066,108.894,0.14592,85.782854,3.847776
2023-08-04,kuerbin,42257000080051,42257000081,42026066,109.60071,0.14853,59.330265,3.596705
2023-08-04,kuerbin,42257000080061,42257000081,42026066,109.4123,0.2078,41.791896,2.628474
2023-08-04,lianhua,42243200030021,42243200031,42045708,113.53835,0.09159,936.683587,13.174401
2023-08-04,shuanghetun,42258000020301,42258000021,42025887,108.90397,0.13164,103.300904,3.0757
2023-08-04,shuanghetun,42258000020311,42258000021,42025887,108.91013,0.12726,99.252245,3.571131
2023-08-04,tieling,42481500090731,42481500091,42059330,54.89588,0.09949,110.426126,5.652288
2023-08-04,tieling,42481500090751,42481500091,42059330,55.07968,0.10157,125.379939,5.111805
2023-08-05,tangmazhai,42460001470281,42460001471,42061735,3.25514,0.0995,119.830167,6.21304
2023-08-05,tangmazhai,42460001470291,42460001471,42061735,3.26188,0.09538,112.418611,5.687843
2023-08-05,tangmazhai,42460001470301,42460001471,42061735,3.37715,0.09886,164.45455,7.312442
2023-08-05,xingjiawopeng,42460000140171,42460000141,42061756,3.86845,0.097,104.473613,6.042118
2023-08-05,xingjiawopeng,42460000140181,42460000141,42061756,3.83479,0.09912,93.358261,6.341695
2023-08-06,liujiatun,42249800030261,42249800031,42025877,222.82189,0.09769,163.856355,6.359943
2023-08-06,liujiatun,42249800030281,42249800031,42025877,223.10974,0.11232,145.576773,5.823189
2023-08-06,shihuiyao,42249900150171,42249900151,42020496,270.97532,0.09418,158.384187,9.295494
2023-08-06,shihuiyao,42249900150181,42249900151,42020496,271.1021,0.10066,117.381374,6.693317
2023-08-10,longmenzhen,43210800200021,43210800201,43027970,149.13551,0.11641,105.197349,4.066133
2023-09-08,jiangjiaji,43428400030521,43428400031,43044098,25.17736,0.0995,226.211269,7.133811
2023-09-09,heishiguan,43210800030561,43210800031,43027816,109.10892,0.17804,93.263284,3.483703
2023-09-09,heishiguan,43210800030571,43210800031,43027816,108.59076,0.16731,79.074373,2.874738
2023-09-09,jiangjiaji,43428400030521,43428400031,43044098,25.17842,0.09357,156.672042,7.583666
2023-09-09,jiangjiaji,43428400030531,43428400031,43044098,25.27913,0.09329,197.764397,9.608479
2023-09-09,jiangjiaji,43428400030541,43428400031,43044098,25.27426,0.0973,118.50766,6.055195
2023-09-10,baimasi,43210800530011,43210800531,43030084,113.07192,0.09544,229.534942,9.814724
2023-09-10,baimasi,43210800530021,43210800531,43030084,113.06551,0.09518,197.519747,7.375058
2023-09-10,longmenzhen,43210800200011,43210800201,43027970,149.45785,0.14813,156.249018,5.825768
2023-09-10,longmenzhen,43210800200021,43210800201,43027970,149.34922,0.10648,134.147886,4.435199
2023-09-15,kuerbin,42257000080041,42257000081,42026066,108.44611,0.14059,86.941614,3.2445
2023-09-15,lianhua,42243200030021,42243200031,42045708,110.07193,0.09405,176.203271,5.808322
2023-09-15,tieling,42481500090731,42481500091,42059330,52.86363,0.09895,91.23965,4.835286
2023-09-15,tieling,42481500090741,42481500091,42059330,52.97134,0.09896,101.786476,4.944737
2023-09-15,tieling,42481500090751,42481500091,42059330,52.98408,0.10178,100.076222,5.262951
2023-09-15,tonghua,42440400440891,42440400441,42060702,372.97898,0.13431,258.722221,4.903206
2023-09-15,tonghua,42440400440901,42440400441,42060702,372.76098,0.11906,184.021239,4.608054
2023-09-16,tangmazhai,42460001470281,42460001471,42061735,3.46068,0.09604,110.398742,6.007524
2023-09-16,tieling,42481500090751,42481500091,42059330,53.09052,0.1118,87.252754,3.956235
2023-09-17,humaqiao,42272100010491,42272100011,42012937,170.16731,0.10055,268.479925,5.41268
2023-09-17,humaqiao,42272100010501,42272100011,42012937,170.33576,0.10327,235.199944,5.165411
2023-09-17,shihuiyao,42249900150171,42249900151,42020496,271.39525,0.09658,164.461967,8.75888
2023-09-30,baimasi,43210800530021,43210800531,43030084,113.39501,0.15311,23.376691,2.41761
2023-09-30,longmenzhen,43210800200011,43210800201,43027970,148.98333,0.17548,119.955657,5.502709
2023-10-05,tieling,42481500090731,42481500091,42059330,54.16041,0.29716,11.090251,0.916512
2023-10-05,tieling,42481500090741,42481500091,42059330,52.64549,0.11158,62.348715,3.253629
2023-10-06,kuerbin,42257000080041,42257000081,42026066,109.3478,0.14701,77.480233,3.489437
2023-10-06,kuerbin,42257000080061,42257000081,42026066,109.49543,0.16992,70.832648,3.527686
2023-10-06,lianhua,42243200030031,42243200031,42045708,109.98332,0.09827,156.101335,5.360021
2023-10-07,tieling,42481500090751,42481500091,42059330,52.60315,0.10201,108.77445,4.318477
2023-10-08,humaqiao,42272100010481,42272100011,42012937,170.57579,0.0959,258.462029,4.988023
2023-10-08,shihuiyao,42249900150181,42249900151,42020496,271.58758,0.09374,154.742413,8.870328
2023-10-08,shihuiyao,42249900150191,42249900151,42020496,271.63993,0.09218,189.352759,9.868663
2023-10-11,baimasi,43210800530011,43210800531,43030084,113.12089,0.09444,290.738476,10.95779
2023-10-11,baimasi,43210800530021,43210800531,43030084,113.06487,0.09301,257.685834,9.444204
2023-10-11,longmenzhen,43210800200021,43210800201,43027970,148.64015,0.12771,147.344052,4.214249
2023-10-13,changjiangtun,42242100060581,42242100061,42043227,113.90217,0.09418,211.303419,7.477646
2023-10-13,changjiangtun,42242100060591,42242100061,42043227,113.87498,0.09447,239.897859,8.756398
2023-10-13,lianhua,42243200030021,42243200031,42045708,109.71309,0.09502,167.772469,6.204086
2023-10-13,tonghe,42243100090661,42243100091,42045560,101.53596,0.09099,1066.057203,10.513326
2023-10-14,shihuiyao,42249900150171,42249900151,42020496,271.2634,0.09747,171.775336,10.195662
2023-10-14,shihuiyao,42249900150181,42249900151,42020496,271.35546,0.0942,158.548342,8.240486
2023-10-14,shihuiyao,42249900150191,42249900151,42020496,271.47495,0.09409,147.855931,8.91175
2023-10-16,jiamusi,42241500050111,42241500051,42037498,74.66045,0.09127,1127.479042,11.617664
2023-10-16,tieling,42481500090751,42481500091,42059330,52.61571,0.11198,96.992802,3.916803
2023-10-17,kuerbin,42257000080061,42257000081,42026066,108.96161,0.1471,38.136978,2.089892
2023-10-17,shuanghetun,42258000020291,42258000021,42025887,108.22693,0.10062,82.630835,4.320871
2023-10-18,fuyu,42246100030141,42246100031,42047860,128.53588,0.10482,303.09623,3.989786
2023-10-18,humaqiao,42272100010491,42272100011,42012937,170.32166,0.09362,268.139746,6.790019
2023-10-18,tieling,42481500090741,42481500091,42059330,52.72736,0.11272,84.680782,3.364774
2023-10-18,tieling,42481500090751,42481500091,42059330,52.61571,0.09833,110.014537,4.383445
2023-10-24,lianhua,42243200030031,42243200031,42045708,109.97771,0.1191,103.60875,3.70447
2023-10-26,tieling,42481500090751,42481500091,42059330,52.49939,0.09912,104.387229,4.820873
2023-10-27,kuerbin,42257000080041,42257000081,42026066,108.59763,0.1364,77.0597,3.260753
2023-10-27,tonghe,42243100090651,42243100091,42045560,100.94998,0.09164,1108.469132,10.404942
2023-10-28,tieling,42481500090751,42481500091,42059330,52.56765,0.10013,110.725481,4.342036
2023-10-29,shihuiyao,42249900150171,42249900151,42020496,270.9681,0.09384,166.005165,9.851602
2023-10-29,shihuiyao,42249900150181,42249900151,42020496,271.14075,0.09533,119.402968,7.315862
2023-10-29,shihuiyao,42249900150191,42249900151,42020496,271.23253,0.09262,131.208869,8.568913
2023-10-31,huaibin,43428700010821,43428700011,43044183,22.19934,0.10802,179.484969,5.031486
2023-11-01,baimasi,43210800530011,43210800531,43030084,113.16018,0.09553,197.977158,11.250584
2023-11-01,baimasi,43210800530021,43210800531,43030084,113.23421,0.0927,158.488269,8.839456
2023-11-01,heishiguan,43210800030561,43210800031,43027816,109.45841,0.1006,127.681909,4.528886
2023-11-01,heishiguan,43210800030571,43210800031,43027816,109.43086,0.10839,92.213954,3.766602
2023-11-01,longmenzhen,43210800200021,43210800201,43027970,148.39049,0.1275,135.529051,4.109833
2023-11-03,changjiangtun,42242100060571,42242100061,42043227,113.18934,0.09315,264.800775,8.650662
2023-11-03,changjiangtun,42242100060581,42242100061,42043227,113.16229,0.09342,187.447117,7.298154
2023-11-03,changjiangtun,42242100060591,42242100061,42043227,113.18926,0.09376,222.984249,8.094338
2023-11-03,lianhua,42243200030021,42243200031,42045708,109.83464,0.09609,150.795578,5.85548
2023-11-03,lianhua,42243200030031,42243200031,42045708,109.79396,0.09598,109.723578,4.719319
2023-11-04,shihuiyao,42249900150181,42249900151,42020496,271.18371,0.09979,147.285978,8.717162
2023-11-04,shihuiyao,42249900150191,42249900151,42020496,271.07891,0.10457,146.21371,8.317863
2023-11-06,tieling,42481500090751,42481500091,42059330,52.42115,0.11965,93.90215,4.185437
2023-11-07,kuerbin,42257000080061,42257000081,42026066,109.05995,0.21376,73.331585,4.015025
2023-11-07,shuanghetun,42258000020311,42258000021,42025887,107.85238,0.11724,134.548765,5.123697
2023-11-07,tonghua,42440400440891,42440400441,42060702,372.88211,0.1043,285.270288,6.58693
2023-11-07,tonghua,42440400440901,42440400441,42060702,373.05227,0.10593,200.267928,5.601411
2023-11-08,fuyu,42246100030131,42246100031,42047860,128.45642,0.09305,345.750955,6.581622
2023-11-08,humaqiao,42272100010491,42272100011,42012937,169.71592,0.0931,262.873906,8.445662
2023-11-08,liujiatun,42249800030261,42249800031,42025877,223.7206,0.15882,171.433824,5.043835
2023-11-08,liujiatun,42249800030271,42249800031,42025877,223.4323,0.13721,152.39084,4.339055
2023-11-08,liujiatun,42249800030281,42249800031,42025877,223.72523,0.13568,157.706988,4.956171
2023-11-08,tieling,42481500090741,42481500091,42059330,52.78521,0.14805,76.397796,2.509242
2023-11-08,tieling,42481500090751,42481500091,42059330,52.85396,0.10725,115.196253,4.209465
2023-11-11,heishiguan,43210800030561,43210800031,43027816,109.22966,0.12156,155.661752,4.322824
2023-11-13,jiamusi,42241500050101,42241500051,42037498,75.02901,0.09161,1024.663469,16.207382
2023-11-16,tieling,42481500090741,42481500091,42059330,52.81871,0.12963,48.332317,2.759516
2023-11-16,tieling,42481500090751,42481500091,42059330,52.63878,0.09986,105.328198,4.912446
2023-11-18,fuyu,42246100030131,42246100031,42047860,128.22494,0.09651,324.821827,6.146254
2023-11-18,fuyu,42246100030141,42246100031,42047860,128.19221,0.09844,351.742945,5.899306
2023-11-18,fuyu,42246100030151,42246100031,42047860,128.21985,0.09783,354.822295,6.217
2023-11-18,tieling,42481500090731,42481500091,42059330,52.70921,0.10625,111.799968,4.858396
2023-11-18,tieling,42481500090751,42481500091,42059330,52.88381,0.10301,121.178735,4.715071
2023-11-19,liujiatun,42249800030261,42249800031,42025877,222.76302,0.10652,186.656836,7.039963
2023-11-19,liujiatun,42249800030281,42249800031,42025877,222.89353,0.11386,178.199964,6.860465
2023-11-22,baimasi,43210800530011,43210800531,43030084,113.10663,0.0966,349.198663,12.060036
2023-11-22,baimasi,43210800530021,43210800531,43030084,113.0907,0.09536,289.142857,9.047383
2023-11-22,heishiguan,43210800030551,43210800031,43027816,109.30667,0.11542,144.090219,4.811611
2023-11-22,heishiguan,43210800030561,43210800031,43027816,109.22385,0.11018,169.275508,4.981187
2023-11-22,heishiguan,43210800030571,43210800031,43027816,109.38051,0.11242,147.828332,4.394099
2023-11-22,longmenzhen,43210800200021,43210800201,43027970,148.75923,0.14004,148.283458,3.970264
2023-11-24,changjiangtun,42242100060571,42242100061,42043227,113.53402,0.1092,287.995731,8.787937
2023-11-29,luanxian,43120100180183,43120100183,43004870,20.26311,0.14421,282.947383,8.265684
2023-11-29,luanxian,43120100180193,43120100183,43004870,20.46078,0.13143,300.445168,9.377689
2023-11-29,luanxian,43120100180203,43120100183,43004870,20.52854,0.14071,216.025045,7.694428
2023-11-29,tieling,42481500090751,42481500091,42059330,52.79774,0.1294,79.356488,3.690499
2023-12-01,jiangjiaji,43428400030531,43428400031,43044098,25.42285,0.11084,135.752294,5.963014
2023-12-01,jiangjiaji,43428400030541,43428400031,43044098,25.48135,0.13215,93.159911,4.511133
2023-12-02,heishiguan,43210800030561,43210800031,43027816,108.43881,0.11236,152.635588,4.299412
2023-12-02,heishiguan,43210800030571,43210800031,43027816,108.56361,0.109,117.484472,3.81449
2023-12-07,tieling,42481500090751,42481500091,42059330,52.72992,0.10045,109.932813,4.98728
2023-12-13,baimasi,43210800530021,43210800531,43030084,113.05328,0.0939,283.568461,9.744571
2023-12-13,heishiguan,43210800030571,43210800031,43027816,105.85942,0.13678,124.262676,3.973639
2023-12-19,tieling,42481500090731,42481500091,42059330,52.39131,0.14836,80.784739,4.106998
2023-12-19,tieling,42481500090751,42481500091,42059330,52.36465,0.1416,99.73691,4.056843
2023-12-21,jiangjiaji,43428400030541,43428400031,43044098,25.67435,0.10422,170.970745,7.622808
2023-12-22,jiangjiaji,43428400030521,43428400031,43044098,25.57708,0.09524,170.636238,7.421586
2023-12-22,jiangjiaji,43428400030541,43428400031,43044098,25.73953,0.10668,125.49979,6.398462
2023-12-29,tangmazhai,42460001470281,42460001471,42061735,3.18029,0.1207,68.830222,4.287117
2023-12-29,tangmazhai,42460001470291,42460001471,42061735,3.32839,0.10583,82.465303,4.108678
2023-12-29,xingjiawopeng,42460000140161,42460000141,42061756,3.54645,0.11641,77.162199,5.296172
2023-12-29,xingjiawopeng,42460000140171,42460000141,42061756,3.57121,0.11804,59.08566,4.035419
2024-01-02,huaibin,43428700030011,43428700031,43044183,26.71087,0.11777,161.74977,4.955234
2024-01-13,longmenzhen,43210800200011,43210800201,43027970,148.80135,0.10905,231.313778,6.065032
2024-01-13,longmenzhen,43210800200021,43210800201,43027970,148.61438,0.10697,131.910059,4.18483
2024-01-23,baimasi,43210800530011,43210800531,43030084,113.10514,0.0942,357.407386,11.733932
2024-01-23,huaibin,43428700010821,43428700011,43044183,21.31352,0.10561,160.125171,4.381244
2024-01-24,longmenzhen,43210800200021,43210800201,43027970,148.84571,0.1251,149.95384,4.046875
2024-02-02,heishiguan,43210800030551,43210800031,43027816,107.08204,0.20613,127.143234,3.704615
2024-02-02,heishiguan,43210800030561,43210800031,43027816,106.97984,0.13928,131.983894,4.082584
2024-02-02,heishiguan,43210800030571,43210800031,43027816,107.09428,0.14813,104.743786,3.607054
2024-02-02,jiangjiaji,43428400030521,43428400031,43044098,25.40683,0.09364,246.315727,8.086823
2024-02-02,jiangjiaji,43428400030531,43428400031,43044098,25.44458,0.09566,253.99472,10.083774
2024-02-02,jiangjiaji,43428400030541,43428400031,43044098,25.56749,0.09664,160.927985,7.859577
2024-03-28,changjiangtun,42242100060571,42242100061,42043227,113.56919,0.10553,246.347879,7.907573
2024-03-28,changjiangtun,42242100060581,42242100061,42043227,113.4466,0.10136,160.406881,5.93249
2024-03-28,changjiangtun,42242100060591,42242100061,42043227,113.58768,0.09835,194.977902,6.364988
2024-03-28,lianhua,42243200030021,42243200031,42045708,111.8112,0.14551,76.391658,3.275733
2024-03-31,lianhua,42243200030031,42243200031,42045708,110.86417,0.09536,299.543081,7.176475
2024-03-31,tieling,42481500090751,42481500091,42059330,52.60341,0.11182,86.230365,4.159096
2024-04-01,kuerbin,42257000080051,42257000081,42026066,109.66285,0.19538,104.55987,4.737052
2024-04-01,kuerbin,42257000080061,42257000081,42026066,109.91109,0.13998,88.079512,3.962452
2024-04-01,shuanghetun,42258000020291,42258000021,42025887,108.48898,0.1515,98.421889,2.792181
2024-04-01,shuanghetun,42258000020301,42258000021,42025887,108.33256,0.15802,135.892818,4.180562
2024-04-02,fuyu,42246100030141,42246100031,42047860,128.70925,0.09479,378.35173,6.992976
2024-04-02,humaqiao,42272100010481,42272100011,42012937,169.70356,0.10735,198.061202,5.509992
2024-04-02,tieling,42481500090741,42481500091,42059330,52.86037,0.10291,97.787221,4.202859
2024-04-02,tieling,42481500090751,42481500091,42059330,52.81526,0.10058,112.699129,4.370807
2024-04-04,huaibin,43428700010821,43428700011,43044183,22.62029,0.11277,152.664398,3.006141
2024-04-07,jiamusi,42241500050101,42241500051,42037498,75.37538,0.09165,1072.983316,17.046013
2024-04-07,jiamusi,42241500050111,42241500051,42037498,75.41818,0.09176,1134.862722,19.136863
2024-04-10,jiamusi,42241500050101,42241500051,42037498,75.51276,0.092,1012.428607,9.706155
2024-04-10,tieling,42481500090731,42481500091,42059330,52.51403,0.09878,111.785205,5.601481
2024-04-10,tieling,42481500090751,42481500091,42059330,52.64422,0.10175,118.751731,5.121345
2024-04-11,kuerbin,42257000080041,42257000081,42026066,109.6612,0.14515,114.890526,4.114089
2024-04-11,kuerbin,42257000080061,42257000081,42026066,109.99595,0.1663,78.170786,3.719139
2024-04-11,lianhua,42243200030021,42243200031,42045708,110.48047,0.09285,288.816549,7.083869
2024-04-11,lianhua,42243200030031,42243200031,42045708,110.68103,0.09582,222.564408,6.129552
2024-04-11,tangmazhai,42460001470281,42460001471,42061735,3.1462,0.09832,107.150801,5.850832
2024-04-11,tangmazhai,42460001470291,42460001471,42061735,3.04927,0.0975,115.836015,5.585653
2024-04-11,tangmazhai,42460001470301,42460001471,42061735,3.12118,0.09836,161.158688,7.058471
2024-04-11,tonghua,42440400440881,42440400441,42060702,372.73235,0.11658,246.386483,5.276595
2024-04-11,tonghua,42440400440891,42440400441,42060702,372.76389,0.12391,275.865052,5.721898
2024-04-11,tonghua,42440400440901,42440400441,42060702,373.04544,0.12686,199.056046,4.51327
2024-04-11,xingjiawopeng,42460000140161,42460000141,42061756,2.90035,0.10113,101.782046,6.253523
2024-04-11,xingjiawopeng,42460000140171,42460000141,42061756,2.89681,0.09927,89.621723,5.874354
2024-04-12,fuyu,42246100030151,42246100031,42047860,128.31962,0.09823,363.771921,5.62366
2024-04-12,tieling,42481500090731,42481500091,42059330,52.738,0.11352,111.149046,4.990057
2024-04-12,tieling,42481500090741,42481500091,42059330,52.66255,0.1074,132.277946,4.696854
2024-04-12,tieling,42481500090751,42481500091,42059330,52.66919,0.10736,137.077869,4.580052
2024-04-13,humaqiao,42272100010491,42272100011,42012937,169.92624,0.10712,279.830047,4.529861
2024-04-13,humaqiao,42272100010501,42272100011,42012937,170.22001,0.11311,265.62938,6.170836
2024-04-13,liujiatun,42249800030271,42249800031,42025877,223.14457,0.10411,144.576147,5.915272
2024-04-13,liujiatun,42249800030281,42249800031,42025877,223.5615,0.24378,153.743312,6.210349
2024-04-16,longmenzhen,43210800200021,43210800201,43027970,148.98112,0.13149,122.038814,4.265002
2024-04-19,shihuiyao,42249900150171,42249900151,42020496,271.47921,0.09325,147.198225,9.516743
2024-04-19,shihuiyao,42249900150181,42249900151,42020496,271.61127,0.09738,143.476441,7.381679
2024-04-19,shihuiyao,42249900150191,42249900151,42020496,271.62082,0.09314,162.403067,8.804419
2024-04-22,kuerbin,42257000080041,42257000081,42026066,109.08078,0.1157,124.267929,5.083056
2024-04-22,kuerbin,42257000080051,42257000081,42026066,109.57581,0.13656,100.29547,5.182164
2024-04-22,kuerbin,42257000080061,42257000081,42026066,109.5223,0.12505,90.330344,3.866121
2024-04-22,shuanghetun,42258000020291,42258000021,42025887,108.86842,0.10038,125.541534,4.794629
2024-04-22,shuanghetun,42258000020301,42258000021,42025887,108.93704,0.11697,152.474077,5.851713
2024-04-22,shuanghetun,42258000020311,42258000021,42025887,109.04319,0.13462,140.259314,5.12789
2024-04-22,tonghua,42440400440881,42440400441,42060702,372.63062,0.11795,234.983681,5.83343
2024-04-22,tonghua,42440400440901,42440400441,42060702,372.90882,0.1045,197.241062,5.439476
2024-04-23,humaqiao,42272100010491,42272100011,42012937,170.16827,0.0918,310.134993,9.062397
2024-04-23,humaqiao,42272100010501,42272100011,42012937,170.333,0.09418,245.148417,8.501228
2024-04-23,liujiatun,42249800030261,42249800031,42025877,223.09297,0.12106,153.554698,4.483882
2024-04-23,tieling,42481500090741,42481500091,42059330,53.10445,0.13351,88.664242,3.635545
2024-04-23,tieling,42481500090751,42481500091,42059330,52.95537,0.10332,107.96919,4.165325
2024-04-28,jiamusi,42241500050101,42241500051,42037498,74.45163,0.0906,970.930895,16.369045
2024-04-28,jiamusi,42241500050111,42241500051,42037498,74.45863,0.09221,1107.239716,17.136354
2024-04-29,lianhua,42243200030031,42243200031,42045708,109.99942,0.10093,187.546917,5.518945
2024-05-01,jiamusi,42241500050101,42241500051,42037498,74.19446,0.09189,991.208759,9.302135
2024-05-01,tieling,42481500090751,42481500091,42059330,52.80562,0.10429,105.33924,4.943112
2024-05-02,kuerbin,42257000080041,42257000081,42026066,108.86349,0.10565,97.436228,4.272175
2024-05-02,kuerbin,42257000080051,42257000081,42026066,108.86692,0.10174,101.879336,4.505224
2024-05-02,kuerbin,42257000080061,42257000081,42026066,108.88339,0.10137,73.797697,3.742266
2024-05-02,shuanghetun,42258000020291,42258000021,42025887,108.33059,0.09686,108.731407,3.927183
2024-05-02,shuanghetun,42258000020301,42258000021,42025887,108.41499,0.09809,137.726102,4.848448
2024-05-02,shuanghetun,42258000020311,42258000021,42025887,108.5548,0.09564,134.842773,4.557296
2024-05-02,tangmazhai,42460001470281,42460001471,42061735,4.02024,0.09832,137.621398,6.080931
2024-05-02,tangmazhai,42460001470291,42460001471,42061735,3.89767,0.09585,126.345202,5.808277
2024-05-02,tonghe,42243100090661,42243100091,42045560,100.57309,0.09245,1066.044767,10.242057
2024-05-02,xingjiawopeng,42460000140161,42460000141,42061756,3.11534,0.09756,121.721527,6.810985
2024-05-02,xingjiawopeng,42460000140171,42460000141,42061756,3.16004,0.09849,99.481643,6.288015
2024-05-02,xingjiawopeng,42460000140181,42460000141,42061756,3.12832,0.10006,97.976606,6.253492
2024-05-03,tieling,42481500090731,42481500091,42059330,52.73977,0.10775,111.412313,4.689542
2024-05-03,tieling,42481500090741,42481500091,42059330,52.74496,0.10473,128.176073,4.828506
2024-05-03,tieling,42481500090751,42481500091,42059330,52.86252,0.10138,134.565153,4.892539
2024-05-09,changjiangtun,42242100060581,42242100061,42043227,112.76304,0.0938,223.582473,5.586446
2024-05-09,changjiangtun,42242100060591,42242100061,42043227,112.65547,0.09266,223.923127,7.978607
2024-05-09,lianhua,42243200030021,42243200031,42045708,109.66734,0.10917,101.79368,4.897481
2024-05-10,liujiatun,42249800030261,42249800031,42025877,222.82793,0.10782,180.645764,8.863225
2024-05-10,shihuiyao,42249900150191,42249900151,42020496,271.32864,0.09414,115.074881,7.813032
2024-05-13,kuerbin,42257000080041,42257000081,42026066,108.38732,0.12764,74.546994,3.98622
2024-05-13,shuanghetun,42258000020291,42258000021,42025887,108.82565,0.09856,124.044838,4.951382
2024-05-13,shuanghetun,42258000020301,42258000021,42025887,108.96056,0.11742,136.690136,5.220882
2024-05-13,shuanghetun,42258000020311,42258000021,42025887,108.85403,0.12254,120.554663,3.432359
2024-05-13,tonghua,42440400440901,42440400441,42060702,372.9312,0.1067,218.871525,5.424053
2024-05-14,humaqiao,42272100010491,42272100011,42012937,170.17019,0.09285,300.716381,8.619151
2024-05-14,humaqiao,42272100010501,42272100011,42012937,170.29096,0.09396,264.809968,8.54386
2024-05-14,liujiatun,42249800030261,42249800031,42025877,223.07589,0.1096,169.078986,4.769994
2024-05-14,liujiatun,42249800030271,42249800031,42025877,223.18173,0.10494,149.812304,3.939814
2024-05-14,liujiatun,42249800030281,42249800031,42025877,223.25095,0.11411,174.193768,4.620793
2024-05-14,tieling,42481500090731,42481500091,42059330,53.19743,0.10787,114.544822,4.494645
2024-05-14,tieling,42481500090741,42481500091,42059330,53.37599,0.10261,137.515998,4.677066
2024-05-14,tieling,42481500090751,42481500091,42059330,53.24072,0.10285,115.355682,4.383201
2024-05-17,heishiguan,43210800030561,43210800031,43027816,109.74366,0.12037,156.035562,4.344098
2024-05-17,heishiguan,43210800030571,43210800031,43027816,109.70198,0.11725,125.091573,3.776416
2024-05-20,lianhua,42243200030021,42243200031,42045708,109.44005,0.10085,155.448285,5.451176
2024-05-22,kuerbin,42257000080041,42257000081,42026066,109.07203,0.15979,83.818889,3.161753
2024-05-22,kuerbin,42257000080061,42257000081,42026066,109.45628,0.23045,28.011025,1.68808
2024-05-22,lianhua,42243200030021,42243200031,42045708,109.48359,0.09568,165.761996,6.609421
2024-05-22,shuanghetun,42258000020291,42258000021,42025887,108.46257,0.11335,100.854594,3.929503
2024-05-22,tieling,42481500090731,42481500091,42059330,53.28834,0.09944,116.319331,5.759199
2024-05-22,tieling,42481500090751,42481500091,42059330,53.38911,0.10512,124.069179,5.245024
2024-05-23,tieling,42481500090741,42481500091,42059330,53.7961,0.14905,79.751293,2.958547
2024-05-23,xingjiawopeng,42460000140161,42460000141,42061756,2.83989,0.10008,113.334748,6.986673
2024-05-23,xingjiawopeng,42460000140171,42460000141,42061756,2.85824,0.10329,102.145456,6.244416
2024-05-23,xingjiawopeng,42460000140181,42460000141,42061756,3.03341,0.10216,85.154136,5.983055
2024-05-27,heishiguan,43210800030551,43210800031,43027816,109.01505,0.1316,65.274121,3.25848
2024-05-27,heishiguan,43210800030561,43210800031,43027816,108.73078,0.12388,85.921412,3.35882
2024-05-28,longmenzhen,43210800200021,43210800201,43027970,149.12638,0.10807,139.845269,4.287163
2025-05-06,heishiguan,43210800030561,43210800031,43027816,109.81477,0.12165,160.862088,4.500667
2025-05-07,baimasi,43210800530021,43210800531,43030084,112.954,0.09292,219.316277,7.904982
2025-05-07,longmenzhen,43210800200021,43210800201,43027970,148.94229,0.10389,140.512223,4.53469
2025-05-09,jiamusi,42241500050111,42241500051,42037498,74.37462,0.09096,1194.00263,17.374756
2025-05-10,lianhua,42243200030021,42243200031,42045708,110.57462,0.09972,443.419434,9.360641
2025-05-12,tieling,42481500090731,42481500091,42059330,53.67685,0.10208,129.364379,5.542091
2025-05-12,tieling,42481500090751,42481500091,42059330,53.83173,0.11258,121.792232,4.955988
2025-05-13,tangmazhai,42460001470291,42460001471,42061735,4.9027,0.09884,129.065594,5.43928
2025-05-13,tangmazhai,42460001470301,42460001471,42061735,4.97615,0.09957,189.657271,7.26743
2025-05-13,tieling,42481500090731,42481500091,42059330,53.50036,0.1051,104.230734,4.524591
2025-05-13,tieling,42481500090741,42481500091,42059330,53.6203,0.10075,136.676006,4.939141
2025-05-13,xingjiawopeng,42460000140161,42460000141,42061756,3.26945,0.10199,132.85884,6.539001
2025-05-13,xingjiawopeng,42460000140171,42460000141,42061756,3.32368,0.10169,103.92846,6.198231
2025-05-13,xingjiawopeng,42460000140181,42460000141,42061756,3.36303,0.10463,87.49717,5.620426
2025-05-14,humaqiao,42272100010481,42272100011,42012937,170.8719,0.09534,259.983182,4.836265
2025-05-14,liujiatun,42249800030261,42249800031,42025877,223.12632,0.09608,168.457509,5.799051
2025-05-14,shihuiyao,42249900150171,42249900151,42020496,271.44736,0.097,171.45087,10.006705
2025-05-14,shihuiyao,42249900150181,42249900151,42020496,271.54438,0.09649,151.528863,8.062491
2025-05-14,shihuiyao,42249900150191,42249900151,42020496,271.61613,0.09159,178.733681,9.307198
2025-05-17,baimasi,43210800530011,43210800531,43030084,112.85099,0.0956,254.055385,11.17157
2025-05-17,baimasi,43210800530021,43210800531,43030084,112.80607,0.09461,227.460067,9.012627
2025-05-17,heishiguan,43210800030551,43210800031,43027816,108.90165,0.1288,111.519828,3.86501
2025-05-17,heishiguan,43210800030561,43210800031,43027816,108.98493,0.11867,103.17877,3.922848
2025-05-17,heishiguan,43210800030571,43210800031,43027816,108.98881,0.2356,75.930013,2.238364
2025-05-17,huaibin,43428700010821,43428700011,43044183,21.34638,0.10722,165.326562,4.839501
2025-05-20,changjiangtun,42242100060581,42242100061,42043227,114.86573,0.09391,219.036861,7.678551
2025-05-20,lianhua,42243200030021,42243200031,42045708,110.53704,0.09555,294.199746,7.90822
2025-05-20,lianhua,42243200030031,42243200031,42045708,111.65097,0.09343,561.368681,10.97091
2025-05-22,jiamusi,42241500050101,42241500051,42037498,75.63868,0.09142,1030.479129,10.573069
2025-05-22,jiamusi,42241500050111,42241500051,42037498,75.63371,0.09141,1135.249096,11.96789
2025-05-22,lianhua,42243200030021,42243200031,42045708,110.20053,0.09933,193.612316,6.423759
2025-05-23,shuanghetun,42258000020291,42258000021,42025887,108.79364,0.09641,123.106009,4.636671
2025-05-23,shuanghetun,42258000020301,42258000021,42025887,108.81032,0.09939,132.193274,4.645353
2025-05-23,shuanghetun,42258000020311,42258000021,42025887,108.92232,0.15647,107.263307,2.652343
2025-05-24,humaqiao,42272100010481,42272100011,42012937,171.00387,0.09195,297.153499,8.656228
2025-05-24,humaqiao,42272100010491,42272100011,42012937,171.20447,0.09519,299.759847,9.161846
2025-05-24,humaqiao,42272100010501,42272100011,42012937,171.28049,0.09319,290.492631,8.745897
2025-05-24,liujiatun,42249800030261,42249800031,42025877,223.3344,0.13984,163.612761,3.234358
2025-05-25,luanxian,43120100180183,43120100183,43004870,20.92086,0.11876,310.673062,8.589339
2025-05-28,baimasi,43210800530011,43210800531,43030084,112.7883,0.09333,209.463278,9.581801
2025-05-28,longmenzhen,43210800200021,43210800201,43027970,149.08133,0.11679,121.861687,4.40667
2025-05-29,jiamusi,42241500050101,42241500051,42037498,74.72315,0.09097,988.668542,16.469191
2025-05-29,jiamusi,42241500050111,42241500051,42037498,74.80287,0.09113,1154.917757,19.507272
2025-06-01,tieling,42481500090731,42481500091,42059330,53.64224,0.10617,56.621774,4.07397
2025-06-01,tieling,42481500090751,42481500091,42059330,53.62126,0.11694,76.779063,4.202677
2025-06-02,kuerbin,42257000080041,42257000081,42026066,108.16509,0.15314,50.805696,2.964477
2025-06-02,lianhua,42243200030011,42243200031,42045708,109.75581,0.09991,186.651861,6.338565
2025-06-02,lianhua,42243200030031,42243200031,42045708,110.25305,0.10484,159.247778,6.127011
2025-06-02,shuanghetun,42258000020301,42258000021,42025887,108.22852,0.11177,102.70993,3.292819
2025-06-02,xingjiawopeng,42460000140161,42460000141,42061756,3.78629,0.09784,125.024309,7.077338
2025-06-02,xingjiawopeng,42460000140181,42460000141,42061756,3.82962,0.09995,92.341452,6.335779
2025-06-03,fuyu,42246100030141,42246100031,42047860,130.22508,0.102,375.609692,4.41261
2025-06-04,humaqiao,42272100010481,42272100011,42012937,170.30878,0.09742,260.111318,4.616877
2025-06-04,shihuiyao,42249900150171,42249900151,42020496,271.40005,0.09688,163.313081,9.377162
2025-06-04,shihuiyao,42249900150191,42249900151,42020496,271.5265,0.09286,178.426109,9.169986
2025-06-06,huaibin,43428700010821,43428700011,43044183,21.18266,0.15322,137.949697,2.849332
2025-06-07,baimasi,43210800530021,43210800531,43030084,112.91391,0.0932,189.494679,9.27623
2025-06-09,changjiangtun,42242100060571,42242100061,42043227,115.34711,0.09874,274.277825,9.356347
2025-06-09,changjiangtun,42242100060581,42242100061,42043227,115.28747,0.09932,195.28141,7.201053
2025-06-09,changjiangtun,42242100060591,42242100061,42043227,115.22699,0.10015,251.256583,8.512089
2025-06-10,liujiatun,42249800030261,42249800031,42025877,223.22191,0.1086,261.542712,8.756107
2025-06-10,shihuiyao,42249900150171,42249900151,42020496,271.7384,0.09931,162.215366,8.881963
2025-06-10,shihuiyao,42249900150181,42249900151,42020496,271.83211,0.09532,156.928251,8.372185
2025-06-10,shihuiyao,42249900150191,42249900151,42020496,271.82986,0.09487,151.782978,9.06878
2025-06-12,jiamusi,42241500050101,42241500051,42037498,75.27905,0.0915,1020.284136,10.72075
2025-06-12,jiamusi,42241500050111,42241500051,42037498,75.28707,0.09142,1147.503289,12.01273
2025-06-12,lianhua,42243200030031,42243200031,42045708,110.12269,0.10158,182.268774,4.791663
2025-06-12,tieling,42481500090731,42481500091,42059330,53.11918,0.12015,97.512105,4.226203
2025-06-12,tieling,42481500090741,42481500091,42059330,53.18609,0.11084,135.763604,5.142132
2025-06-12,tieling,42481500090751,42481500091,42059330,53.23391,0.10858,107.464024,4.501795
2025-06-13,kuerbin,42257000080041,42257000081,42026066,107.9264,0.12604,56.46496,3.615485
2025-06-13,shuanghetun,42258000020291,42258000021,42025887,108.19151,0.09603,100.693445,4.484307
2025-06-13,shuanghetun,42258000020301,42258000021,42025887,108.25996,0.09936,137.174309,5.050369
2025-06-13,tonghua,42440400440881,42440400441,42060702,372.57263,0.12542,273.083408,6.028722
2025-06-14,humaqiao,42272100010481,42272100011,42012937,170.57923,0.10654,249.678532,7.068674
2025-06-14,humaqiao,42272100010491,42272100011,42012937,170.87211,0.10759,265.178643,9.013877
2025-06-14,liujiatun,42249800030271,42249800031,42025877,223.58906,0.11097,132.442725,3.789522
2025-06-14,liujiatun,42249800030281,42249800031,42025877,223.50117,0.12402,143.128039,4.079352
2025-06-17,heishiguan,43210800030561,43210800031,43027816,109.17978,0.14332,120.639129,4.113685
2025-06-17,heishiguan,43210800030571,43210800031,43027816,109.41065,0.13488,91.446056,3.575066
2025-06-23,kuerbin,42257000080041,42257000081,42026066,109.19482,0.13917,72.018733,3.18848
2025-06-23,kuerbin,42257000080061,42257000081,42026066,109.2457,0.25282,26.298608,1.5442
2025-06-23,lianhua,42243200030021,42243200031,42045708,110.13842,0.09281,268.096317,6.379289
2025-06-24,fuyu,42246100030151,42246100031,42047860,129.30023,0.09597,389.425795,6.055381
2025-06-25,shihuiyao,42249900150171,42249900151,42020496,271.82654,0.09682,171.325113,9.247322
2025-06-25,shihuiyao,42249900150181,42249900151,42020496,271.887,0.09477,180.070809,7.878926
2025-06-28,longmenzhen,43210800200021,43210800201,43027970,149.22947,0.12861,145.394683,4.128032
2025-06-30,changjiangtun,42242100060571,42242100061,42043227,114.07575,0.09546,291.483228,8.767488
2025-06-30,changjiangtun,42242100060581,42242100061,42043227,114.0649,0.09676,204.718255,7.352935
2025-07-01,shihuiyao,42249900150171,42249900151,42020496,271.45166,0.10598,129.229824,8.553284
2025-07-01,shihuiyao,42249900150181,42249900151,42020496,271.62681,0.09949,149.287768,8.14467
2025-07-01,shihuiyao,42249900150191,42249900151,42020496,271.64502,0.09596,147.928546,9.266
2025-07-03,jiamusi,42241500050101,42241500051,42037498,75.6311,0.0916,1021.425686,10.642161
2025-07-03,jiamusi,42241500050111,42241500051,42037498,75.6358,0.0917,1159.286715,12.12233
2025-07-03,lianhua,42243200030021,42243200031,42045708,110.97787,0.09515,290.776758,6.531892
2025-07-03,lianhua,42243200030031,42243200031,42045708,111.11593,0.09556,236.290983,5.932637
2025-07-04,kuerbin,42257000080041,42257000081,42026066,108.62176,0.15164,76.67455,3.202499
2025-07-04,shuanghetun,42258000020291,42258000021,42025887,108.79834,0.11501,97.896326,4.650643
2025-07-04,shuanghetun,42258000020301,42258000021,42025887,108.80871,0.13217,133.979121,5.686433
2025-07-04,shuanghetun,42258000020311,42258000021,42025887,108.74133,0.1355,127.363231,5.30215
2025-07-04,tonghua,42440400440901,42440400441,42060702,373.70944,0.10445,212.495365,5.620174
2025-07-05,liujiatun,42249800030261,42249800031,42025877,223.49246,0.12034,164.617061,4.388481
2025-07-11,lianhua,42243200030031,42243200031,42045708,110.41809,0.11642,123.266594,4.246142
2025-07-14,kuerbin,42257000080041,42257000081,42026066,109.04675,0.16009,77.753451,3.152658
2025-07-14,lianhua,42243200030031,42243200031,42045708,110.08126,0.09598,180.243198,5.773009
2025-07-14,tonghua,42440400440881,42440400441,42060702,372.98337,0.11188,238.388993,5.413544
2025-07-14,tonghua,42440400440891,42440400441,42060702,373.02753,0.11827,270.345523,5.499839
2025-07-14,tonghua,42440400440901,42440400441,42060702,373.1793,0.12026,182.250821,4.749818
2025-07-15,fuyu,42246100030131,42246100031,42047860,129.28038,0.09767,367.377316,6.948046
2025-07-15,fuyu,42246100030141,42246100031,42047860,129.25193,0.09777,391.847622,6.281683
2025-07-15,fuyu,42246100030151,42246100031,42047860,129.24178,0.09634,372.010063,6.062813
2025-07-15,tieling,42481500090731,42481500091,42059330,53.27542,0.10664,106.469647,4.730309
2025-07-15,tieling,42481500090741,42481500091,42059330,53.21962,0.10445,147.496715,5.041759
2025-07-15,tieling,42481500090751,42481500091,42059330,53.32146,0.10701,107.90582,4.643098
2025-07-19,baimasi,43210800530011,43210800531,43030084,113.02047,0.09395,343.488301,12.117095
2025-07-19,baimasi,43210800530021,43210800531,43030084,113.00971,0.09348,262.847759,9.8689
2025-07-19,heishiguan,43210800030551,43210800031,43027816,108.59861,0.12878,137.053863,4.315212
2025-07-19,heishiguan,43210800030561,43210800031,43027816,108.4114,0.11141,149.546141,4.834008
2025-07-19,heishiguan,43210800030571,43210800031,43027816,108.36758,0.10979,131.495851,4.059274
2025-07-21,changjiangtun,42242100060571,42242100061,42043227,112.94625,0.10444,256.628944,8.771343
2025-07-21,lianhua,42243200030021,42243200031,42045708,109.95033,0.09377,237.174571,6.720849
2025-07-21,lianhua,42243200030031,42243200031,42045708,110.12728,0.09473,192.203165,6.361352
2025-07-22,liujiatun,42249800030261,42249800031,42025877,223.4206,0.10168,205.266164,8.345035
2025-07-22,shihuiyao,42249900150171,42249900151,42020496,271.25235,0.09595,126.678531,9.500788
2025-07-22,shihuiyao,42249900150181,42249900151,42020496,271.26215,0.10241,117.936677,6.931441
2025-07-22,shihuiyao,42249900150191,42249900151,42020496,271.49638,0.09989,131.752326,7.898181
2025-07-24,jiamusi,42241500050101,42241500051,42037498,74.41241,0.09172,1004.069869,10.617878
2025-07-24,lianhua,42243200030021,42243200031,42045708,109.85587,0.09534,239.512888,6.056823
2025-07-24,lianhua,42243200030031,42243200031,42045708,109.95318,0.09613,195.022105,5.542895
2025-07-24,tieling,42481500090741,42481500091,42059330,53.08619,0.10748,124.859078,4.863238
2025-07-24,tieling,42481500090751,42481500091,42059330,52.99787,0.11264,96.882784,4.404674
2025-07-25,kuerbin,42257000080041,42257000081,42026066,108.98395,0.12488,89.337889,3.623485
2025-07-25,kuerbin,42257000080061,42257000081,42026066,109.92034,0.23978,63.700322,3.279037
2025-07-25,shuanghetun,42258000020291,42258000021,42025887,108.88969,0.11724,107.313372,4.725339
2025-07-25,shuanghetun,42258000020301,42258000021,42025887,108.76102,0.1289,139.668557,5.137572
2025-07-25,shuanghetun,42258000020311,42258000021,42025887,108.37175,0.18865,109.24805,3.184231
2025-07-25,tonghua,42440400440891,42440400441,42060702,373.12908,0.11131,311.020573,6.925225
2025-07-25,tonghua,42440400440901,42440400441,42060702,373.21255,0.11001,210.882123,5.625005
2025-07-26,fuyu,42246100030141,42246100031,42047860,129.24651,0.09368,368.995775,7.62953
2025-07-26,fuyu,42246100030151,42246100031,42047860,129.26358,0.09458,336.390602,6.455917
2025-07-26,tieling,42481500090741,42481500091,42059330,52.98565,0.10152,153.597348,4.884098
2025-07-26,tieling,42481500090751,42481500091,42059330,52.96795,0.10132,114.546853,4.457848
