stationid,date,node_id,reach_id,time,lat,lon,wse,wse_u,width,width_u,node_q_b,node_q,ice_clim_f,dark_frac,p_width,p_n_ch_max,p_n_ch_mod,xovr_cal_q,xtrk_dist,wse_r_u,p_length,file_name,index_right,COMID
humaqiao,2023-08-06,42272100010491,42272100011,744667574.622,51.66951034,126.6108752,169.92892,0.11015,243.031206,3.855618,5,1,0,0.52607073165,123.0,1,1,0,52700.17578,0.06351,186.41649411,SWOT_L2_HR_RiverSP_Node_001_465_AS_20230806T195754_20230806T200739_PGD0_01.zip,8,42012937
humaqiao,2023-08-06,42272100010501,42272100011,744667574.592,51.6673552,126.6116281,170.07182,0.15509,208.000707,1.593429,7,1,0,0.94486371397,132.5,1,1,0,52735.89453,0.1263,188.72759747,SWOT_L2_HR_RiverSP_Node_001_465_AS_20230806T195754_20230806T200739_PGD0_01.zip,8,42012937
humaqiao,2023-09-17,42272100010491,42272100011,748272985.32,51.66930175,126.6108744,170.16731,0.10055,268.479925,5.41268,0,0,0,0.04942071599,123.0,1,1,0,52388.85547,0.04483,186.41649411,SWOT_L2_HR_RiverSP_Node_003_465_AS_20230917T132805_20230917T133750_PGD0_01.zip,8,42012937
humaqiao,2023-09-17,42272100010501,42272100011,748272985.291,51.66767353,126.6102323,170.33576,0.10327,235.199944,5.165411,0,0,0,0.03339874483,132.5,1,1,0,52403.35156,0.05064,188.72759747,SWOT_L2_HR_RiverSP_Node_003_465_AS_20230917T132805_20230917T133750_PGD0_01.zip,8,42012937
humaqiao,2023-10-08,42272100010481,42272100011,750075686.833,51.67091489,126.6115717,170.57579,0.0959,258.462029,4.988023,0,0,0,0.21861841921,127.0,1,1,0,51664.04688,0.03312,212.98450737,SWOT_L2_HR_RiverSP_Node_004_465_AS_20231008T101306_20231008T102252_PGD0_01.zip,8,42012937
humaqiao,2023-10-08,42272100010491,42272100011,750075686.804,51.6698419,126.6103028,170.66461,0.13839,228.086248,2.481098,5,1,0,0.77772090502,123.0,1,1,0,51682.03906,0.10513,186.41649411,SWOT_L2_HR_RiverSP_Node_004_465_AS_20231008T101306_20231008T102252_PGD0_01.zip,8,42012937
humaqiao,2023-10-08,42272100010501,42272100011,750075686.775,51.66822091,126.6087453,171.29021,0.43344,198.565748,0.640972,2053,1,0,0.97552711202,132.5,1,1,0,51703.76953,0.424,188.72759747,SWOT_L2_HR_RiverSP_Node_004_465_AS_20231008T101306_20231008T102252_PGD0_01.zip,8,42012937
humaqiao,2023-10-13,42272100020011,42272100021,750539966.127,51.66667319,126.6095866,170.66591,0.09366,764.599582,73.486754,802825,2,0,0.0,129.0,1,1,0,4040.0752,0.02591,134.60206931,SWOT_L2_HR_RiverSP_Node_005_032_AS_20231013T191808_20231013T192500_PGD0_01.zip,8,42012937
humaqiao,2023-10-18,42272100010481,42272100011,750933820.471,51.67098645,126.611599,170.17436,0.09217,269.978664,7.712614,8,1,0,0.16281851592,127.0,1,1,0,-28967.39062,0.01987,212.98450737,SWOT_L2_HR_RiverSP_Node_005_159_AS_20231018T083543_20231018T084509_PGD0_01.zip,8,42012937
humaqiao,2023-10-18,42272100010491,42272100011,750933820.442,51.66958492,126.6108049,170.32166,0.09362,268.139746,6.790019,0,0,0,0.33980016802,123.0,1,1,0,-28934.89844,0.02579,186.41649411,SWOT_L2_HR_RiverSP_Node_005_159_AS_20231018T083543_20231018T084509_PGD0_01.zip,8,42012937
humaqiao,2023-10-18,42272100010501,42272100011,750933820.414,51.66844623,126.6086557,170.39216,0.11433,210.540206,2.642586,0,0,0,0.92221190461,132.5,1,1,0,-28945.62109,0.07052,188.72759747,SWOT_L2_HR_RiverSP_Node_005_159_AS_20231018T083543_20231018T084509_PGD0_01.zip,8,42012937
humaqiao,2023-10-29,42272100010491,42272100011,751878392.182,51.66951208,126.6111739,169.97769,0.10227,237.066733,4.231559,1,1,1,0.5087896262,123.0,1,1,0,52405.74219,0.04858,186.41649411,SWOT_L2_HR_RiverSP_Node_005_465_AS_20231029T065812_20231029T070757_PGD0_01.zip,8,42012937
humaqiao,2023-10-29,42272100010501,42272100011,751878392.153,51.66860295,126.608931,170.48996,0.73744,192.402006,0.508022,2049,1,1,0.97955170091,132.5,1,1,0,52422.6875,0.73193,188.72759747,SWOT_L2_HR_RiverSP_Node_005_465_AS_20231029T065812_20231029T070757_PGD0_01.zip,8,42012937
humaqiao,2023-11-08,42272100010481,42272100011,752736525.802,51.67095162,126.6118762,169.43923,0.0924,259.7225,7.264238,8,1,1,0.3100562346,127.0,1,1,0,-28586.91211,0.0209,212.98450737,SWOT_L2_HR_RiverSP_Node_006_159_AS_20231108T052049_20231108T053015_PGD0_01.zip,8,42012937
humaqiao,2023-11-08,42272100010491,42272100011,752736525.772,51.66928027,126.6109053,169.71592,0.0931,262.873906,8.445662,0,0,1,0.04607415508,123.0,1,1,0,-28542.48242,0.02382,186.41649411,SWOT_L2_HR_RiverSP_Node_006_159_AS_20231108T052049_20231108T053015_PGD0_01.zip,8,42012937
humaqiao,2023-11-08,42272100010501,42272100011,752736525.744,51.66784148,126.6096721,169.65601,0.09364,252.630187,9.476651,8,1,1,0.05709962199,132.5,1,1,0,-28555.19336,0.02586,188.72759747,SWOT_L2_HR_RiverSP_Node_006_159_AS_20231108T052049_20231108T053015_PGD0_01.zip,8,42012937
humaqiao,2023-11-19,42272100010491,42272100011,753681097.309,51.66914257,126.611717,169.54885,0.10504,283.704779,4.218874,4,1,2,0.45832800117,123.0,1,1,0,52381.17969,0.05416,186.41649411,SWOT_L2_HR_RiverSP_Node_006_465_AS_20231119T034317_20231119T035302_PGD0_01.zip,8,42012937
humaqiao,2023-11-19,42272100010501,42272100011,753681097.28,51.66763605,126.6102888,169.65189,0.10058,276.078656,5.903356,9,1,2,0.07597344889,132.5,1,1,0,52390.91406,0.0449,188.72759747,SWOT_L2_HR_RiverSP_Node_006_465_AS_20231119T034317_20231119T035302_PGD0_01.zip,8,42012937
humaqiao,2023-11-24,42272100020011,42272100021,754145376.767,51.66661884,126.6105817,169.82925,0.09764,1231.843223,221.950225,802817,2,2,0.2368994782,129.0,1,1,0,4133.04688,0.03785,134.60206931,SWOT_L2_HR_RiverSP_Node_007_032_AS_20231124T124819_20231124T125510_PGD0_01.zip,8,42012937
humaqiao,2023-11-29,42272100010481,42272100011,754539231.277,51.67102962,126.6116256,169.71894,0.09735,289.919204,7.718543,0,0,2,0.2474844299,127.0,1,1,0,-28698.9375,0.0371,212.98450737,SWOT_L2_HR_RiverSP_Node_007_159_AS_20231129T020554_20231129T021520_PGD0_01.zip,8,42012937
humaqiao,2023-11-29,42272100010491,42272100011,754539231.247,51.66926474,126.6109868,169.90406,0.09531,284.120371,9.270971,0,0,2,0.05942441551,123.0,1,1,0,-28665.3125,0.03137,186.41649411,SWOT_L2_HR_RiverSP_Node_007_159_AS_20231129T020554_20231129T021520_PGD0_01.zip,8,42012937
humaqiao,2023-11-29,42272100010501,42272100011,754539231.218,51.66769992,126.6102693,169.75628,0.09536,284.478042,9.895596,8,1,2,0.01684487646,132.5,1,1,0,-28657.72461,0.03151,188.72759747,SWOT_L2_HR_RiverSP_Node_007_159_AS_20231129T020554_20231129T021520_PGD0_01.zip,8,42012937
humaqiao,2023-12-10,42272100010491,42272100011,755483802.316,51.66920002,126.611924,169.90914,0.10519,281.717744,3.687081,4,1,2,0.55841420314,123.0,1,1,0,52112.61328,0.05445,186.41649411,SWOT_L2_HR_RiverSP_Node_007_465_AS_20231210T002822_20231210T003807_PGD0_01.zip,8,42012937
humaqiao,2023-12-10,42272100010501,42272100011,755483802.287,51.66749891,126.6107112,169.62125,0.10928,264.017659,5.402683,0,0,2,0.2992102851,132.5,1,1,0,52127.82031,0.06199,188.72759747,SWOT_L2_HR_RiverSP_Node_007_465_AS_20231210T002822_20231210T003807_PGD0_01.zip,8,42012937
humaqiao,2023-12-19,42272100010481,42272100011,756341934.91,51.67101073,126.6118028,169.66125,0.09344,263.522452,7.899304,8,1,2,0.28298326296,127.0,1,1,0,-29264.40234,0.02513,212.98450737,SWOT_L2_HR_RiverSP_Node_008_159_AS_20231219T225058_20231219T230024_PGD0_01.zip,8,42012937
humaqiao,2023-12-19,42272100010491,42272100011,756341934.881,51.66919448,126.6111704,169.62983,0.09409,279.129101,8.860123,0,0,2,0.07626442718,123.0,1,1,0,-29213.88477,0.02745,186.41649411,SWOT_L2_HR_RiverSP_Node_008_159_AS_20231219T225058_20231219T230024_PGD0_01.zip,8,42012937
humaqiao,2023-12-19,42272100010501,42272100011,756341934.851,51.66763873,126.6102156,169.61472,0.09531,326.040438,9.164512,0,0,2,0.0,132.5,1,1,0,-29216.69531,0.03138,188.72759747,SWOT_L2_HR_RiverSP_Node_008_159_AS_20231219T225058_20231219T230024_PGD0_01.zip,8,42012937
humaqiao,2023-12-30,42272100010491,42272100011,757286508.414,51.66920534,126.6122801,169.68178,0.14012,281.601686,3.978766,4,1,2,0.70700542292,123.0,1,1,0,52357.73438,0.1074,186.41649411,SWOT_L2_HR_RiverSP_Node_008_465_AS_20231230T211328_20231230T212313_PGD0_01.zip,8,42012937
humaqiao,2023-12-30,42272100010501,42272100011,757286508.386,51.66736846,126.6112394,169.23227,0.13724,249.349708,4.609609,4,1,2,0.54159802928,132.5,1,1,0,52386.99609,0.10361,188.72759747,SWOT_L2_HR_RiverSP_Node_008_465_AS_20231230T211328_20231230T212313_PGD0_01.zip,8,42012937
humaqiao,2024-01-09,42272100010481,42272100011,758144640.723,51.67094909,126.6117012,169.77445,0.09867,255.160535,7.962605,8,1,2,0.34382238248,127.0,1,1,0,-29039.70312,0.04044,212.98450737,SWOT_L2_HR_RiverSP_Node_009_159_AS_20240109T193603_20240109T194530_PGD0_01.zip,8,42012937
humaqiao,2024-01-09,42272100010491,42272100011,758144640.693,51.66923982,126.6111425,169.69256,0.09644,273.616117,8.914038,8,1,2,0.0522798754,123.0,1,1,0,-28985.16016,0.03466,186.41649411,SWOT_L2_HR_RiverSP_Node_009_159_AS_20240109T193603_20240109T194530_PGD0_01.zip,8,42012937
humaqiao,2024-01-09,42272100010501,42272100011,758144640.664,51.66761602,126.6106119,169.45747,0.0986,282.662219,9.621373,8,1,2,0.0,132.5,1,1,0,-28981.49609,0.04028,188.72759747,SWOT_L2_HR_RiverSP_Node_009_159_AS_20240109T193603_20240109T194530_PGD0_01.zip,8,42012937
humaqiao,2024-01-20,42272100010481,42272100011,759089213.709,51.67101811,126.6107164,170.08593,0.11676,226.10961,4.480638,12,1,2,0.65740246251,127.0,1,1,0,52384.69531,0.07439,212.98450737,SWOT_L2_HR_RiverSP_Node_009_465_AS_20240120T175833_20240120T180818_PGD0_01.zip,8,42012937
humaqiao,2024-01-20,42272100010491,42272100011,759089213.679,51.66905328,126.6124036,169.91066,0.16348,271.609974,4.271508,4,1,2,0.7665751183,123.0,1,1,0,52423.42188,0.13648,186.41649411,SWOT_L2_HR_RiverSP_Node_009_465_AS_20240120T175833_20240120T180818_PGD0_01.zip,8,42012937
humaqiao,2024-01-20,42272100010501,42272100011,759089213.65,51.66729675,126.6114383,169.87994,0.14315,275.76333,4.723408,13,1,2,0.59373819838,132.5,1,1,0,52454.46094,0.11132,188.72759747,SWOT_L2_HR_RiverSP_Node_009_465_AS_20240120T175833_20240120T180818_PGD0_01.zip,8,42012937
humaqiao,2024-01-26,42272100020011,42272100021,759553492.827,51.66754726,126.6104771,170.73741,0.13565,600.817173,35.994902,280581,2,2,0.70909496915,129.0,1,1,0,4325.41602,0.10149,134.60206931,SWOT_L2_HR_RiverSP_Node_010_032_AS_20240126T030335_20240126T031026_PGD0_01.zip,8,42012937
humaqiao,2024-01-30,42272100010481,42272100011,759947346.93,51.67106197,126.6115748,170.30197,0.09883,255.640591,9.021856,8,1,2,0.18131416737,127.0,1,1,0,-28790.7207,0.04084,212.98450737,SWOT_L2_HR_RiverSP_Node_010_159_AS_20240130T162110_20240130T163036_PGD0_01.zip,8,42012937
humaqiao,2024-01-30,42272100010491,42272100011,759947346.9,51.66931605,126.6107739,169.93777,0.09851,281.460358,8.834352,0,0,2,0.0,123.0,1,1,0,-28741.40625,0.04005,186.41649411,SWOT_L2_HR_RiverSP_Node_010_159_AS_20240130T162110_20240130T163036_PGD0_01.zip,8,42012937
humaqiao,2024-01-30,42272100010501,42272100011,759947346.872,51.66774557,126.6104849,169.56471,0.09997,269.712211,9.290151,8388620,3,2,0.0,132.5,1,1,0,-28728.77148,0.04352,188.72759747,SWOT_L2_HR_RiverSP_Node_010_159_AS_20240130T162110_20240130T163036_PGD0_01.zip,8,42012937
humaqiao,2024-02-10,42272100010491,42272100011,760891918.149,51.66914444,126.6123977,169.32403,0.20358,268.599706,4.113119,6,1,2,0.82481809453,123.0,1,1,0,52111.37891,0.1826,186.41649411,SWOT_L2_HR_RiverSP_Node_010_465_AS_20240210T144337_20240210T145323_PGD0_01.zip,8,42012937
humaqiao,2024-02-10,42272100010501,42272100011,760891918.121,51.66737754,126.6116055,169.21847,0.17458,253.007872,4.857211,7,1,2,0.69275136657,132.5,1,1,0,52149.58594,0.1496,188.72759747,SWOT_L2_HR_RiverSP_Node_010_465_AS_20240210T144337_20240210T145323_PGD0_01.zip,8,42012937
humaqiao,2024-02-10,42272100010511,42272100011,760891918.09,51.6661055,126.6106019,169.17753,0.2218,183.17333,2.948068,12,1,2,0.80204654391,150.0,1,1,0,52130.30859,0.20271,242.04070683,SWOT_L2_HR_RiverSP_Node_010_465_AS_20240210T144337_20240210T145323_PGD0_01.zip,8,42012937
humaqiao,2024-04-02,42272100010481,42272100011,765355458.993,51.6708926,126.6121988,169.70356,0.10735,198.061202,5.509992,0,0,1,0.46942833515,127.0,1,1,0,-28683.67578,0.05852,212.98450737,SWOT_L2_HR_RiverSP_Node_013_159_AS_20240402T063616_20240402T064548_PGD0_01.zip,8,42012937
humaqiao,2024-04-02,42272100010491,42272100011,765355458.965,51.66926134,126.6108251,170.02813,0.09815,264.639032,8.214589,9,1,1,0.08209655181,123.0,1,1,0,-28663.87305,0.03916,186.41649411,SWOT_L2_HR_RiverSP_Node_013_159_AS_20240402T063616_20240402T064548_PGD0_01.zip,8,42012937
humaqiao,2024-04-02,42272100010501,42272100011,765355458.936,51.66776973,126.6102559,170.22745,0.10124,252.464732,8.734053,8,1,1,0.0,132.5,1,1,0,-28646.41797,0.04636,188.72759747,SWOT_L2_HR_RiverSP_Node_013_159_AS_20240402T063616_20240402T064548_PGD0_01.zip,8,42012937
humaqiao,2024-04-13,42272100010491,42272100011,766300031.984,51.669165,126.6114944,169.92624,0.10712,279.830047,4.529861,1,1,1,0.34287719522,123.0,1,1,0,52846.32422,0.05809,186.41649411,SWOT_L2_HR_RiverSP_Node_013_465_AS_20240413T045845_20240413T050837_PGD0_01.zip,8,42012937
humaqiao,2024-04-13,42272100010501,42272100011,766300031.955,51.6676337,126.6102062,170.22001,0.11311,265.62938,6.170836,0,0,1,0.0440104028,132.5,1,1,0,52843.00781,0.06851,188.72759747,SWOT_L2_HR_RiverSP_Node_013_465_AS_20240413T045845_20240413T050837_PGD0_01.zip,8,42012937
humaqiao,2024-04-23,42272100010491,42272100011,767158165.253,51.66929019,126.6109068,170.16827,0.0918,310.134993,9.062397,0,0,0,0.02361605574,123.0,1,1,0,-28315.61328,0.0181,186.41649411,SWOT_L2_HR_RiverSP_Node_014_159_AS_20240423T032123_20240423T033054_PGD0_01.zip,8,42012937
humaqiao,2024-04-23,42272100010501,42272100011,767158165.224,51.66777352,126.6099455,170.333,0.09418,245.148417,8.501228,0,0,0,0.09876178218,132.5,1,1,0,-28286.75781,0.02774,188.72759747,SWOT_L2_HR_RiverSP_Node_014_159_AS_20240423T032123_20240423T033054_PGD0_01.zip,8,42012937
humaqiao,2024-05-04,42272100010481,42272100011,768102734.939,51.67093891,126.6119383,170.50662,0.09783,256.290514,4.521459,4,1,0,0.31902788619,127.0,1,1,1,52030.875,0.03834,212.98450737,SWOT_L2_HR_RiverSP_Node_014_465_AS_20240504T014354_20240504T015340_PGD0_01.zip,8,42012937
humaqiao,2024-05-04,42272100010491,42272100011,768102734.91,51.66971657,126.6101929,170.68525,0.1065,223.869598,4.029119,5,1,0,0.48832809636,123.0,1,1,1,52042.26562,0.05694,186.41649411,SWOT_L2_HR_RiverSP_Node_014_465_AS_20240504T014354_20240504T015340_PGD0_01.zip,8,42012937
humaqiao,2024-05-04,42272100010501,42272100011,768102734.881,51.66835826,126.608819,170.70809,0.16442,209.703187,1.393298,5,1,0,0.92922228137,132.5,1,1,1,52055.70703,0.1376,188.72759747,SWOT_L2_HR_RiverSP_Node_014_465_AS_20240504T014354_20240504T015340_PGD0_01.zip,8,42012937
humaqiao,2024-05-14,42272100010491,42272100011,768960869.213,51.66928975,126.6107377,170.17019,0.09285,300.716381,8.619151,0,0,0,0.03190987777,123.0,1,1,0,-28835.01758,0.02283,186.41649411,SWOT_L2_HR_RiverSP_Node_015_159_AS_20240514T000632_20240514T001558_PGD0_01.zip,8,42012937
humaqiao,2024-05-14,42272100010501,42272100011,768960869.184,51.66768395,126.6102718,170.29096,0.09396,264.809968,8.54386,0,0,0,0.0,132.5,1,1,0,-28806.21094,0.02697,188.72759747,SWOT_L2_HR_RiverSP_Node_015_159_AS_20240514T000632_20240514T001558_PGD0_01.zip,8,42012937
humaqiao,2024-05-24,42272100010481,42272100011,769905439.833,51.67095106,126.6113307,169.15928,0.09749,245.762606,4.822657,524291,2,0,0.2240365113,127.0,1,1,2,51895.78516,0.03749,212.98450737,SWOT_L2_HR_RiverSP_Node_015_465_AS_20240524T222859_20240524T223845_PGD0_01.zip,8,42012937
humaqiao,2024-05-24,42272100010491,42272100011,769905439.804,51.66989191,126.6099231,169.36064,0.11977,239.121505,2.80705,524291,2,0,0.77710049301,123.0,1,1,2,51923.54297,0.07903,186.41649411,SWOT_L2_HR_RiverSP_Node_015_465_AS_20240524T222859_20240524T223845_PGD0_01.zip,8,42012937
humaqiao,2024-05-24,42272100010501,42272100011,769905439.775,51.66818599,126.6083735,169.04524,0.31567,195.970085,0.843595,524291,2,0,0.95633940887,132.5,1,1,2,51944.64844,0.30257,188.72759747,SWOT_L2_HR_RiverSP_Node_015_465_AS_20240524T222859_20240524T223845_PGD0_01.zip,8,42012937
humaqiao,2025-05-03,42272100010481,42272100011,799606838.482,51.67097421,126.6111443,170.88424,0.09196,298.308091,8.302703,4,1,0,0.03529693296,127.0,1,1,1,-28802.44141,0.01889,212.97058926,SWOT_L2_HR_RiverSP_Node_032_159_AS_20250503T165251_20250503T170217_PIC2_01.zip,8,42012937
humaqiao,2025-05-03,42272100010491,42272100011,799606838.478,51.66929706,126.6108049,171.13472,0.09227,303.686639,8.888729,12,1,0,0.0,123.0,1,1,1,-28759.53711,0.02035,188.12121071,SWOT_L2_HR_RiverSP_Node_032_159_AS_20250503T165251_20250503T170217_PIC2_01.zip,8,42012937
humaqiao,2025-05-03,42272100010501,42272100011,799606838.473,51.66770851,126.6103556,171.21321,0.09252,306.779514,8.784947,4,1,0,0.0,132.5,1,1,1,-28735.61914,0.02146,186.99845465,SWOT_L2_HR_RiverSP_Node_032_159_AS_20250503T165251_20250503T170217_PIC2_01.zip,8,42012937
humaqiao,2025-05-14,42272100010481,42272100011,800551420.407,51.6709742,126.6114064,170.8719,0.09534,259.983182,4.836265,0,0,0,0.16596482886,127.0,1,1,0,52212.81641,0.03146,212.98450737,SWOT_L2_HR_RiverSP_Node_032_465_AS_20250514T151520_20250514T152505_PID0_01.zip,8,42012937
humaqiao,2025-05-14,42272100010491,42272100011,800551420.377,51.66978589,126.6091549,171.10427,0.13633,225.851403,2.273904,5,1,0,0.83699272124,123.0,1,1,0,52221.38672,0.1024,186.41649411,SWOT_L2_HR_RiverSP_Node_032_465_AS_20250514T151520_20250514T152505_PID0_01.zip,8,42012937
humaqiao,2025-05-14,42272100010501,42272100011,800551420.348,51.66722604,126.6096513,171.28944,0.13422,202.786032,2.517545,4,1,0,0.63530552344,132.5,1,1,0,52246.36328,0.09957,188.72759747,SWOT_L2_HR_RiverSP_Node_032_465_AS_20250514T151520_20250514T152505_PID0_01.zip,8,42012937
humaqiao,2025-05-24,42272100010481,42272100011,801409554.507,51.67098241,126.6110962,171.00387,0.09195,297.153499,8.656228,0,0,0,0.0,127.0,1,1,0,-28778.9082,0.01882,212.98450737,SWOT_L2_HR_RiverSP_Node_033_159_AS_20250524T133757_20250524T134723_PID0_01.zip,8,42012937
humaqiao,2025-05-24,42272100010491,42272100011,801409554.478,51.6693004,126.6109166,171.20447,0.09519,299.759847,9.161846,0,0,0,0.0,123.0,1,1,0,-28723.5625,0.03099,186.41649411,SWOT_L2_HR_RiverSP_Node_033_159_AS_20250524T133757_20250524T134723_PID0_01.zip,8,42012937
humaqiao,2025-05-24,42272100010501,42272100011,801409554.449,51.66765137,126.6103517,171.28049,0.09319,290.492631,8.745897,0,0,0,0.0,132.5,1,1,0,-28706.91406,0.02417,188.72759747,SWOT_L2_HR_RiverSP_Node_033_159_AS_20250524T133757_20250524T134723_PID0_01.zip,8,42012937
humaqiao,2025-06-04,42272100010481,42272100011,802354126.768,51.67092898,126.6115971,170.30878,0.09742,260.111318,4.616877,0,0,0,0.25976223915,127.0,1,1,0,52268.73047,0.03729,212.98450737,SWOT_L2_HR_RiverSP_Node_033_465_AS_20250604T120026_20250604T121011_PID0_01.zip,8,42012937
humaqiao,2025-06-04,42272100010491,42272100011,802354126.739,51.66976405,126.6100285,170.44066,0.10677,240.544709,3.509467,0,0,0,0.63008118383,123.0,1,1,0,52292.49609,0.05744,186.41649411,SWOT_L2_HR_RiverSP_Node_033_465_AS_20250604T120026_20250604T121011_PID0_01.zip,8,42012937
humaqiao,2025-06-04,42272100010501,42272100011,802354126.709,51.66734561,126.6092924,170.7629,0.17937,206.25961,1.43454,5,1,0,0.87843450542,132.5,1,1,0,52302.24219,0.15516,188.72759747,SWOT_L2_HR_RiverSP_Node_033_465_AS_20250604T120026_20250604T121011_PID0_01.zip,8,42012937
humaqiao,2025-06-09,42272100020011,42272100021,802818405.12,51.66664762,126.6099853,171.02502,0.09151,802.249245,59.676945,9191425,3,0,0.0,129.0,1,1,0,3992.78467,0.01653,134.60206931,SWOT_L2_HR_RiverSP_Node_034_032_AS_20250609T210527_20250609T211219_PID0_01.zip,8,42012937
humaqiao,2025-06-14,42272100010481,42272100011,803212258.809,51.6708901,126.6115721,170.57923,0.10654,249.678532,7.068674,0,0,0,0.21610988942,127.0,1,1,0,-29234.08008,0.05702,212.98450737,SWOT_L2_HR_RiverSP_Node_034_159_AS_20250614T102301_20250614T103228_PID0_01.zip,8,42012937
humaqiao,2025-06-14,42272100010491,42272100011,803212258.78,51.6693307,126.6107006,170.87211,0.10759,265.178643,9.013877,0,0,0,0.0,123.0,1,1,0,-29202.04688,0.05895,186.41649411,SWOT_L2_HR_RiverSP_Node_034_159_AS_20250614T102301_20250614T103228_PID0_01.zip,8,42012937
humaqiao,2025-06-14,42272100010501,42272100011,803212258.751,51.66814152,126.609813,170.96319,0.1334,189.539213,3.972812,4,1,0,0.49587363459,132.5,1,1,0,-29193.22656,0.09846,188.72759747,SWOT_L2_HR_RiverSP_Node_034_159_AS_20250614T102301_20250614T103228_PID0_01.zip,8,42012937
humaqiao,2025-06-25,42272100010481,42272100011,804156831.574,51.67095519,126.6114322,170.73882,0.09662,262.496658,4.94614,8,1,0,0.15554659055,127.0,1,1,0,52142.40625,0.03514,212.98450737,SWOT_L2_HR_RiverSP_Node_034_465_AS_20250625T084531_20250625T085516_PID0_01.zip,8,42012937
humaqiao,2025-06-25,42272100010491,42272100011,804156831.545,51.66988436,126.6091508,170.71809,0.1403,222.164885,2.083639,4,1,0,0.85105692519,123.0,1,1,0,52163.04297,0.10763,186.41649411,SWOT_L2_HR_RiverSP_Node_034_465_AS_20250625T084531_20250625T085516_PID0_01.zip,8,42012937
humaqiao,2025-06-25,42272100010501,42272100011,804156831.515,51.66737623,126.6096343,170.87724,0.1561,204.177296,2.125163,4,1,0,0.69542919343,132.5,1,1,0,52179.75,0.12754,188.72759747,SWOT_L2_HR_RiverSP_Node_034_465_AS_20250625T084531_20250625T085516_PID0_01.zip,8,42012937
humaqiao,2025-07-05,42272100010481,42272100011,805014965.389,51.67084484,126.6121811,169.13703,0.09114,489.423389,11.066093,8388614,3,0,0.09069783656,127.0,1,1,0,-28814.92773,0.0144,212.98450737,SWOT_L2_HR_RiverSP_Node_035_159_AS_20250705T070808_20250705T071734_PID0_01.zip,8,42012937
humaqiao,2025-07-05,42272100010491,42272100011,805014965.361,51.66938632,126.6105804,168.88786,0.09125,493.815124,12.067208,8388622,3,0,0.00491496287,123.0,1,1,0,-28767.66211,0.01504,186.41649411,SWOT_L2_HR_RiverSP_Node_035_159_AS_20250705T070808_20250705T071734_PID0_01.zip,8,42012937
humaqiao,2025-07-05,42272100010501,42272100011,805014965.332,51.66791936,126.6098113,168.48389,0.09611,328.894573,9.533611,8388614,3,0,0.01451405785,132.5,1,1,0,-28681.97852,0.03372,188.72759747,SWOT_L2_HR_RiverSP_Node_035_159_AS_20250705T070808_20250705T071734_PID0_01.zip,8,42012937
humaqiao,2025-07-16,42272100010481,42272100011,805959537.835,51.6709572,126.6117163,168.96993,0.09765,261.145985,4.652406,524288,2,0,0.32799733557,127.0,1,1,2,52544.28516,0.0379,212.98450737,SWOT_L2_HR_RiverSP_Node_035_465_AS_20250716T053037_20250716T054023_PID0_01.zip,8,42012937
humaqiao,2025-07-16,42272100010491,42272100011,805959537.806,51.66935985,126.6105635,169.13888,0.09612,286.744804,5.637009,524296,2,0,0.0,123.0,1,1,2,52580.01562,0.03375,186.41649411,SWOT_L2_HR_RiverSP_Node_035_465_AS_20250716T053037_20250716T054023_PID0_01.zip,8,42012937
humaqiao,2025-07-16,42272100010501,42272100011,805959537.777,51.66770167,126.6102094,169.25085,0.09487,250.43155,5.619176,524288,2,0,0.00519468145,132.5,1,1,2,52612.29688,0.03,188.72759747,SWOT_L2_HR_RiverSP_Node_035_465_AS_20250716T053037_20250716T054023_PID0_01.zip,8,42012937
humaqiao,2025-07-26,42272100010481,42272100011,806817670.407,51.67099311,126.611365,170.71199,0.09236,288.823152,7.997964,8,1,0,0.05839864842,127.0,1,1,0,-28758.47266,0.02073,212.98450737,SWOT_L2_HR_RiverSP_Node_036_159_AS_20250726T035313_20250726T040239_PID0_01.zip,8,42012937
humaqiao,2025-07-26,42272100010491,42272100011,806817670.377,51.66929452,126.6108477,170.92241,0.09238,306.623263,9.224413,8,1,0,0.0,123.0,1,1,0,-28716.73047,0.02083,186.41649411,SWOT_L2_HR_RiverSP_Node_036_159_AS_20250726T035313_20250726T040239_PID0_01.zip,8,42012937
humaqiao,2025-07-26,42272100010501,42272100011,806817670.349,51.66768074,126.610386,170.97729,0.09188,282.524836,8.999217,8,1,0,0.0,132.5,1,1,0,-28697.78125,0.01847,188.72759747,SWOT_L2_HR_RiverSP_Node_036_159_AS_20250726T035313_20250726T040239_PID0_01.zip,8,42012937
tonghe,2023-08-02,42243100090651,42243100091,744273821.907,45.96595807,128.7518241,103.82363,0.09425,1163.740412,10.624873,12,1,0,0.14269052947,799.0,2,2,0,-57382.91406,0.02798,201.96998018,SWOT_L2_HR_RiverSP_Node_001_338_AS_20230802T064038_20230802T064743_PGD0_01.zip,19,42045560
tonghe,2023-08-02,42243100090661,42243100091,744273821.909,45.96557872,128.7487231,103.80938,0.09528,1097.452572,9.406146,12,1,0,0.25411380289,829.5,2,2,0,-57164.35547,0.03127,204.64574375,SWOT_L2_HR_RiverSP_Node_001_338_AS_20230802T064038_20230802T064743_PGD0_01.zip,19,42045560
tonghe,2023-08-04,42243100090651,42243100091,744494608.193,45.96503514,128.7524324,103.81204,0.09224,1266.000239,11.389858,8,1,0,0.00243095168,799.0,2,2,0,41842.95312,0.02021,201.96998018,SWOT_L2_HR_RiverSP_Node_001_409_AS_20230804T200058_20230804T200637_PGD0_01.zip,19,42045560
tonghe,2023-08-04,42243100090661,42243100091,744494608.17,45.96410463,128.7500401,103.82285,0.09252,1233.133023,11.744421,8,1,0,0.0,829.5,2,2,0,41700.78516,0.02145,204.64574375,SWOT_L2_HR_RiverSP_Node_001_409_AS_20230804T200058_20230804T200637_PGD0_01.zip,19,42045560
tonghe,2023-08-04,42243100090651,42243100091,744494608.193,45.96503514,128.7524324,103.81204,0.09224,1266.000239,11.389858,8,1,0,0.00243095168,799.0,2,2,0,41842.95312,0.02021,201.96998018,SWOT_L2_HR_RiverSP_Node_001_409_AS_20230804T200058_20230804T200637_PGD0_02.zip,19,42045560
tonghe,2023-08-04,42243100090661,42243100091,744494608.17,45.96410463,128.7500401,103.82285,0.09252,1233.133023,11.744421,8,1,0,0.0,829.5,2,2,0,41700.78516,0.02145,204.64574375,SWOT_L2_HR_RiverSP_Node_001_409_AS_20230804T200058_20230804T200637_PGD0_02.zip,19,42045560
tonghe,2023-09-15,42243100090641,42243100091,748100019.149,45.96132591,128.756973,102.13879,0.10618,1032.550922,5.022527,8388613,3,0,0.85590180291,849.0,2,2,0,41833.75391,0.05634,190.50755211,SWOT_L2_HR_RiverSP_Node_003_409_AS_20230915T133109_20230915T133648_PGD0_01.zip,19,42045560
tonghe,2023-09-15,42243100090651,42243100091,748100019.136,45.96384477,128.7540837,102.26629,0.12648,1028.61352,2.721946,5,1,0,0.93742154175,799.0,2,2,0,41621.1875,0.08887,201.96998018,SWOT_L2_HR_RiverSP_Node_003_409_AS_20230915T133109_20230915T133648_PGD0_01.zip,19,42045560
tonghe,2023-09-15,42243100090661,42243100091,748100019.113,45.95962315,128.7543794,102.48535,0.12845,1123.849076,3.431356,5,1,0,0.96229879529,829.5,2,2,0,41467.54688,0.09165,204.64574375,SWOT_L2_HR_RiverSP_Node_003_409_AS_20230915T133109_20230915T133648_PGD0_01.zip,19,42045560
tonghe,2023-10-06,42243100090651,42243100091,749902720.265,45.96349904,128.7534697,101.50361,0.09158,1097.259395,8.302375,12,1,0,0.38211247535,799.0,2,2,0,40722.35938,0.01696,201.96998018,SWOT_L2_HR_RiverSP_Node_004_409_AS_20231006T101610_20231006T102149_PGD0_01.zip,19,42045560
tonghe,2023-10-06,42243100090661,42243100091,749902720.245,45.96336742,128.7507042,101.46627,0.09114,1119.819433,8.598538,12,1,0,0.29186881815,829.5,2,2,0,40542.83594,0.01439,204.64574375,SWOT_L2_HR_RiverSP_Node_004_409_AS_20231006T101610_20231006T102149_PGD0_01.zip,19,42045560
tonghe,2023-10-13,42243100090651,42243100091,750540068.162,45.9649258,128.7525042,101.51178,0.09108,1078.795469,10.752717,8,1,0,0.11211882285,799.0,2,2,0,34834.58984,0.014,201.96998018,SWOT_L2_HR_RiverSP_Node_005_032_AS_20231013T191808_20231013T192500_PGD0_01.zip,19,42045560
tonghe,2023-10-13,42243100090661,42243100091,750540068.169,45.96416453,128.7499615,101.53596,0.09099,1066.057203,10.513326,0,0,0,0.07069369227,829.5,2,2,0,35049.00781,0.01341,204.64574375,SWOT_L2_HR_RiverSP_Node_005_032_AS_20231013T191808_20231013T192500_PGD0_01.zip,19,42045560
tonghe,2023-10-16,42243100090651,42243100091,750760854.308,45.96548485,128.7521466,101.41821,0.09333,1113.317696,9.903753,8,1,0,0.01126014115,799.0,2,2,0,-51030.38672,0.0247,201.96998018,SWOT_L2_HR_RiverSP_Node_005_103_AS_20231016T083805_20231016T084407_PGD0_01.zip,19,42045560
tonghe,2023-10-16,42243100090661,42243100091,750760854.285,45.96447109,128.7496532,101.4411,0.09308,1084.477893,9.464128,8,1,0,0.00227689173,829.5,2,2,0,-51184.82422,0.02376,204.64574375,SWOT_L2_HR_RiverSP_Node_005_103_AS_20231016T083805_20231016T084407_PGD0_01.zip,19,42045560
tonghe,2023-10-24,42243100090651,42243100091,751484639.911,45.96629561,128.7516452,100.76991,0.09678,1064.486575,6.432017,13,1,0,0.45242527527,799.0,2,2,0,-57571.42969,0.03559,201.96998018,SWOT_L2_HR_RiverSP_Node_005_338_AS_20231024T174056_20231024T174801_PGD0_01.zip,19,42045560
tonghe,2023-10-24,42243100090661,42243100091,751484639.916,45.96462724,128.7495514,100.73095,0.09691,1084.43207,6.749267,13,1,0,0.44008801202,829.5,2,2,0,-57353.96094,0.03594,204.64574375,SWOT_L2_HR_RiverSP_Node_005_338_AS_20231024T174056_20231024T174801_PGD0_01.zip,19,42045560
tonghe,2023-10-27,42243100090651,42243100091,751705425.637,45.96579989,128.7520015,100.94998,0.09164,1108.469132,10.404942,0,0,0,0.08755278963,799.0,2,2,0,41352.04688,0.01725,201.96998018,SWOT_L2_HR_RiverSP_Node_005_409_AS_20231027T070116_20231027T070655_PGD0_01.zip,19,42045560
tonghe,2023-10-27,42243100090661,42243100091,751705425.613,45.96468295,128.7495125,100.96666,0.09132,1077.433329,10.244274,8,1,0,0.056686612,829.5,2,2,0,41198.21484,0.01546,204.64574375,SWOT_L2_HR_RiverSP_Node_005_409_AS_20231027T070116_20231027T070655_PGD0_01.zip,19,42045560
tonghe,2023-11-03,42243100090651,42243100091,752342773.543,45.96535594,128.7515301,100.68298,0.09365,1058.582289,5.460454,10,1,0,0.74657126919,799.0,2,2,0,34615.84375,0.0259,201.96998018,SWOT_L2_HR_RiverSP_Node_006_032_AS_20231103T160313_20231103T161005_PGD0_01.zip,19,42045560
tonghe,2023-11-03,42243100090661,42243100091,752342773.549,45.96540172,128.7487262,100.67687,0.09187,1102.488477,7.58897,14,1,0,0.49865360473,829.5,2,2,0,34818.49219,0.01845,204.64574375,SWOT_L2_HR_RiverSP_Node_006_032_AS_20231103T160313_20231103T161005_PGD0_01.zip,19,42045560
tonghe,2023-11-06,42243100090651,42243100091,752563559.725,45.96658207,128.7514143,100.43678,0.10003,1048.65422,8.818985,3,1,0,0.3091421338,799.0,2,2,0,-50517.17188,0.04367,201.96998018,SWOT_L2_HR_RiverSP_Node_006_103_AS_20231106T052310_20231106T052913_PGD0_01.zip,19,42045560
tonghe,2023-11-06,42243100090661,42243100091,752563559.699,45.96581578,128.7484541,100.41228,0.09899,1081.664652,7.74124,11,1,0,0.42683408885,829.5,2,2,0,-50651.30469,0.04121,204.64574375,SWOT_L2_HR_RiverSP_Node_006_103_AS_20231106T052310_20231106T052913_PGD0_01.zip,19,42045560
tonghe,2023-11-14,42243100090651,42243100091,753287345.033,45.96467279,128.7533248,100.31425,0.17798,1048.895869,5.698826,13,1,1,0.92327257333,799.0,2,2,0,-57382.94531,0.15355,201.96998018,SWOT_L2_HR_RiverSP_Node_006_338_AS_20231114T142601_20231114T143306_PGD0_01.zip,19,42045560
tonghe,2023-11-14,42243100090661,42243100091,753287345.041,45.96771331,128.7471947,101.53396,0.54972,1067.338522,4.911146,8390661,3,1,0.99481133054,829.5,2,2,0,-57168.55078,0.5423,204.64574375,SWOT_L2_HR_RiverSP_Node_006_338_AS_20231114T142601_20231114T143306_PGD0_01.zip,19,42045560
tonghe,2023-11-24,42243100090651,42243100091,754145478.794,45.96738869,128.7507717,100.30918,0.09364,1003.278226,11.257567,12,1,1,0.50710699069,799.0,2,2,0,34840.59375,0.02586,201.96998018,SWOT_L2_HR_RiverSP_Node_007_032_AS_20231124T124819_20231124T125510_PGD0_01.zip,19,42045560
tonghe,2023-11-24,42243100090661,42243100091,754145478.803,45.96586335,128.7483843,100.38358,0.09343,1080.243426,13.949406,8,1,1,0.48250792827,829.5,2,2,0,35049.77344,0.02507,204.64574375,SWOT_L2_HR_RiverSP_Node_007_032_AS_20231124T124819_20231124T125510_PGD0_01.zip,19,42045560
tonghe,2023-11-27,42243100090651,42243100091,754366265.093,45.96683817,128.7518991,100.57674,0.15833,1004.568305,8.939658,7,1,1,0.88332370676,799.0,2,2,0,-50538.98438,0.13026,201.96998018,SWOT_L2_HR_RiverSP_Node_007_103_AS_20231127T020816_20231127T021418_PGD0_01.zip,19,42045560
tonghe,2023-11-27,42243100090661,42243100091,754366265.071,45.9647867,128.7496213,100.77413,0.15538,1067.474698,9.707758,15,1,1,0.87983661062,829.5,2,2,0,-50680.15234,0.12667,204.64574375,SWOT_L2_HR_RiverSP_Node_007_103_AS_20231127T020816_20231127T021418_PGD0_01.zip,19,42045560
tonghe,2023-12-05,42243100090651,42243100091,755090050.571,45.96689476,128.7511708,101.0799,0.11277,1005.644952,20.934062,13,1,2,0.42543152672,799.0,2,2,0,-57413.46094,0.06795,201.96998018,SWOT_L2_HR_RiverSP_Node_007_338_AS_20231205T111106_20231205T111812_PGD0_01.zip,19,42045560
tonghe,2023-12-05,42243100090661,42243100091,755090050.58,45.96487223,128.7494495,101.03735,0.10547,1084.619958,25.237222,8,1,2,0.19347417254,829.5,2,2,0,-57201.74219,0.05499,204.64574375,SWOT_L2_HR_RiverSP_Node_007_338_AS_20231205T111106_20231205T111812_PGD0_01.zip,19,42045560
tonghe,2023-12-08,42243100090651,42243100091,755310836.313,45.96618278,128.7516524,100.98355,0.09432,1044.539224,15.306804,10,1,2,0.16070802615,799.0,2,2,0,41330.57031,0.02821,201.96998018,SWOT_L2_HR_RiverSP_Node_007_409_AS_20231208T003126_20231208T003705_PGD0_01.zip,19,42045560
tonghe,2023-12-08,42243100090661,42243100091,755310836.288,45.96446436,128.7497251,101.01095,0.09355,1072.247277,15.419472,10,1,2,0.08303124589,829.5,2,2,0,41192.83594,0.02553,204.64574375,SWOT_L2_HR_RiverSP_Node_007_409_AS_20231208T003126_20231208T003705_PGD0_01.zip,19,42045560
tonghe,2023-12-17,42243100090651,42243100091,756168968.394,45.96709176,128.7509404,100.44114,0.10868,1040.893473,19.537968,10,1,2,0.51687622202,799.0,2,2,0,-51398.69531,0.06092,201.96998018,SWOT_L2_HR_RiverSP_Node_008_103_AS_20231217T225319_20231217T225921_PGD0_01.zip,19,42045560
tonghe,2023-12-17,42243100090661,42243100091,756168968.371,45.96605788,128.7481682,100.46263,0.10696,1089.895465,19.327125,8388622,3,2,0.53992083103,829.5,2,2,0,-51538.85938,0.0578,204.64574375,SWOT_L2_HR_RiverSP_Node_008_103_AS_20231217T225319_20231217T225921_PGD0_01.zip,19,42045560
tonghe,2023-12-28,42243100090651,42243100091,757113542.108,45.96743118,128.7506766,99.97937,0.0991,1038.992629,17.896449,8388620,3,2,0.56631821634,799.0,2,2,1,41425.49219,0.04147,201.96998018,SWOT_L2_HR_RiverSP_Node_008_409_AS_20231228T211632_20231228T212211_PGD0_01.zip,19,42045560
tonghe,2023-12-28,42243100090661,42243100091,757113542.086,45.96587335,128.7483514,100.05647,0.09729,980.266425,19.203169,12,1,2,0.43730625076,829.5,2,2,1,41261.27344,0.03695,204.64574375,SWOT_L2_HR_RiverSP_Node_008_409_AS_20231228T211632_20231228T212211_PGD0_01.zip,19,42045560
tonghe,2024-01-05,42243100090651,42243100091,757750889.016,45.96566147,128.7521593,100.47438,0.09454,1025.636217,24.446666,10,1,2,0.04838795883,799.0,2,2,0,34740.18359,0.02896,201.96998018,SWOT_L2_HR_RiverSP_Node_009_032_AS_20240105T061829_20240105T062520_PGD0_01.zip,19,42045560
tonghe,2024-01-05,42243100090661,42243100091,757750889.023,45.96418177,128.7499066,100.75714,0.09451,1087.805094,25.317423,8388618,3,2,0.17252554874,829.5,2,2,0,34948.77734,0.02885,204.64574375,SWOT_L2_HR_RiverSP_Node_009_032_AS_20240105T061829_20240105T062520_PGD0_01.zip,19,42045560
tonghe,2024-01-07,42243100090651,42243100091,757971674.814,45.96699122,128.7509889,99.77751,0.10983,1018.220445,18.581599,10,1,2,0.50864808938,799.0,2,2,0,-50926.39453,0.06295,201.96998018,SWOT_L2_HR_RiverSP_Node_009_103_AS_20240107T193825_20240107T194428_PGD0_01.zip,19,42045560
tonghe,2024-01-07,42243100090661,42243100091,757971674.791,45.96595634,128.7483504,99.82482,0.10866,1082.007958,20.030682,10,1,2,0.54314815689,829.5,2,2,0,-51067.36328,0.06088,204.64574375,SWOT_L2_HR_RiverSP_Node_009_103_AS_20240107T193825_20240107T194428_PGD0_01.zip,19,42045560
tonghe,2024-01-16,42243100090651,42243100091,758695460.83,45.96730316,128.7508788,99.97968,0.11358,1071.795192,16.338937,524296,2,2,0.56709101819,799.0,2,2,2,-57288.81641,0.06928,201.96998018,SWOT_L2_HR_RiverSP_Node_009_338_AS_20240116T044117_20240116T044822_PGD0_01.zip,19,42045560
tonghe,2024-01-16,42243100090661,42243100091,758695460.837,45.96606317,128.7482094,100.18702,0.11422,1040.910479,15.707379,524289,2,2,0.59630366115,829.5,2,2,2,-57078.67969,0.07032,204.64574375,SWOT_L2_HR_RiverSP_Node_009_338_AS_20240116T044117_20240116T044822_PGD0_01.zip,19,42045560
tonghe,2024-01-18,42243100090651,42243100091,758916247.16,45.96732457,128.7508369,100.27819,0.09829,1014.367735,17.7621,12,1,2,0.52339818101,799.0,2,2,0,41481.94141,0.03951,201.96998018,SWOT_L2_HR_RiverSP_Node_009_409_AS_20240118T180137_20240118T180716_PGD0_01.zip,19,42045560
tonghe,2024-01-18,42243100090661,42243100091,758916247.137,45.96580132,128.7484777,100.35851,0.09658,970.683413,25.281613,8,1,2,0.44107944528,829.5,2,2,0,41336.10938,0.03504,204.64574375,SWOT_L2_HR_RiverSP_Node_009_409_AS_20240118T180137_20240118T180716_PGD0_01.zip,19,42045560
tonghe,2024-01-26,42243100090651,42243100091,759553594.86,45.96621923,128.7518908,100.53437,0.09504,1057.943814,27.833999,8388618,3,2,0.17650980977,799.0,2,2,0,34922.59766,0.03055,201.96998018,SWOT_L2_HR_RiverSP_Node_010_032_AS_20240126T030335_20240126T031026_PGD0_01.zip,19,42045560
tonghe,2024-01-26,42243100090661,42243100091,759553594.869,45.96516669,128.7490506,100.61129,0.09494,1076.576102,25.494035,8388618,3,2,0.25533625316,829.5,2,2,0,35133.00781,0.03024,204.64574375,SWOT_L2_HR_RiverSP_Node_010_032_AS_20240126T030335_20240126T031026_PGD0_01.zip,19,42045560
tonghe,2024-02-06,42243100090651,42243100091,760498166.284,45.96097735,128.7559459,100.95455,0.89052,1080.767437,15.099798,2053,1,2,0.99793516336,799.0,2,2,0,-57234.48828,0.88596,201.96998018,SWOT_L2_HR_RiverSP_Node_010_338_AS_20240206T012622_20240206T013328_PGD0_01.zip,19,42045560
tonghe,2024-02-06,42243100090661,42243100091,760498166.292,45.96498994,128.7496284,99.93776,0.51911,1053.010317,12.436573,2053,1,2,0.99789516619,829.5,2,2,0,-57003.47656,0.51125,204.64574375,SWOT_L2_HR_RiverSP_Node_010_338_AS_20240206T012622_20240206T013328_PGD0_01.zip,19,42045560
tonghe,2024-02-08,42243100090651,42243100091,760718951.852,45.96721633,128.7508997,100.12636,0.0979,994.136624,18.803591,12,1,2,0.46258748595,799.0,2,2,0,41220.92969,0.03852,201.96998018,SWOT_L2_HR_RiverSP_Node_010_409_AS_20240208T144642_20240208T145221_PGD0_01.zip,19,42045560
tonghe,2024-02-08,42243100090661,42243100091,760718951.828,45.96572926,128.7485229,100.24145,0.09678,971.387288,20.585167,8,1,2,0.39314017812,829.5,2,2,0,41074.91406,0.03558,204.64574375,SWOT_L2_HR_RiverSP_Node_010_409_AS_20240208T144642_20240208T145221_PGD0_01.zip,19,42045560
tonghe,2024-03-28,42243100090641,42243100091,764961707.228,45.96232124,128.7561688,101.69176,0.11164,920.576112,2.89507,786433,2,1,0.9575194146,849.0,2,2,0,34641.44141,0.06605,190.50755211,SWOT_L2_HR_RiverSP_Node_013_032_AS_20240328T171857_20240328T172548_PGD0_01.zip,19,42045560
tonghe,2024-03-28,42243100090651,42243100091,764961707.226,45.96313192,128.7532148,101.75032,0.09501,1038.433252,4.683798,786433,2,1,0.84727646031,799.0,2,2,0,34833.62109,0.03046,201.96998018,SWOT_L2_HR_RiverSP_Node_013_032_AS_20240328T171857_20240328T172548_PGD0_01.zip,19,42045560
tonghe,2024-03-28,42243100090661,42243100091,764961707.233,45.96252721,128.7516427,101.63163,0.09659,1067.051123,4.124025,9175041,3,1,0.87117120727,829.5,2,2,0,35047.59375,0.03505,204.64574375,SWOT_L2_HR_RiverSP_Node_013_032_AS_20240328T171857_20240328T172548_PGD0_01.zip,19,42045560
tonghe,2024-03-31,42243100090641,42243100091,765182493.146,45.96171986,128.75676,101.77398,0.12837,1018.794277,4.521215,7,1,1,0.92615555831,849.0,2,2,0,-50348.87109,0.09153,190.50755211,SWOT_L2_HR_RiverSP_Node_013_103_AS_20240331T063834_20240331T064446_PGD0_01.zip,19,42045560
tonghe,2024-03-31,42243100090651,42243100091,765182493.134,45.9643255,128.7519172,102.07589,0.1692,1064.62222,4.235693,7,1,1,0.94008223084,799.0,2,2,0,-50543.76562,0.14328,201.96998018,SWOT_L2_HR_RiverSP_Node_013_103_AS_20240331T063834_20240331T064446_PGD0_01.zip,19,42045560
tonghe,2024-03-31,42243100090661,42243100091,765182493.108,45.96145678,128.75151,101.88416,0.12587,1043.044228,5.027825,7,1,1,0.88176385121,829.5,2,2,0,-50691.57031,0.088,204.64574375,SWOT_L2_HR_RiverSP_Node_013_103_AS_20240331T063834_20240331T064446_PGD0_01.zip,19,42045560
tonghe,2024-03-31,42243100090671,42243100091,765182493.085,45.96097029,128.7502282,101.95223,0.09906,1066.150516,7.311089,6,1,1,0.68391978988,1042.0,2,2,0,-50892.6875,0.04138,218.21046458,SWOT_L2_HR_RiverSP_Node_013_103_AS_20240331T063834_20240331T064446_PGD0_01.zip,19,42045560
tonghe,2024-04-11,42243100090651,42243100091,766127065.341,45.96538274,128.7521945,101.27074,0.09125,1125.588097,10.767615,8,1,1,0.00409448228,799.0,2,2,0,41923.53516,0.01503,201.96998018,SWOT_L2_HR_RiverSP_Node_013_409_AS_20240411T050153_20240411T050734_PGD0_01.zip,19,42045560
tonghe,2024-04-11,42243100090661,42243100091,766127065.318,45.96443311,128.7497347,101.25433,0.09124,1098.160349,10.416802,8,1,1,0.00415779095,829.5,2,2,0,41770.38281,0.015,204.64574375,SWOT_L2_HR_RiverSP_Node_013_409_AS_20240411T050153_20240411T050734_PGD0_01.zip,19,42045560
tonghe,2024-04-18,42243100090651,42243100091,766764413.089,45.96565984,128.7520504,100.67925,0.09196,1114.450892,11.403005,15,1,0,0.05100657411,799.0,2,2,0,34875.08594,0.0189,201.96998018,SWOT_L2_HR_RiverSP_Node_014_032_AS_20240418T140403_20240418T141054_PGD0_01.zip,19,42045560
tonghe,2024-04-18,42243100090661,42243100091,766764413.099,45.96453317,128.7496106,100.74905,0.09202,1088.294671,11.340941,15,1,0,0.02814136186,829.5,2,2,0,35085.76172,0.01916,204.64574375,SWOT_L2_HR_RiverSP_Node_014_032_AS_20240418T140403_20240418T141054_PGD0_01.zip,19,42045560
tonghe,2024-04-29,42243100090651,42243100091,767708983.637,45.96682474,128.7512258,100.36187,0.09402,1073.565364,7.143801,12,1,0,0.40404127695,799.0,2,2,0,-56911.46875,0.0272,201.96998018,SWOT_L2_HR_RiverSP_Node_014_338_AS_20240429T122659_20240429T123351_PGD0_01.zip,19,42045560
tonghe,2024-04-29,42243100090661,42243100091,767708983.645,45.96552204,128.7487366,100.32492,0.09433,1073.681709,6.024972,5,1,0,0.44769513395,829.5,2,2,0,-56697.10938,0.02825,204.64574375,SWOT_L2_HR_RiverSP_Node_014_338_AS_20240429T122659_20240429T123351_PGD0_01.zip,19,42045560
tonghe,2024-05-02,42243100090651,42243100091,767929769.122,45.96630274,128.751599,100.48089,0.09276,1120.291165,10.167778,8,1,0,0.23243715191,799.0,2,2,0,41253.42188,0.02245,201.96998018,SWOT_L2_HR_RiverSP_Node_014_409_AS_20240502T014659_20240502T015238_PGD0_01.zip,19,42045560
tonghe,2024-05-02,42243100090661,42243100091,767929769.1,45.96498901,128.749231,100.57309,0.09245,1066.044767,10.242057,0,0,0,0.13904324564,829.5,2,2,0,41088.73828,0.02116,204.64574375,SWOT_L2_HR_RiverSP_Node_014_409_AS_20240502T014659_20240502T015238_PGD0_01.zip,19,42045560
tonghe,2024-05-09,42243100090651,42243100091,768567116.636,45.96578518,128.7524186,99.77302,0.09909,1063.618383,5.672202,786433,2,0,0.73250253169,799.0,2,2,0,35326.92969,0.04146,201.96998018,SWOT_L2_HR_RiverSP_Node_015_032_AS_20240509T104856_20240509T105548_PGD0_01.zip,19,42045560
tonghe,2024-05-09,42243100090661,42243100091,768567116.649,45.96461857,128.7494232,99.78722,0.10351,1083.680393,4.635259,786433,2,0,0.82069080653,829.5,2,2,0,35516.28125,0.05113,204.64574375,SWOT_L2_HR_RiverSP_Node_015_032_AS_20240509T104856_20240509T105548_PGD0_01.zip,19,42045560
tonghe,2024-05-09,42243100090671,42243100091,768567116.652,45.96292528,128.7486177,99.99599,0.15235,974.858002,3.593284,786433,2,0,0.87904037572,1042.0,2,2,0,35745.58594,0.12292,218.21046458,SWOT_L2_HR_RiverSP_Node_015_032_AS_20240509T104856_20240509T105548_PGD0_01.zip,19,42045560
tonghe,2024-05-12,42243100090651,42243100091,768787903.113,45.96647538,128.7515738,99.79921,0.09533,1063.901124,9.539421,14,1,0,0.28325295279,799.0,2,2,0,-50869.15234,0.03142,201.96998018,SWOT_L2_HR_RiverSP_Node_015_103_AS_20240512T000854_20240512T001456_PGD0_01.zip,19,42045560
tonghe,2024-05-12,42243100090661,42243100091,768787903.091,45.9654907,128.7487035,99.99582,0.09681,1083.400677,10.140246,14,1,0,0.31384596651,829.5,2,2,0,-51027.61719,0.03567,204.64574375,SWOT_L2_HR_RiverSP_Node_015_103_AS_20240512T000854_20240512T001456_PGD0_01.zip,19,42045560
tonghe,2024-05-20,42243100090651,42243100091,769511688.366,45.9652446,128.7525604,100.40401,0.10167,1029.515163,3.967927,7,1,0,0.79507574697,799.0,2,2,0,-57097.84766,0.04729,201.96998018,SWOT_L2_HR_RiverSP_Node_015_338_AS_20240520T091144_20240520T091850_PGD0_01.zip,19,42045560
tonghe,2024-05-20,42243100090661,42243100091,769511688.374,45.96452619,128.7495632,100.44857,0.10601,1062.818826,2.714451,7,1,0,0.88084917069,829.5,2,2,0,-56881.24219,0.05601,204.64574375,SWOT_L2_HR_RiverSP_Node_015_338_AS_20240520T091144_20240520T091850_PGD0_01.zip,19,42045560
tonghe,2024-05-22,42243100090651,42243100091,769732473.945,45.9668357,128.7511663,100.42035,0.09233,1088.599737,9.317984,12,1,0,0.33952553467,799.0,2,2,0,41083.65234,0.02063,201.96998018,SWOT_L2_HR_RiverSP_Node_015_409_AS_20240522T223204_20240522T223743_PGD0_01.zip,19,42045560
tonghe,2024-05-22,42243100090661,42243100091,769732473.924,45.96594596,128.7483204,100.45673,0.09276,1040.319665,8.474577,12,1,0,0.38402172711,829.5,2,2,0,40912.48828,0.02245,204.64574375,SWOT_L2_HR_RiverSP_Node_015_409_AS_20240522T223204_20240522T223743_PGD0_01.zip,19,42045560
tonghe,2025-05-10,42243100090651,42243100091,800157667.302,45.96701664,128.7510208,100.57216,0.09859,1083.634121,8.13628,5,1,0,0.4097716351,799.0,2,2,0,-56927.28906,0.04025,201.96998018,SWOT_L2_HR_RiverSP_Node_032_338_AS_20250510T015803_20250510T020509_PID0_01.zip,19,42045560
tonghe,2025-05-10,42243100090661,42243100091,800157667.309,45.96515961,128.7489657,100.58743,0.0963,1043.791036,8.590775,12,1,0,0.20371619605,829.5,2,2,0,-56713.95312,0.03426,204.64574375,SWOT_L2_HR_RiverSP_Node_032_338_AS_20250510T015803_20250510T020509_PID0_01.zip,19,42045560
tonghe,2025-05-12,42243100090641,42243100091,800378453.696,45.96323885,128.7558477,101.08588,0.1076,991.914723,4.406758,7,1,0,0.80602172462,849.0,2,2,0,41517.86328,0.05898,190.50755211,SWOT_L2_HR_RiverSP_Node_032_409_AS_20250512T151824_20250512T152403_PID0_01.zip,19,42045560
tonghe,2025-05-12,42243100090651,42243100091,800378453.681,45.96269212,128.7538896,101.00541,0.09613,1103.201597,6.702138,15,1,0,0.61788430302,799.0,2,2,0,41314.09375,0.03377,201.96998018,SWOT_L2_HR_RiverSP_Node_032_409_AS_20250512T151824_20250512T152403_PID0_01.zip,19,42045560
tonghe,2025-05-12,42243100090661,42243100091,800378453.657,45.96185487,128.752172,100.97916,0.09508,1117.398878,6.109517,7,1,0,0.66234685774,829.5,2,2,0,41148.68359,0.03067,204.64574375,SWOT_L2_HR_RiverSP_Node_032_409_AS_20250512T151824_20250512T152403_PID0_01.zip,19,42045560
tonghe,2025-05-12,42243100090671,42243100091,800378453.63,45.96090084,128.7504507,100.89528,0.09634,1064.536109,5.255432,7,1,0,0.71901020946,1042.0,2,2,0,40997.32422,0.03437,218.21046458,SWOT_L2_HR_RiverSP_Node_032_409_AS_20250512T151824_20250512T152403_PID0_01.zip,19,42045560
tonghe,2025-05-20,42243100090651,42243100091,801015802.023,45.96561493,128.7520017,101.38014,0.09204,1091.831348,10.375237,786441,2,0,0.01176269953,799.0,2,2,0,34899.24219,0.01926,201.96998018,SWOT_L2_HR_RiverSP_Node_033_032_AS_20250520T002022_20250520T002713_PID0_01.zip,19,42045560
tonghe,2025-05-20,42243100090661,42243100091,801015802.032,45.96444866,128.7496963,101.40718,0.092,1092.724543,10.634982,786433,2,0,0.0,829.5,2,2,0,35113.17188,0.01908,204.64574375,SWOT_L2_HR_RiverSP_Node_033_032_AS_20250520T002022_20250520T002713_PID0_01.zip,19,42045560
tonghe,2025-05-22,42243100090641,42243100091,801236588.187,45.96539072,128.7540364,101.97545,0.11695,1051.85785,3.699867,7,1,0,0.85392472475,849.0,2,2,0,-50553.44922,0.07469,190.50755211,SWOT_L2_HR_RiverSP_Node_033_103_AS_20250522T134019_20250522T134621_PID0_01.zip,19,42045560
tonghe,2025-05-22,42243100090651,42243100091,801236588.173,45.96352673,128.7533639,101.54644,0.13356,1002.663287,3.217342,7,1,0,0.86400847331,799.0,2,2,0,-50751.3125,0.09869,201.96998018,SWOT_L2_HR_RiverSP_Node_033_103_AS_20250522T134019_20250522T134621_PID0_01.zip,19,42045560
tonghe,2025-05-22,42243100090661,42243100091,801236588.148,45.96321492,128.7509611,101.69438,0.16867,1006.140075,2.255306,7,1,0,0.92853061798,829.5,2,2,0,-50839.35156,0.14266,204.64574375,SWOT_L2_HR_RiverSP_Node_033_103_AS_20250522T134019_20250522T134621_PID0_01.zip,19,42045560
tonghe,2025-05-30,42243100090651,42243100091,801960374.595,45.96642383,128.7514998,100.94381,0.09424,1049.632189,8.429328,13,1,0,0.21153882091,799.0,2,2,0,-57609.03125,0.02794,201.96998018,SWOT_L2_HR_RiverSP_Node_033_338_AS_20250530T224310_20250530T225016_PID0_01.zip,19,42045560
tonghe,2025-05-30,42243100090661,42243100091,801960374.606,45.96487092,128.7493441,101.01029,0.09397,1088.785633,7.827477,12,1,0,0.22419387664,829.5,2,2,0,-57398.57031,0.02702,204.64574375,SWOT_L2_HR_RiverSP_Node_033_338_AS_20250530T224310_20250530T225016_PID0_01.zip,19,42045560
tonghe,2025-06-02,42243100090651,42243100091,802181160.48,45.96352229,128.7533872,101.23738,0.09498,1089.688125,7.306476,13,1,0,0.59055282971,799.0,2,2,0,41446.71094,0.03036,201.96998018,SWOT_L2_HR_RiverSP_Node_033_409_AS_20250602T120330_20250602T120909_PID0_01.zip,19,42045560
tonghe,2025-06-02,42243100090661,42243100091,802181160.458,45.96273866,128.7513139,101.23494,0.09451,1087.77694,6.66137,13,1,0,0.60263545817,829.5,2,2,0,41283.89844,0.02886,204.64574375,SWOT_L2_HR_RiverSP_Node_033_409_AS_20250602T120330_20250602T120909_PID0_01.zip,19,42045560
tonghe,2025-06-09,42243100090651,42243100091,802818507.145,45.96581832,128.7519034,101.07216,0.09552,1155.800271,15.83114,10,1,0,0.11132367746,799.0,2,2,0,34795.35156,0.03201,201.96998018,SWOT_L2_HR_RiverSP_Node_034_032_AS_20250609T210527_20250609T211219_PID0_01.zip,19,42045560
tonghe,2025-06-09,42243100090661,42243100091,802818507.149,45.96434402,128.7497388,101.0588,0.09476,1160.757689,14.508933,10,1,0,0.00932428833,829.5,2,2,0,35012.15625,0.02966,204.64574375,SWOT_L2_HR_RiverSP_Node_034_032_AS_20250609T210527_20250609T211219_PID0_01.zip,19,42045560
tonghe,2025-06-12,42243100090651,42243100091,803039292.906,45.96666204,128.7515704,101.39156,0.09917,1051.850107,5.971695,7,1,0,0.68958102801,799.0,2,2,0,-51121.28125,0.04166,201.96998018,SWOT_L2_HR_RiverSP_Node_034_103_AS_20250612T102523_20250612T103126_PID0_01.zip,19,42045560
tonghe,2025-06-12,42243100090661,42243100091,803039292.889,45.96564948,128.7488593,101.4105,0.09769,1065.488685,5.259313,7,1,0,0.61533086804,829.5,2,2,0,-51305.99219,0.03798,204.64574375,SWOT_L2_HR_RiverSP_Node_034_103_AS_20250612T102523_20250612T103126_PID0_01.zip,19,42045560
tonghe,2025-06-20,42243100090651,42243100091,803763078.653,45.96902072,128.749963,101.00841,0.3351,1051.833197,1.092235,8912899,3,0,0.98498966845,799.0,2,2,2,-57338.17969,0.32278,201.96998018,SWOT_L2_HR_RiverSP_Node_034_338_AS_20250620T192815_20250620T193520_PID0_01.zip,19,42045560
tonghe,2025-06-20,42243100090661,42243100091,803763078.661,45.96726635,128.7460978,99.79105,0.18517,1050.908031,2.162047,8912899,3,0,0.93931957619,829.5,2,2,2,-57115.90625,0.16183,204.64574375,SWOT_L2_HR_RiverSP_Node_034_338_AS_20250620T192815_20250620T193520_PID0_01.zip,19,42045560
tonghe,2025-06-23,42243100090651,42243100091,803983865.017,45.96721899,128.7507846,102.14603,0.09243,1066.157281,7.846237,4,1,0,0.55072369671,799.0,2,2,0,41219.41406,0.02106,201.96998018,SWOT_L2_HR_RiverSP_Node_034_409_AS_20250623T084835_20250623T085414_PID0_01.zip,19,42045560
tonghe,2025-06-23,42243100090661,42243100091,803983864.994,45.9658821,128.7483756,102.1914,0.0914,1096.244933,8.776735,12,1,0,0.38589944693,829.5,2,2,0,41070.21094,0.01596,204.64574375,SWOT_L2_HR_RiverSP_Node_034_409_AS_20250623T084835_20250623T085414_PID0_01.zip,19,42045560
tonghe,2025-06-30,42243100090641,42243100091,804621212.85,45.96226756,128.756604,101.63795,0.09698,1111.89518,12.143332,262153,2,0,0.0,849.0,2,2,0,34555.14062,0.03612,190.50755211,SWOT_L2_HR_RiverSP_Node_035_032_AS_20250630T175033_20250630T175724_PID0_01.zip,19,42045560
tonghe,2025-06-30,42243100090651,42243100091,804621212.846,45.96190915,128.754497,101.62637,0.09651,1136.660509,11.668586,262153,2,0,0.0,799.0,2,2,0,34752.00781,0.03486,201.96998018,SWOT_L2_HR_RiverSP_Node_035_032_AS_20250630T175033_20250630T175724_PID0_01.zip,19,42045560
tonghe,2025-06-30,42243100090661,42243100091,804621212.852,45.96153923,128.7524095,101.59231,0.09602,1102.652033,12.012136,262153,2,0,0.0,829.5,2,2,0,34965.60938,0.03346,204.64574375,SWOT_L2_HR_RiverSP_Node_035_032_AS_20250630T175033_20250630T175724_PID0_01.zip,19,42045560
tonghe,2025-06-30,42243100090671,42243100091,804621212.861,45.96128864,128.7499372,101.69188,0.09631,1005.796158,10.751058,262153,2,0,0.0,1042.0,2,2,0,35192.82031,0.03427,218.21046458,SWOT_L2_HR_RiverSP_Node_035_032_AS_20250630T175033_20250630T175724_PID0_01.zip,19,42045560
tonghe,2025-07-03,42243100090651,42243100091,804841999.13,45.96545841,128.7521299,102.10027,0.0926,1115.254952,9.923521,10,1,0,0.0,799.0,2,2,0,-50647.78906,0.0218,201.96998018,SWOT_L2_HR_RiverSP_Node_035_103_AS_20250703T071030_20250703T071632_PID0_01.zip,19,42045560
tonghe,2025-07-03,42243100090661,42243100091,804841999.106,45.96445407,128.7496981,102.15299,0.09268,1101.24846,9.323149,2,1,0,0.00113719287,829.5,2,2,0,-50802.12891,0.02212,204.64574375,SWOT_L2_HR_RiverSP_Node_035_103_AS_20250703T071030_20250703T071632_PID0_01.zip,19,42045560
tonghe,2025-07-11,42243100090651,42243100091,805565785.355,45.96473216,128.7526303,102.30228,0.09844,1081.806981,8.698031,13,1,0,0.31769675781,799.0,2,2,0,-57564.79297,0.03987,201.96998018,SWOT_L2_HR_RiverSP_Node_035_338_AS_20250711T161321_20250711T162027_PID0_01.zip,19,42045560
tonghe,2025-07-11,42243100090661,42243100091,805565785.362,45.96419373,128.7500348,102.37682,0.09672,1067.045394,8.63287,13,1,0,0.19829226195,829.5,2,2,0,-57348.45312,0.03544,204.64574375,SWOT_L2_HR_RiverSP_Node_035_338_AS_20250711T161321_20250711T162027_PID0_01.zip,19,42045560
tonghe,2025-07-14,42243100090651,42243100091,805786571.485,45.96528039,128.752278,102.10508,0.09102,1115.254431,10.543963,8,1,0,0.0096622305,799.0,2,2,0,41792.54297,0.01357,201.96998018,SWOT_L2_HR_RiverSP_Node_035_409_AS_20250714T053341_20250714T053920_PID0_01.zip,19,42045560
tonghe,2025-07-14,42243100090661,42243100091,805786571.462,45.96438839,128.749758,102.12987,0.09106,1097.792064,10.237725,8,1,0,0.0069581423,829.5,2,2,0,41640.64062,0.01384,204.64574375,SWOT_L2_HR_RiverSP_Node_035_409_AS_20250714T053341_20250714T053920_PID0_01.zip,19,42045560
tonghe,2025-07-21,42243100090651,42243100091,806423918.371,45.96566457,128.7520072,101.27116,0.09123,1097.272016,11.655286,8,1,0,0.06359314688,799.0,2,2,0,34817.82031,0.01493,201.96998018,SWOT_L2_HR_RiverSP_Node_036_032_AS_20250721T143538_20250721T144230_PID0_01.zip,19,42045560
tonghe,2025-07-21,42243100090661,42243100091,806423918.378,45.96470139,128.7495114,101.31026,0.09108,1064.553908,10.456366,8,1,0,0.04574880701,829.5,2,2,0,35033.21875,0.01399,204.64574375,SWOT_L2_HR_RiverSP_Node_036_032_AS_20250721T143538_20250721T144230_PID0_01.zip,19,42045560
tonghe,2025-07-21,42243100090651,42243100091,806423918.371,45.96566457,128.7520072,101.27116,0.09123,1097.272016,11.655286,8,1,0,0.06359314688,799.0,2,2,0,34817.82031,0.01493,201.96998018,SWOT_L2_HR_RiverSP_Node_036_032_AS_20250721T143538_20250721T144230_PID0_02.zip,19,42045560
tonghe,2025-07-21,42243100090661,42243100091,806423918.378,45.96470139,128.7495114,101.31026,0.09108,1064.553908,10.456366,8,1,0,0.04574880701,829.5,2,2,0,35033.21875,0.01399,204.64574375,SWOT_L2_HR_RiverSP_Node_036_032_AS_20250721T143538_20250721T144230_PID0_02.zip,19,42045560
tonghe,2025-07-24,42243100090651,42243100091,806644704.38,45.96614662,128.7517396,100.88509,0.09331,1111.931654,8.721399,10,1,0,0.20490331517,799.0,2,2,0,-50621.84766,0.02462,201.96998018,SWOT_L2_HR_RiverSP_Node_036_103_AS_20250724T035535_20250724T040137_PID0_01.zip,19,42045560
tonghe,2025-07-24,42243100090661,42243100091,806644704.358,45.96477659,128.7494213,100.90823,0.09275,1091.256705,8.897712,6,1,0,0.10396251488,829.5,2,2,0,-50781.47656,0.02241,204.64574375,SWOT_L2_HR_RiverSP_Node_036_103_AS_20250724T035535_20250724T040137_PID0_01.zip,19,42045560
tonghe,2025-07-24,42243100090651,42243100091,806644704.38,45.96614662,128.7517396,100.88509,0.09331,1111.931654,8.721399,10,1,0,0.20490331517,799.0,2,2,0,-50621.84766,0.02462,201.96998018,SWOT_L2_HR_RiverSP_Node_036_103_AS_20250724T035535_20250724T040137_PID0_02.zip,19,42045560
tonghe,2025-07-24,42243100090661,42243100091,806644704.358,45.96477659,128.7494213,100.90823,0.09275,1091.256705,8.897712,6,1,0,0.10396251488,829.5,2,2,0,-50781.47656,0.02241,204.64574375,SWOT_L2_HR_RiverSP_Node_036_103_AS_20250724T035535_20250724T040137_PID0_02.zip,19,42045560
