stationid,w50,w_low,w_high,num
Australia_116006,56.0372140128225,31.5132691494428,82.68248010688478,70
Australia_204007,91.35278860621132,48.70154200694558,123.37158857421386,288
Australia_802055,111.2593428017255,47.58454594843175,157.89466098000372,471
Australia_818035,49.80876599557735,38.96465668881804,60.83926861876092,365
Brazil_10200000,67.82346340229434,34.00696983147058,86.61012532665444,90
Brazil_10300000,127.84800318414368,87.25417756466325,151.2583910047053,71
Brazil_10500000,219.29512015420835,172.5080395876621,268.88996434822013,112
Brazil_10800000,108.94518548068116,58.23670762744779,141.5871016038716,52
Brazil_10910000,178.79721894517635,94.61065856308174,297.4904450579261,57
Brazil_11450000,781.6937182695611,766.7272984088962,791.8556567712617,40
Brazil_12150000,119.33302036035,75.2758317236468,150.34935006638233,61
Brazil_12180000,104.72369784431363,85.5890021387462,130.77911053950328,67
Brazil_12200000,332.30308003403064,258.90146984340885,359.7553980456357,126
Brazil_12230000,83.71862531173173,65.59862993815543,104.29700492803322,90
Brazil_12240000,407.482552929555,342.0068771347295,418.1820324869733,66
Brazil_12370000,70.86492876827536,50.37476541519065,102.34710582167662,119
Brazil_12390000,102.02936033091036,48.1975616015708,151.55792587781815,123
Brazil_12500000,124.3995712554304,76.39359470144231,179.93199893108994,97
Brazil_12520000,166.65375769139868,149.0504362549323,212.95533078089258,97
Brazil_12550000,168.97119821604167,137.34624099358535,219.62887286574744,209
Brazil_12560000,68.92433520626514,41.35426208818411,96.6184800645112,112
Brazil_12600001,99.62489515832812,84.19484306449382,114.47311284560041,124
Brazil_12650000,74.9705940419209,39.418878156566876,136.2815728581383,109
Brazil_12700000,305.1941273487753,232.41996246166153,402.6192537624221,196
Brazil_12880000,139.83564626334532,104.45573599795124,156.1719609334981,89
Brazil_13180000,144.154382944543,108.04614989343068,196.81044562705478,126
Brazil_13410000,147.88601184898448,116.12624340161057,188.14724517343936,140
Brazil_13650000,70.16997259907535,44.72831891684207,112.76368768989887,236
Brazil_13710001,229.239382452058,136.20643736229977,293.94806597096914,147
Brazil_13740000,111.26055703836872,69.8512740816213,150.66701400287607,138
Brazil_13750000,259.5171489883708,203.73362163526085,358.29999493455864,252
Brazil_13848000,64.81449654162495,44.29100132335337,80.21762843743939,154
Brazil_13849000,58.396530525266165,34.00601813353991,83.78160204627218,153
Brazil_13870000,284.905782796002,248.732395490356,360.70406358248664,145
Brazil_13880000,448.4315549895497,363.2875158451088,523.0710313843864,158
Brazil_13886000,233.599573865579,177.76589053719314,253.6650261910792,127
Brazil_14110000,652.155127223586,573.2325836035728,700.9235358080216,37
Brazil_14230000,175.36388818110825,70.5325348011544,228.3690181457211,31
Brazil_14250000,1079.319006663155,966.4293077318453,1101.9520766530493,39
Brazil_14260000,423.582454792729,51.4829140248319,432.0014215927325,31
Brazil_14440000,122.574347665433,74.28342882105564,142.7463243251347,103
Brazil_14450000,245.04231633254133,136.82772275466016,274.52047170780617,79
Brazil_14488000,202.5258175593033,49.746307224421145,220.0927800016011,65
Brazil_14495000,372.1648833084664,338.0129327205808,390.26832187262136,119
Brazil_14500000,435.4892133586566,403.4138298939256,465.7938079077336,125
Brazil_14515000,408.964630215842,357.59806593350834,424.4200782892674,96
Brazil_14526000,89.45077199473539,65.36388855196248,115.09244923668871,51
Brazil_14550000,64.3636846073313,32.1585221280833,92.74517781739216,125
Brazil_14650000,92.62851975787032,74.4714052794599,110.27073314024597,76
Brazil_14680001,173.828810778621,144.26136927889155,193.3000639227388,82
Brazil_14690000,212.73435184909323,195.60358686601043,230.18418173455882,96
Brazil_14710000,916.257937208018,891.6832195680055,964.3248511341228,92
Brazil_15130000,144.51211559842952,109.07544899544646,157.71321271318857,184
Brazil_15150000,245.686076046927,198.64501574012942,257.7524036272091,175
Brazil_15200000,629.4430426662268,579.515412886363,665.826782970559,140
Brazil_15320002,590.1191653048365,550.2327930855778,623.5764616923277,149
Brazil_15325000,158.00894285486834,140.02997157468502,186.80704662254752,166
Brazil_15326000,205.89018729474557,120.94589597042662,351.8613515614047,147
Brazil_15400000,849.37875903879,667.2481263103455,878.3100177764313,129
Brazil_15559000,90.45375166562424,70.59309327272494,103.5624613674876,193
Brazil_15560000,249.95171129624032,219.0845905294392,281.3345199364675,195
Brazil_15670000,244.54965896936503,187.43884695261545,270.88831808979035,146
Brazil_15790000,145.57462322045,80.79462222120361,288.9762054961135,153
Brazil_15795000,98.327827267575,85.75515676130814,106.16863214334475,145
Brazil_15820000,138.46228202938633,98.45536486317425,190.59995002276167,188
Brazil_15828000,321.4846204654655,89.0850516136801,619.8689443663009,212
Brazil_15830000,317.9045561452147,275.68143510882726,332.80653445351186,228
Brazil_15910000,83.90356503622745,63.90513243716988,98.2917818112438,233
Brazil_16080000,139.69163405346933,88.0675273675987,166.71587272927417,108
Brazil_16100000,220.80542191352652,139.8054034124898,240.180008803367,112
Brazil_16200000,174.98088940935335,130.9942312774808,198.7180299718006,94
Brazil_16370000,184.677984806948,150.69538513431462,207.13094849086087,79
Brazil_16430000,366.7158788126076,321.62682746054764,375.1258277396663,108
Brazil_16460000,151.17171937211867,71.05455392404623,202.91203629115358,83
Brazil_16480000,166.379921015015,91.10993496720073,181.2974161060524,72
Brazil_16500000,199.74793790658032,136.71365242294928,214.24935273885404,103
Brazil_16800000,136.082267859591,105.23516089616214,149.84886882641476,120
Brazil_17093000,450.2740194133939,417.8991464852128,481.623538246606,196
Brazil_17095000,134.55025447380766,114.62123962267239,157.83134684192243,199
Brazil_17120000,410.726336710942,374.8115881028524,492.8491701471921,198
Brazil_17122000,77.836336198108,55.00667766123543,98.00950811560458,204
Brazil_17123000,418.1726245700697,381.5852658119557,441.84479697303215,184
Brazil_17130000,952.6942873878512,908.988769513087,966.6218539003735,130
Brazil_17200000,71.9777913921925,54.97003176757364,102.84280747875236,239
Brazil_17280000,401.76157932307865,343.49306371012733,439.9200474247192,203
Brazil_17340000,399.3664599028424,356.226827153865,432.7562402310335,185
Brazil_17343000,117.81215023342578,83.01731367452082,153.06165216366202,182
Brazil_17380000,409.79253922476437,395.733872660641,439.2681397477164,168
Brazil_17610000,92.19083203148726,65.26798800401005,103.33374402633277,144
Brazil_17675000,301.0230082744825,195.22522903303457,328.1856554109579,156
Brazil_18415000,63.945481635614975,53.19965364946289,71.76124902706452,288
Brazil_18436000,135.999444430549,128.3397056063,172.4463335613181,437
Brazil_18500000,163.813168249541,125.76632170333919,187.67617604226245,159
Brazil_18520000,1643.76509659747,1604.4693733766094,1665.032409353059,83
Brazil_18590000,370.7876550956761,345.04552373995233,386.6290045787821,122
Brazil_18640000,166.377170180077,151.077430405133,192.87271953150918,140
Brazil_18650000,319.95741767273637,294.2440259402794,340.8931158779867,120
Brazil_18870000,71.00392923256244,33.85636470454137,81.75522898971849,56
Brazil_18880000,136.16450257311968,92.97034255550369,168.87536478864138,41
Brazil_19150000,487.0377771491977,464.7037437777875,522.367316830856,18
Brazil_20050000,53.01516783419325,43.117944141731634,74.0804075477082,315
Brazil_20090000,78.2630679274571,62.14728742883806,99.05281399601162,285
Brazil_20250000,66.6628898783344,30.03409139597405,96.85141868847826,287
Brazil_20489100,116.95641665685146,75.56115362734886,126.96739609281786,293
Brazil_20490000,136.76948350113034,90.36573837974174,165.30751549734086,287
Brazil_20500000,894.073445306914,67.6265118223592,1117.749703634092,341
Brazil_21050000,2016.762271161755,37.0542643871777,275.9548138322509,560
Brazil_21080000,296.182177078381,268.24197183958563,310.09147231799346,263
Brazil_21500000,72.7852178001364,55.018723916321015,87.94467122501538,359
Brazil_21650000,238.2158306413052,172.1947345447999,334.9944972731166,434
Brazil_21850000,51.5658952302529,37.95331869883494,63.09609333694313,296
Brazil_21890000,92.18017626708104,85.47807674358737,107.35783444154816,345
Brazil_21900000,268.3396508605515,131.96513263450578,296.91386075586126,448
Brazil_22250000,74.44244128836718,54.10981420812476,99.06116343662205,267
Brazil_22500000,496.22644708577735,445.86029492065546,549.1207214962313,237
Brazil_22900000,92.33586593276682,79.05120696179452,113.8988210559389,238
Brazil_23100000,567.7724642825123,543.6721026357445,598.4632691865024,227
Brazil_24700000,168.65963512048333,152.5951288058744,169.97865130615205,250
Brazil_24800000,110.414686400314,95.77008363549369,119.22099048157813,495
Brazil_24850000,277.66618477501135,261.9199546440702,292.44474321348207,526
Brazil_25200000,310.2327077199475,214.56927028716797,363.34641109759445,260
Brazil_25700000,460.5214191185165,198.67900942086652,557.9278926818345,278
Brazil_25800000,84.00417816600904,62.17209026754985,100.91541125026244,253
Brazil_25950000,646.6436087768095,275.61666152287114,805.7037971549533,244
Brazil_26030000,537.9058679360019,180.66594814764468,786.3128082685478,234
Brazil_26050000,52.48698439023953,41.74168818315654,61.69480896949563,262
Brazil_26100000,124.2895160942215,107.83855878461603,141.44343982019814,253
Brazil_26150000,62.68846481395349,41.82387437828175,85.94811045721306,266
Brazil_26200000,205.5467455564477,187.52249911453004,223.19472684045405,261
Brazil_26300000,336.87731870943253,259.3075860807427,405.2544011193453,439
Brazil_26350000,669.8012740784982,582.8516843555943,768.2342736279479,224
Brazil_26800000,182.72455494978,171.79039895204818,184.5404325669133,213
Brazil_29100000,94.29213440245108,79.70745196179583,104.02976009724524,125
Brazil_31680000,86.931406407145,81.24771524486275,91.39396788215323,72
Brazil_31700000,112.26943352247234,98.86750171516684,131.85351338058598,57
Brazil_32620000,87.4437884161218,70.5444042724284,104.1197668555383,21
Brazil_33680000,52.05116177738439,33.85545317894615,75.4347673231016,136
Brazil_34060000,49.7996359654023,38.19183987086735,65.66375345837156,327
Brazil_34070000,71.17751773817007,60.52624318358798,78.01442173432653,233
Brazil_34311000,192.3029426285225,159.2010205540158,222.1274734046912,225
Brazil_34660000,211.728251551963,192.7660564373455,227.22101059580345,184
Brazil_34690000,278.534948081558,201.48979588357298,292.278882575877,193
Brazil_34820000,243.76201978787867,187.01777484482227,278.10863893507866,220
Brazil_34940000,103.64501366062387,91.83582470270167,120.47186938130827,240
Brazil_38880000,53.754124194450355,30.5272482545864,65.33010947217154,10
Brazil_40850000,63.78114898147053,54.944916065695196,70.1747211898585,277
Brazil_41818000,70.9604618175745,60.42181541709911,90.96086492019231,213
Brazil_42210000,344.52671088863576,329.56420879241205,359.31356195676625,353
Brazil_42690001,101.38574762331547,86.10637994488728,126.4585027331018,454
Brazil_42930000,163.482200217852,146.92536748162445,175.55602201312604,299
Brazil_42980000,178.43059336392798,128.8645655140781,209.8922564873056,312
Brazil_43200000,316.13451485733367,293.6879143319737,361.4337403546572,315
Brazil_43880000,85.3047577933259,73.11814171271149,106.08969397054304,318
Brazil_43980002,76.92905858904021,66.83503619108457,97.68897326767197,315
Brazil_44200000,490.547869899861,345.8225230904235,573.505058835107,319
Brazil_45298000,452.6539550513327,419.8292075686793,592.5129604671115,588
Brazil_45480000,536.9271083335678,394.45949551994397,924.4512143517803,596
Brazil_46035000,406.0663567412183,333.35758558596524,461.66556773850465,640
Brazil_46998000,224.320702486056,30.3527079877758,283.3923375975214,387
Brazil_48020000,726.6251312450315,662.415229857094,764.8783667791486,90
Brazil_48290000,554.887172262258,509.726045232848,586.4499129977396,64
Brazil_48590000,254.19340224206303,223.80967356971854,296.03620251106327,110
Brazil_49330000,246.2532063103252,146.92819560704527,288.967564592238,48
Brazil_49370000,713.6121216617065,447.04445848037,733.6061776609383,56
Brazil_49705000,751.7913898764757,463.0390560236367,771.2550631113332,28
Brazil_51280000,51.822256660429,34.6828233382087,74.39995534197257,19
Brazil_52570000,61.1467995736244,30.5733997868122,85.77161571159462,26
Brazil_52695000,98.7976451950015,31.3612408527518,169.9768586106037,11
Brazil_54010005,62.1275848168148,33.91430877060857,73.59316686291832,174
Brazil_54150000,83.65904456707435,57.79967833560382,114.92967239461537,104
Brazil_54195000,58.716003657182284,30.4679472365839,72.794260704879,140
Brazil_54530000,153.36179297982451,71.0568583212656,186.8652950939554,112
Brazil_54580000,193.154912506331,166.31426997581127,210.34530318918104,123
Brazil_54710000,152.0021835257403,79.52597355399507,255.2368332864688,162
Brazil_54780000,273.53172028908625,99.01425106370338,327.7509020848375,50
Brazil_54950000,255.38351941512,158.15838257169474,328.99916909363054,103
Brazil_55699998,96.71656373024442,35.5198034747929,127.0826206756945,115
Brazil_56425000,109.80435313909514,92.27260947216743,123.66223522263519,95
Brazil_56539000,119.77357630006968,96.9072027335856,129.06334162448493,89
Brazil_56719998,176.523865106913,154.73735708782462,192.60688678185255,83
Brazil_56820080,350.37330404415553,58.37080300017255,380.0212785078233,86
Brazil_56825000,106.42305280473876,83.68833836495585,125.2993398708675,89
Brazil_56846080,198.730129869047,131.87115243888502,407.64588913647435,92
Brazil_56850000,400.8851666492277,340.38451790211667,480.08735575433764,81
Brazil_56920000,393.14554748386286,357.5783841950476,411.89071974687363,172
Brazil_56948005,286.241735980273,256.9487780541338,322.8086407615628,114
Brazil_56990000,50.2479551785718,31.392980205301324,65.96684455444847,133
Brazil_56992400,79.58561606932517,30.2361607249727,222.3452561631308,130
Brazil_57460000,64.5409041405855,47.3813814637258,79.05646934950065,131
Brazil_57555000,83.17284791201065,38.01801454684467,97.42184787536672,132
Brazil_57580000,67.39068231803626,53.34589728680966,81.30781677952565,202
Brazil_58096000,63.94729010349481,47.00471136281169,91.12760328136847,356
Brazil_58235000,60.205502430421696,50.45350221496334,75.7829996746674,170
Brazil_58240080,234.6880311441006,126.27497723986235,341.0095980355091,197
Brazil_58300001,110.05390783376801,88.44634475741027,148.81743517480973,340
Brazil_58305001,86.00717709960095,66.73472906799347,110.87551576220574,402
Brazil_58318002,83.1917907614092,43.301140576449185,108.59543136769409,166
Brazil_58620000,77.30336474207131,42.6636778553988,104.14700405802674,114
Brazil_58651980,179.57022018693797,153.39875541070276,191.53612930170425,142
Brazil_58795000,197.317669898288,39.15716607011094,330.8776215787556,167
Brazil_58880001,385.86960170931366,334.54382371859606,436.8992374467391,186
Brazil_58940000,91.12347984987892,47.892191930558326,118.52701741990516,161
Brazil_58960000,110.94423005725515,39.028241569220725,156.49168373761108,165
Brazil_58974000,501.67933710167927,305.47431557163816,793.241164760026,176
Brazil_60235005,728.3764167520094,589.053669782571,838.2452215907936,256
Brazil_60320000,1314.3406571555543,165.77650473068928,1584.5673743783445,268
Brazil_60340000,437.98143303307063,31.1087226397923,487.3137350193257,610
Brazil_60544990,92.5612851956453,62.58138723988128,114.04807148162776,282
Brazil_60798000,85.77938740860003,65.23589788887563,102.69506055096878,315
Brazil_60805000,98.23083822889058,83.91352006212512,113.57311871360452,292
Brazil_60905000,90.1335499260741,68.62049107239656,102.34499066229023,522
Brazil_60907000,101.08025580741264,70.4970772792376,369.1346140818521,268
Brazil_60920000,94.08781995405505,80.94583795414394,113.15276367325666,166
Brazil_60968000,48.46893910133655,35.5665927956901,60.9802429211073,250
Brazil_61061080,64.58964821016407,47.38559973340508,81.36358770137943,222
Brazil_61410000,59.02410277294666,48.78427083088768,65.33002375289334,235
Brazil_61425000,48.901031094680434,36.75241249273119,56.81625896512542,217
Brazil_61537000,54.5486608650673,39.3299425712028,65.34499866647946,475
Brazil_61661000,691.6757427432765,636.1600458985716,734.2564450233987,254
Brazil_61740080,928.0607102850876,323.4808124071258,981.887943528485,320
Brazil_61796080,1882.86512926339,1856.869975498179,1903.5038309542895,303
Brazil_61811080,1532.98615495217,1452.1792990090912,1513.6758643789603,38
Brazil_61818080,302.56614379157264,265.9287169673404,332.45208888168776,500
Brazil_61819080,744.0494322809659,647.650186822225,804.005355733913,488
Brazil_61834000,84.9001033350271,68.54353060104708,104.83808398654637,273
Brazil_61855000,70.94851093197579,47.7583203561278,94.22901842755371,298
Brazil_61902000,67.5512194640753,56.15271741385318,71.9187552052871,263
Brazil_61910000,69.30375926485327,53.955655718346826,78.07352979502417,277
Brazil_61912000,73.14351768058047,57.941870077783996,92.83810113187303,279
Brazil_61915005,97.1039078967821,78.995768114172,111.0191839160845,365
Brazil_61925000,180.736662270943,156.77548209006477,205.0572722373349,279
Brazil_63002000,110.82452718603255,94.32241335134653,123.15433779683335,273
Brazil_63003100,68.85934404938213,60.111128999395575,77.12189700714049,266
Brazil_63280000,137.580122226009,50.3994349648084,158.51807807869895,238
Brazil_63390000,46.42147506815527,30.311168968072604,61.960079320872744,290
Brazil_63979000,349.2277404080156,61.02076845975593,402.9506521924072,318
Brazil_64391000,72.17421218900257,55.31479628569592,87.99957914246153,497
Brazil_64465000,67.01503119039432,56.33525741041248,77.25261585568161,153
Brazil_64482000,86.84204501633349,61.47948003957872,106.96042345896201,339
Brazil_64491000,72.24733509211764,48.819535969942216,95.02525850172715,309
Brazil_64501000,94.55582284349316,73.34575916167105,121.24050016329704,239
Brazil_64504700,168.845539739311,150.52014563651832,177.66164719266112,235
Brazil_64506000,209.66249655266967,189.48732479409693,228.84820582273025,232
Brazil_64507000,180.9331715520187,164.54084575474494,198.09782328661007,244
Brazil_64517000,349.314986969438,320.293533704972,357.3101113351305,270
Brazil_64617000,124.853453857076,102.25051186381917,133.93015476085827,266
Brazil_64625000,44.73309693252623,31.347460003918044,65.3582244879391,154
Brazil_64645000,97.7263001244537,81.72938317412661,113.38467917884955,195
Brazil_64655000,134.28250405827268,122.6347591558313,144.78306468718336,222
Brazil_64660500,168.14197156832867,144.15245644892218,187.4802813172771,370
Brazil_64675002,250.21068800843,207.17588217491905,273.5366271481472,495
Brazil_64685000,163.348061747286,152.14618581965726,175.37773118539346,275
Brazil_64689000,132.08713936382767,113.91096599595409,142.4944059558641,266
Brazil_64689005,156.009514527317,150.33515813896355,166.75239643667362,263
Brazil_64693000,159.070490970463,139.0855267653121,176.36911418210877,327
Brazil_64767000,83.16658521083008,63.785840005493085,99.7806292310814,283
Brazil_64776100,160.17324741913367,143.79883875462122,170.2323879908941,251
Brazil_64795000,143.9441144460145,131.0947308615509,154.5232544343622,258
Brazil_64799500,175.293475845606,150.29387934275212,186.3111343910966,266
Brazil_65220001,192.1673042335553,181.0225083807706,206.1714522917866,79
Brazil_65310001,277.4947230927555,212.367370956588,304.017379975689,158
Brazil_65825000,92.2226955787923,45.01761277135387,141.65071097703557,153
Brazil_65895002,174.542054026109,153.15761128703983,191.98982914851408,275
Brazil_65927000,57.403491553123104,37.47779208010055,77.22332027699701,394
Brazil_65955000,66.87687745596794,41.324566664842905,80.9873853992833,248
Brazil_65960000,177.6957201360225,146.757603100918,197.90689165644613,242
Brazil_65985000,394.714078627732,357.42562358479194,414.8306172206361,244
Brazil_65986000,682.8909965271359,661.3746445668072,738.2256022400823,254
Brazil_66055000,70.7658195600401,53.890419595330826,86.95142215392917,293
Brazil_66070004,164.49729691384573,143.43414891560795,183.00335273833514,203
Brazil_66090000,202.83608725372352,171.2878427577376,232.21123808623878,215
Brazil_66120000,104.465499343289,67.68881971112252,173.27065679747707,210
Brazil_66250001,110.29239893628552,87.12649690877075,135.23420277822652,208
Brazil_66255000,120.45839466245734,101.23766197194342,139.34465989399757,436
Brazil_66260001,94.55272920798191,71.23590512504435,131.57690711331725,204
Brazil_66260002,121.643500839012,107.3724383198986,142.11251860730084,227
Brazil_66280000,106.1260270062292,82.74189182963514,131.31827369815014,217
Brazil_66360000,90.73902292990954,74.98493564571109,110.00171565112794,448
Brazil_66370000,95.90655177861262,74.96765664005754,118.00079151885534,366
Brazil_66430000,73.28662441188392,56.36577884304094,90.07075456454513,267
Brazil_66450001,98.92295468566928,75.7869723622978,114.34099457936833,278
Brazil_66600000,66.32189595151311,53.141965942558265,85.79677417377047,244
Brazil_66650000,151.926068249572,119.10735964785775,171.45166732160644,234
Brazil_66710000,193.59524828230548,171.42655612451014,216.6122213321318,440
Brazil_66800000,243.0834923131364,191.5417635520232,286.43109983550454,247
Brazil_66810000,243.735030663084,177.24554803366925,374.95766996566596,193
Brazil_66870000,157.83206737464567,135.92335571912412,175.4360491368215,257
Brazil_66895000,250.0261436066893,203.54966767995094,323.7899146857389,421
Brazil_67100000,238.1531010719585,168.71151209417425,262.44819326432815,412
Brazil_70700000,88.32653442949305,47.595481289371406,165.36086566420946,168
Brazil_72300000,498.62612724744,125.12530525567,557.9624280461329,260
Brazil_72980000,79.13651353503025,57.05703400229493,105.33113576640012,209
Brazil_73010000,216.62270688441293,114.67582664246389,377.8874891686909,208
Brazil_73550000,226.72282439839313,176.71654304169306,627.3501627438034,442
Brazil_73600000,54.8727725132743,36.06418476147106,76.91243522878128,159
Brazil_73770000,97.4352246111824,64.27372279411861,115.43174618110574,469
Brazil_73850000,104.6135252011905,84.30926935506301,127.9614528796356,453
Brazil_73960000,91.1435338490026,62.361682109763315,112.76453793213935,438
Brazil_74040080,472.79384008934903,422.6891159774655,626.6027336033242,436
Brazil_74100000,536.4904114880393,507.5439520019339,561.4828018227527,239
Brazil_74270000,70.24664058927604,44.52935288568159,89.10775366109003,229
Brazil_74500000,243.9632770136457,218.78492431330142,273.90235769618494,233
Brazil_75320000,95.40409700677402,53.7420267979145,397.1811162537575,510
Brazil_75550000,455.70573683430223,426.1587130188608,478.79484721337406,280
Brazil_75900000,463.9650113124085,391.0014529221665,542.2709078852852,499
Brazil_76310000,158.47604553023416,45.3691257001559,297.19242157914545,212
Brazil_76500000,323.8164382274085,284.10871765961355,374.5067256462181,467
Brazil_76560000,267.671948409375,115.85271885661209,347.2945595893518,278
Brazil_76800000,244.421776778619,207.57047479870977,280.0167986961085,269
Brazil_77585000,59.65065319210867,39.955992037855076,78.9543577874305,241
Brazil_81350000,79.79164677986267,66.3809708670599,93.04475538281613,89
Brazil_81380000,70.67683169834271,55.87029629258809,91.33344442458804,108
Brazil_81420000,151.891807724172,53.86023575492088,168.91398540948558,89
Brazil_81683000,175.0864553999018,153.12930087972862,206.90037025445025,98
Brazil_83300200,44.91539606992108,30.92038335975605,56.29851772625135,100
Brazil_83461000,89.75271057918067,68.627933715663,119.8797125368484,81
Brazil_83500002,89.63139695666713,64.54442893817544,111.07880441774459,89
Brazil_83520000,124.01027386311635,114.20101180391202,144.55401745188124,95
Brazil_83800002,83.1661819508425,63.05549216292676,101.5721153969553,99
Brazil_83870000,151.5932104022803,128.80978936814398,162.545867646102,102
Brazil_85400000,118.59107408346809,84.51319620398357,148.41169807523696,315
Brazil_85642000,210.825346385073,186.9461190207853,231.61968813937105,188
Brazil_85900000,172.08460196495116,150.29119634245896,194.30398224946867,192
Brazil_86440000,80.69328199842755,31.4991687735753,144.05320994889067,161
Brazil_86460000,96.40852718002674,46.07243036798127,212.34754374398082,170
Brazil_86470000,68.08430413735816,42.736354666543775,96.79091417819572,192
Brazil_86510000,99.65108262447906,39.2199383163641,166.2516146272961,334
Brazil_86720000,141.98526690239416,92.29919517872605,230.41125258200134,361
Brazil_87670000,47.74860718875718,33.857595828838505,61.99546395867995,175
Brazil_87905000,145.06434489541098,94.15001262644817,251.64969281250384,189
Brazil_88220000,58.3563735560435,45.871775172305426,69.89935547593865,195
Canada_01AF002,145.1056960294585,99.98022603213572,187.11773723235143,116
Canada_01BJ007,90.4950434974705,76.15592534755388,130.23726701479308,158
Canada_02AB025,63.572627448407,41.597519314279545,85.61225385983187,223
Canada_02GA003,43.0666964590948,30.9853391300157,63.5290764559614,123
Canada_02GD003,263.295763639267,237.49970792516226,295.6379093019515,287
Canada_03NF001,200.3333820794985,107.44420536711871,218.1580619351171,66
Canada_03OC003,461.338254258283,432.330400892734,530.3559216612085,49
Canada_03QC001,548.539132243116,284.8744374978049,578.6552983009207,60
Canada_03QC003,161.924624487355,102.33933377003555,165.56718576481353,48
Canada_04LD001,75.8700611751134,54.874536372668864,88.10957906037295,207
Canada_04LF001,58.432970169458095,39.91001127093057,93.64124735171652,100
Canada_05AG006,100.82684234145675,59.9159116688504,130.41257607738848,342
Canada_05BB001,62.60227756654853,43.010763884042746,81.474403066523,110
Canada_05BE004,68.1318230784004,30.618043486549723,87.23141486463186,270
Canada_05BH004,100.361814587804,91.61712255007724,114.71710763075109,209
Canada_05BH005,38.8331832203731,31.2283651363416,64.15566976029183,252
Canada_05BM002,149.82573785702402,121.91805377224713,168.96710421406266,300
Canada_05BM004,147.40038364001,88.59329837168217,185.22750891884846,335
Canada_05BN012,107.646531795801,78.33034272889455,134.26456744017392,212
Canada_05CK004,164.341194305232,76.96810499081383,222.1164504742697,362
Canada_05DC001,104.30049182758665,81.24812899851855,124.89776228055078,214
Canada_05DC010,158.36789622478975,119.19628624233341,237.10755967178056,176
Canada_05DD005,49.93174052390172,30.4665185425012,70.64058017990865,192
Canada_05DE010,145.619894083025,94.14774883342668,184.78075225419627,150
Canada_05EF001,197.234361106042,181.819876726022,201.80592941602401,239
Canada_05KG007,193.029330538376,174.67129100294926,202.09490965884373,204
Canada_05OC008,107.435080481397,89.59308436042063,116.95238448039265,296
Canada_05OJ005,217.50618201658,196.2722163527324,227.1433695900228,266
Canada_05PB009,60.056582396349455,30.1757229644134,93.26770442926124,153
Canada_05PC018,251.870677951666,229.99950390836116,279.0545193954617,253
Canada_05PC019,140.735402583826,72.1946684108821,225.73946787560982,72
Canada_05PF063,510.728859555934,438.05845814641043,606.2101199842141,221
Canada_06FC001,779.308111310304,726.9651363612584,778.8511748923409,154
Canada_06GD001,277.096122902751,255.8511010571445,328.80693192172157,143
Canada_06JC002,194.093111007421,170.25389165315556,221.02664106234636,105
Canada_07AC007,61.5475222978997,42.16710020027862,77.28677418324044,193
Canada_07AD002,154.3349313242525,126.98626331450446,180.5913013652611,134
Canada_07AG004,75.76801084740396,45.88067789459939,97.9636848065892,189
Canada_07AG007,64.5631847234536,32.2815923617268,80.57167929627717,153
Canada_07CD001,106.650290372019,77.54327264331397,122.68421578234532,222
Canada_07EE007,108.822162379206,82.77142112529936,117.08840459999806,147
Canada_07FA006,88.4330436354745,42.3392382479054,121.84632981550001,182
Canada_07FB001,98.9868468282668,65.31703578217996,129.07882564986642,208
Canada_07FB006,60.0751523281895,46.94107490741868,73.97489345510395,152
Canada_07FD002,419.990716178353,136.259218933458,528.9922206134033,193
Canada_07FD003,363.122338227249,327.8045984476577,408.2002009611312,198
Canada_07GJ001,182.096654707564,113.813409279169,229.50049792351297,233
Canada_07HF001,303.922589195195,93.38023228448586,327.4388458309847,189
Canada_07JD002,83.7159513665919,52.33275051042804,111.48321060407906,278
Canada_07OB003,60.161538126525,30.0807690632625,60.16153812652505,331
Canada_07OC001,46.7634990719437,31.7260561169051,73.43284643043867,199
Canada_08CF003,401.0891168181155,48.5227242510388,462.0861798905953,37
Canada_08CG001,213.293747474999,163.053419353317,248.54981208467993,49
Canada_08DB001,542.1077196142821,302.5782296250413,631.464302509095,100
Canada_08GA022,110.8468919270458,88.0037867286089,121.95337520807502,257
Canada_08JA017,65.93031968826611,30.10967434289521,133.9611404913171,187
Canada_08JC001,111.091342005935,84.06903246867428,127.03379012312749,190
Canada_08JC002,70.9256050383201,38.48439255663015,89.63696132288882,205
Canada_08KA004,244.9075280955408,226.66330862928908,255.06734349927294,151
Canada_08KA005,134.602004041673,75.3962401689262,212.12212403469127,153
Canada_08KB003,123.419570806,91.17651102618106,124.08334502030536,120
Canada_08LB064,96.0987397722284,89.70542095801902,111.90016431813402,170
Canada_08LE031,198.9945932364265,182.46388047643518,217.6827440185179,280
Canada_08LF051,57.1668516941554,31.138700922804,88.92357263527461,256
Canada_08MB005,69.27388095686153,39.90096724560307,93.59674370376547,233
Canada_08MC018,274.2270313006635,236.04434582638999,296.3356119827428,238
Canada_08MF005,308.709016155925,215.4096514679134,421.8416586617468,312
Canada_08MF040,141.7983636127555,136.66569330143352,171.77127515346683,270
Canada_08MG005,85.0080646128327,52.1264729535634,161.29689926502974,198
Canada_08MH024,488.7925951671,444.5924189179929,508.46770378454266,263
Canada_08NA002,98.05447695492784,67.81833066886861,114.24704555882488,189
Canada_08NE049,186.67990501492528,149.36320861049717,210.37252555772957,348
Canada_08NG065,66.4851026400097,33.2575441001554,152.65439521565708,241
Canada_08NH126,1770.727407581435,1510.2197788554133,2315.8175545461527,240
Canada_08NJ158,200.752969507082,117.62709773501302,271.8087678724157,313
Canada_09AB001,117.256787998971,87.65106859812616,130.3605726949892,145
Canada_09AC001,91.7921457291194,64.33323872054265,102.17978667596915,97
Canada_09BA001,64.3922738,41.437075643823,104.60801516095576,95
Canada_09BC001,180.219035186062,165.041245042636,211.3389600097675,114
Canada_09DB001,138.130423000204,132.075361968387,204.5708464593095,97
Canada_09DD003,224.281753830874,149.95541437452,271.26238494468805,131
Canada_10AB001,81.6172010962153,49.00555110424547,101.14661194844632,133
Canada_10EB001,119.951223565243,111.90280849990906,120.90719489400645,87
Canada_10ED001,403.819237996911,399.9600643198325,422.17599187533153,134
Canada_10GB006,120.294172847067,105.1474297277324,157.55252160430678,176
Canada_10HA004,90.5726429426451,73.91668678591974,121.23795205322637,111
Canada_10HB005,199.146591348418,168.31080110814955,228.10750929590944,61
Canada_10KB001,113.570405455624,98.90235979744975,136.3489485931899,119
Canada_10LA002,236.565450638794,190.692853064849,241.318159089249,137
Canada_10LD004,87.9664772719115,70.60073195065921,117.11051109704499,195
Canada_10NC001,199.027694323758,137.580537221441,290.30550761781296,171
Canada_10OB001,60.1030075873067,45.176769925356226,93.03857717296827,142
Canada_10QA001,153.922380131387,141.6651614991786,173.2216065835422,102
Canada_10QD001,229.305530086842,181.78339092291668,327.0459185805585,82
Canada_10TA001,60.6985449721325,30.3492724860662,102.81182946246923,89
Chile_05748001,90.43476040180268,30.8180747846563,139.98133512869953,369
Chile_06028001,50.03802806828255,30.5891604827522,73.41143147411034,212
Chile_07123001,103.565669841363,60.06211613332036,131.8925714219357,302
Chile_07317005,81.09748491491005,30.5772717369287,219.81909025934675,185
Chile_07359001,104.73611754229474,87.32539025347796,148.0229880082452,181
Chile_07383001,176.327039097116,34.5453036602721,330.60838350986734,240
Chile_08140002,252.733458753705,150.21528185020816,360.55984981411945,317
Chile_08317001,99.1016081129976,69.14920890832491,128.06705655983757,167
Chile_08319001,142.2838939021675,40.466940411729475,197.10794677244508,58
Chile_08334001,229.4841028777845,161.27305952291624,263.91801670784514,289
Chile_08383001,49.51020518915144,40.94796050934719,71.93262839037361,217
Chile_10122003,74.1677241367171,46.28825033888961,96.79776552745659,62
Chile_10503001,75.49866061098562,31.752412384257447,113.04287895449488,47
Chile_10514001,113.401679280345,85.9244455617698,129.94382672947194,100
Chile_10702002,54.473697456998096,33.87986846595647,68.38885595851964,128
Chile_10704002,104.9891847742564,78.49192112377753,131.26377253229617,60
Chile_11342001,185.820768607284,132.12287703272762,243.78216273282686,81
Chile_11500002,77.32541156236161,46.93833520770585,118.0749778245501,60
Chile_11536004,104.15656787635068,81.49150831580016,117.36485594335508,78
China_61304300,73.7598462886968,50.207890804204006,124.38423511679899,85
China_62310250,125.88226980472899,46.08517600146159,213.9135244776232,264
China_62401800,695.508856828474,117.0066717892575,777.4919871963408,131
EWA_9110230,110.56322394269924,75.58805460262695,160.95269383562953,258
EWA_9110278,322.516496624269,279.15792525489144,359.9949329723186,275
EWA_9110302,150.636091037443,118.01858201405457,185.3019606256998,308
EWA_9114020,56.6143005576111,39.119701212449016,74.25298720005665,107
EWA_9114021,151.25486254860886,75.2106279426702,385.7313096328541,225
EWA_9114022,167.0000644509335,33.0032620936818,305.74470358464134,122
EWA_9114023,86.65892111488625,61.64981589752036,112.36285972241208,220
EWA_9114035,121.235096967207,87.46795385342202,145.4276660783966,218
EWA_9114045,132.33318387500725,108.32093452593232,177.65212547545548,168
EWA_9114227,96.04385265818776,53.847783095480395,137.56338126276245,230
EWA_9114242,59.42094770692504,50.6786103136473,80.94435071044852,198
EWA_9114560,133.395572860199,112.25584640140745,150.90757607444226,249
EWA_9114584,65.66435613534875,32.1534757078458,100.08178550695972,159
EWA_9115193,342.5084354181895,308.07757236246374,393.532224221454,191
EWA_9116064,62.0206449651935,30.3493041132402,92.32102383428833,233
EWA_9116084,97.83234773879045,71.57098955947819,135.747180924458,231
GRDC_1112100,282.4894676186249,190.03645374337466,322.86370804110396,112
GRDC_1112300,122.83414065546152,82.33690013044233,140.4717999510775,101
GRDC_1134030,291.2334484148064,86.70325965272285,962.2607671747522,138
GRDC_1134040,213.0938076447745,91.68578024625556,250.42138243413316,104
GRDC_1134200,77.41372508390481,43.84270628587104,106.09808073138848,99
GRDC_1134300,388.284842527821,236.3829528184348,471.51281227431207,135
GRDC_1134400,723.5055338100788,120.31611816711234,1073.1086540770937,142
GRDC_1134450,273.91407115513,42.0766245124391,416.7012152986126,130
GRDC_1134460,578.782719163582,109.03329236246483,998.1523892139768,109
GRDC_1134480,287.654407137249,31.9549642480125,374.7033134831439,145
GRDC_1134630,826.1689970859668,429.18785468359556,1152.9949324680194,184
GRDC_1134700,1166.5169882075468,372.4174815974706,1562.608415826514,179
GRDC_1159100,80.18438013570757,31.84814075641037,151.80081979314423,541
GRDC_1159300,129.683838086449,101.3072732463517,160.47789301855704,181
GRDC_1159500,91.0410059520183,60.75566307590993,111.64369669162829,285
GRDC_1159800,63.6898489085642,48.29223821409562,67.29599174260018,217
GRDC_1160880,188.1395866231325,101.85112277734652,231.54764288965092,289
GRDC_1234090,307.5142531621468,71.3067996632189,441.78847474535235,155
GRDC_1234150,400.0646397520683,207.0589755968066,585.4739681753769,168
GRDC_1234201,182.87576250565095,109.06678562868424,215.71094933628143,132
GRDC_1257100,73.5154541472547,41.0596398980946,97.69754749994873,247
GRDC_1291100,415.34256261447,387.85346715896276,444.59826216213924,246
GRDC_1309720,53.93430905487405,30.3516774355281,95.27838259974436,295
GRDC_1496500,107.31335506372004,31.301586072957164,142.5135762410556,199
GRDC_1531450,71.67254155524469,62.02179701000776,99.38014591924276,84
GRDC_1531600,77.19516913494367,40.26120941803921,101.33813822161582,96
GRDC_1537100,542.439219994692,124.33613869547645,621.3233748186692,107
GRDC_1591002,489.94424223245113,262.19684666441634,609.700881133778,198
GRDC_1591231,102.7543485418206,84.48514475242595,119.34755693739544,223
GRDC_1591401,390.96220571243236,320.79988835061226,524.4853597631322,232
GRDC_1734500,269.31036824085083,202.77478026466576,914.0963060319375,102
GRDC_1737100,107.7271304084669,36.0215468810995,129.74507081892443,57
GRDC_1737150,132.02436987314,43.51357181891184,150.33600424542266,74
GRDC_1748500,213.7138480009693,96.91330718948493,232.19601262497403,36
GRDC_1749100,681.6773823432254,122.889806329167,858.3428093965321,56
GRDC_1749500,348.61785045619763,263.7663357715168,368.3729158732986,65
GRDC_1813200,75.69382898891342,46.540882251278674,88.5148360046399,102
GRDC_1813450,62.5700957184187,31.2850478592093,75.98561929169875,89
GRDC_1834110,567.182216275858,112.172965396663,1143.129586670655,85
GRDC_1835900,639.6448756422234,206.85673488051896,847.688810016902,37
GRDC_2180712,60.1449242158465,30.2420990242462,205.67494510726107,57
GRDC_2181500,126.45734260097348,91.06842078535887,157.75653158275716,209
GRDC_2182250,118.35933263915123,31.49887868502979,211.4598802440186,163
GRDC_2260100,496.8698593010695,327.74077150388456,563.6247193612841,219
GRDC_2261500,114.88278539297984,49.68756629516188,144.86321357890876,445
GRDC_2369800,77.24500243662663,45.17650409642053,168.86471251865783,118
GRDC_2369905,139.01787778027082,101.48089070492851,163.60851452970394,116
GRDC_2469050,389.44541171606244,271.24102318146123,421.3331215639257,138
GRDC_2469058,229.28906794183098,195.14153508436675,247.21817459228203,296
GRDC_2469060,138.0990087205145,102.8547337813264,199.8340511767502,107
GRDC_2469072,452.526606494665,355.724028824135,550.0063626613869,164
GRDC_2469111,58.5291872682478,35.11534650871173,74.27086538471319,123
GRDC_2469112,156.87045771346013,135.20753126297055,177.29670540372132,84
GRDC_2469120,109.994390655366,57.60865952595577,165.3766866943149,178
GRDC_2469140,143.71330252892724,97.89603947225712,180.5530664132258,224
GRDC_2469141,186.121929012364,174.43598645164033,206.6206304935032,348
GRDC_2469265,153.01567649315766,136.52699112094933,177.22769440354696,211
GRDC_2469267,79.79448323767333,51.88068725317133,121.07552642960076,211
GRDC_2469300,152.906377544534,132.86352335524208,172.51031652535505,194
GRDC_2548400,226.971037565008,168.62601976529464,312.2686783259719,167
GRDC_2587080,103.60540086790424,78.98093996491073,124.29489305440757,88
GRDC_2587081,75.30272510859544,54.71490874822146,122.40009314593772,93
GRDC_2587100,385.7675807611684,265.7211789588253,409.0705720104852,101
GRDC_2587101,148.58179986305325,130.8600955875512,165.7710069777944,104
GRDC_2587102,98.25725697991064,65.79724866433934,120.08437065158864,113
GRDC_2587103,71.7548160493484,43.0161237119066,95.79666240029789,120
GRDC_2587104,127.7184407661617,99.89668403202833,152.81177644470108,57
GRDC_2587220,63.9199573369937,46.48171802547543,80.56831124415744,51
GRDC_2588200,230.0843819924045,211.4485382985256,249.5528409624678,136
GRDC_2588204,121.046822903316,83.74373491835522,135.14434922925108,80
GRDC_2588250,102.23862521891348,58.783905864640495,155.42793339524061,105
GRDC_2588300,200.889553718258,156.60636101007012,248.05577735749205,115
GRDC_2588304,135.6862990516645,111.99658081007263,161.86326517568412,160
GRDC_2588320,98.41853851482855,43.125639145822845,140.4130518373141,116
GRDC_2588480,68.0440955024775,34.3361429212111,104.34685456411404,100
GRDC_2588481,69.68684070409515,32.6958292438302,102.90732032714035,164
GRDC_2588550,204.803191015674,112.44543529229911,264.1518649487139,158
GRDC_2588551,151.30181183883934,128.52445392408748,162.03483953475893,124
GRDC_2588552,134.620523854872,90.62071201833248,469.9118091628138,240
GRDC_2588554,150.18816208196,39.31673748673665,216.60841120368883,196
GRDC_2588651,62.502297421764496,30.3479413868007,118.08795884302512,77
GRDC_2588652,64.95817960916011,39.606631971801406,87.45587002463542,70
GRDC_2588700,196.525706672164,183.02817277277939,214.72849634328327,79
GRDC_2588701,137.00733031554552,104.70475175816183,159.81874837552527,69
GRDC_2588702,115.610333754697,76.36753190898989,159.8373783389651,61
GRDC_2588703,108.58792525334768,72.62645952909827,140.31891068051203,59
GRDC_2588705,83.8008499289122,30.7832198644293,140.8416589812992,56
GRDC_2588920,66.23993247773964,37.4740921352757,105.6333567255956,80
GRDC_2589100,59.9911718271467,32.0496876636016,105.86627968552295,213
GRDC_2589101,136.666869290514,96.66985192878421,185.24143795817497,218
GRDC_2589200,61.73070578130673,31.2057878754908,87.76734090497128,127
GRDC_2589201,67.77660993897857,40.988146800876265,97.75307865144715,231
GRDC_2589202,76.4183278040037,32.40058037559697,93.23585652322373,218
GRDC_2589350,78.7065846862352,30.0171895836067,121.65484176757255,111
GRDC_2589370,203.1905183300333,176.7928649809674,229.87737694207755,117
GRDC_2589380,84.16439903762803,41.7035233754467,113.93268087992456,191
GRDC_2589390,78.9893864048795,51.20465269238332,98.67443174842091,212
GRDC_2589400,94.61815574308889,41.4394060067146,154.46268365042107,144
GRDC_2589500,154.69650452691087,114.02612095285431,187.288193994295,87
GRDC_2589502,94.21830587742326,56.92646498594072,119.55548047797224,162
GRDC_2589550,180.92844532538248,148.553025661294,210.12516676844461,88
GRDC_2589700,147.901568645943,99.4684653501989,177.94133342087525,123
GRDC_2589701,161.19258404307448,66.44182900879325,189.27095646418184,120
GRDC_2589750,185.915197052699,156.8114804933281,216.39842139895734,152
GRDC_2589751,124.87347916362133,95.93378261792873,154.23906598607277,145
GRDC_2590100,183.17857962318664,168.23229037677015,213.35446468051546,147
GRDC_2590101,59.72784365339389,37.01289625050305,77.56324092193995,292
GRDC_2590230,78.47950094964524,60.933574435555705,98.49916837468946,300
GRDC_2590301,110.71333496331584,84.34205410994625,138.61354583014207,189
GRDC_2590400,145.784416489235,117.14776789839563,184.65626352745846,148
GRDC_2591100,97.85408501077816,79.57143118099897,113.29229018371768,161
GRDC_2591201,131.23588551747122,97.83419471121428,177.9894726574754,130
GRDC_2591230,65.9215990992823,55.102124748972685,101.28400337447385,92
GRDC_2591800,234.99523659558682,183.8277228297676,302.8566267135931,234
GRDC_2591801,206.16924574066076,95.6629391011289,351.6033112702814,158
GRDC_2677300,272.4697339173681,199.0213412092635,319.4946480853952,192
GRDC_2694100,367.613078438066,304.207907412058,453.1449775048981,329
GRDC_2694200,89.30058564614538,45.37348602315103,146.84636119691856,288
GRDC_2694450,255.89933224640652,111.56036587813296,403.30248633109073,294
GRDC_2903428,1326.93867875275,1263.5027139089011,1329.2349484938056,86
GRDC_2906201,248.708265944298,198.33309865560398,290.43803862741447,192
GRDC_2906300,446.55199975562624,300.13343695721267,479.67286300603115,216
GRDC_2906880,86.7977901602437,54.10897446767042,109.36071727858435,140
GRDC_2907400,390.15945838333,285.621591884485,503.19785446848493,185
GRDC_2909160,361.165841015561,260.56191064144923,522.0006685214587,166
GRDC_2910606,663.1823,547.86734,724.402325,71
GRDC_2911097,566.1257,504.06199,622.29034,87
GRDC_2911300,54.42561,44.861525,82.81677100000002,95
GRDC_2919200,149.215197695131,127.06991041355755,180.9541762157275,148
GRDC_2964122,224.910585537357,194.22398998452212,253.1885001205809,212
GRDC_2969010,461.219505474026,274.8969302479925,619.9977333491454,163
GRDC_2969013,105.45353359652644,58.974116284789076,134.6297327174064,225
GRDC_2969090,568.132582042334,426.5998764690232,597.8687823387431,147
GRDC_2969095,950.923860473525,934.2144305906729,975.0827875155188,161
GRDC_2969101,420.9668057325777,391.92171002156937,444.8258588945938,183
GRDC_2969124,67.8005465646691,31.644613753167476,135.51025810382566,191
GRDC_2969150,125.3429577736265,85.61809211115495,161.72482442967495,207
GRDC_2969200,183.56633525670733,136.14343769310028,218.09241115932386,365
GRDC_2969220,406.5304164272947,346.432119597476,490.67921147821716,223
GRDC_2969430,544.9269705936426,399.68268990020283,562.0774692119102,168
GRDC_3106300,81.6964192692637,35.6627604222194,123.81188958314976,35
GRDC_3206800,267.93041118215103,252.02055489762276,270.3788919742976,85
GRDC_3265601,1087.29216245645,1033.045632268962,1212.36928178433,368
GRDC_3269300,70.4693459617327,36.04869087938884,98.4733240740625,230
GRDC_3275450,46.53313762583521,30.264611227144098,118.50604847362361,222
GRDC_3275700,60.0631195478659,44.28614557593501,72.42557298111483,372
GRDC_3276800,138.017410638105,91.85407308210604,196.7087735797374,49
GRDC_3469150,76.40246600483123,57.013986885937435,99.33303445762613,239
GRDC_3512400,623.0326029769865,418.22198187361903,717.8880127609148,31
GRDC_3618600,49.749779239756506,30.3365785621323,75.630473762549,70
GRDC_3618950,541.4310836332587,172.96333367538287,570.285304647479,29
GRDC_3624120,293.380854690869,233.21685850244214,352.839769841181,89
GRDC_3624300,146.89627531802734,105.59178295682332,204.87023963809298,195
GRDC_3625200,107.81896552803576,93.06101140967496,135.5528741961009,136
GRDC_3625340,266.08705051086883,192.17691916848068,415.6011568744755,140
GRDC_3625370,120.09320137167951,67.75433232662205,256.32964778926254,148
GRDC_3627030,1017.5986967040758,682.2901841007765,1213.1785543450696,106
GRDC_3627402,186.81822555478368,164.8773510158056,234.59259158220033,173
GRDC_3627610,182.69298973463532,156.3926206633136,197.93239160908024,157
GRDC_3627650,387.12345285047786,227.8976452871033,727.9314667838917,196
GRDC_3629000,1833.7812497570249,1749.451394386624,1893.9339772815101,89
GRDC_3629210,94.6570816791616,73.07799646249488,116.760249096049,142
GRDC_3629380,116.04439046811106,59.85465815108857,146.72875498732282,192
GRDC_3629390,1205.31727931729,1151.6903477186963,1244.979049300815,130
GRDC_3629900,111.46271763716109,96.15406528137501,124.17856623627456,206
GRDC_3630120,611.5290961525519,51.48787629729125,1471.5135045285122,138
GRDC_3630150,344.50767210270425,327.47923074943577,359.4434142682496,240
GRDC_3630210,288.08367601331594,234.8305661326782,307.086460730689,131
GRDC_3631100,255.6497007086241,118.478766847857,277.232348449617,24
GRDC_3631215,63.42739045153248,31.70841198662249,72.36896933734756,25
GRDC_3649255,232.576481700178,211.33005082208402,251.4429637717579,263
GRDC_3649449,55.81903040368992,34.23165639265527,77.088564911518,278
GRDC_3649459,87.96814501050974,54.82596134669812,134.37637073686776,436
GRDC_3649614,66.28931747276339,51.16779040104758,83.10805228550409,249
GRDC_3650475,91.4453770789239,81.45213912711785,99.40486879608952,234
GRDC_3651309,90.65795344067216,66.66335682834367,110.78226230164302,316
GRDC_3651805,456.15792148122415,383.6655288476537,516.7277653374039,514
GRDC_3666050,129.3825718450238,107.30970972424498,147.54696738761135,199
GRDC_3666400,122.65033308892052,98.60664750322461,137.01343504023083,330
GRDC_3666401,83.08699470091797,58.298255303927476,103.44455730098682,252
GRDC_3666500,109.090401846552,81.79958929779443,127.17500435633943,461
GRDC_3667020,259.78253387526865,206.19201088317337,290.29575007233746,286
GRDC_3669310,103.99623235917235,57.074123189378,129.34936520898628,471
GRDC_3844400,104.2775430817513,81.34290060520833,114.55730490023066,12
GRDC_4102700,244.132486555199,150.466846691509,332.1234349181071,21
GRDC_4102740,256.33226937975996,166.8414500811781,266.2091130563143,48
GRDC_4102800,697.864237460263,677.973976277971,708.979643900505,45
GRDC_4102810,265.057978208676,181.393355256245,331.86669335192425,35
GRDC_4103750,90.7108001495824,55.63831283173552,97.85912104850561,69
GRDC_4114615,150.54159759140035,125.38465233761048,207.31315019188514,79
GRDC_4115200,746.1399682210291,702.4484664762393,772.4689617680898,259
GRDC_4115202,390.1316580607565,345.39391428743727,467.33519086100705,522
GRDC_4115203,401.741420318394,371.03909169999065,427.51332352913647,378
GRDC_4115204,268.555694139095,236.01853398654396,295.941086805058,237
GRDC_4115205,864.2783506337751,785.7779727423383,941.6734711562713,226
GRDC_4115206,207.469279404896,147.44201441827792,229.89466997041794,199
GRDC_4115320,128.99061055990825,116.37572962674824,136.32415637457638,268
GRDC_4115347,173.06802303139,158.0268816192031,190.78110222204242,420
GRDC_4116181,177.0114621971005,151.50618241486086,225.91566919636188,488
GRDC_4116182,657.1430038197865,632.8910593824219,710.4908395820476,501
GRDC_4119080,90.26077299888117,55.149033620715585,108.13154960579683,359
GRDC_4119100,149.222527658132,105.14836671690155,175.70312180853676,216
GRDC_4119261,134.460745708261,88.38331773483598,165.94944898250952,278
GRDC_4119400,168.0894631467305,139.43923813980376,223.48056402406144,296
GRDC_4119401,183.12523593961,128.4204659307899,214.2156060070397,420
GRDC_4119441,75.63685290930519,50.28064021155975,98.19986214134475,307
GRDC_4119450,355.707980148886,296.64189198056147,384.0995332776946,355
GRDC_4119460,63.579352918769274,30.56636076874245,92.81066737257407,166
GRDC_4119800,1382.0731335869873,767.133398394516,1670.9903138356071,190
GRDC_4120120,62.813071257867,44.31128981024011,79.16566278454577,502
GRDC_4120900,202.85675584487876,120.09640214975505,279.9138108354358,222
GRDC_4120902,173.54172319932252,162.6154996700188,196.00563132466885,477
GRDC_4120950,155.040717804093,103.93123979366024,172.66252037697416,371
GRDC_4121801,190.7009908419,159.54673577941935,223.77276385904514,225
GRDC_4121802,333.1131277140705,299.5546848168012,371.3105540924791,299
GRDC_4122152,46.3103564509829,30.8334232807584,61.66684656151685,139
GRDC_4122600,445.6799129774282,128.6258184883775,662.9064143373694,190
GRDC_4122601,440.077831107533,250.1452680946885,561.7831020834429,205
GRDC_4122602,292.73386811520277,223.3030391529589,326.82541038261553,184
GRDC_4122603,239.776853335836,30.581227627263104,279.74460149531535,261
GRDC_4122650,187.347288125354,157.83539810960406,225.87660522223067,428
GRDC_4122700,152.66510881677,117.87882114671605,170.09384199890962,359
GRDC_4122701,183.3496673525485,86.02454817583465,205.55235337787116,540
GRDC_4122901,300.51218243369203,277.1359853541666,329.5156908903733,322
GRDC_4122902,250.999114302104,225.89570008116067,277.43652738074485,309
GRDC_4122903,188.985457204248,165.50559507695468,225.17545121875355,239
GRDC_4123050,912.205486570685,807.7584594729717,1148.2658490587437,326
GRDC_4123061,456.7499875899265,405.2963195212212,514.8336103946726,462
GRDC_4123062,256.1014974711515,204.06021328936902,312.7225774029757,499
GRDC_4123063,370.223956066152,346.86693084775914,401.7608002474191,206
GRDC_4123230,137.530180767079,102.66768599072121,157.5737960178168,230
GRDC_4123268,117.1194585016959,71.35706152017107,204.24177530551515,340
GRDC_4123300,632.7439442025859,594.2941147183326,686.7965278107346,381
GRDC_4123301,381.932550099892,355.75308596817,423.37665589765317,318
GRDC_4125500,204.845646321123,151.75596412361216,273.27577393860065,270
GRDC_4125550,175.0115645802073,32.2713714189244,464.43577676607,263
GRDC_4125801,90.9017356210883,39.719028735020956,136.0079513508036,472
GRDC_4125804,537.9398977945145,476.5559021834752,625.323949593764,261
GRDC_4125900,153.378744541892,129.40955642426664,229.48467609830558,538
GRDC_4125901,137.60013617651236,102.54424603537619,166.51697451406005,386
GRDC_4126702,96.04591643692845,71.5352422158283,140.01831662343358,314
GRDC_4126801,228.971051852742,150.48549506663633,278.2623507994059,273
GRDC_4126802,120.32287174519352,88.37928753905175,157.36463852521524,323
GRDC_4126806,185.102051851036,64.20819444535789,299.96006798571045,266
GRDC_4127501,658.0668407960687,518.8850843437698,803.7364965417335,248
GRDC_4127502,514.070011853457,464.9468610990194,559.619967925452,163
GRDC_4127503,483.875223805824,432.9657871876126,559.220331774931,353
GRDC_4127800,781.121395064288,637.4523319302856,859.2838264345104,152
GRDC_4133750,63.17951042457396,42.61325955138077,96.69470508674311,317
GRDC_4134400,117.144366324977,104.38241789232771,135.3883932033907,342
GRDC_4135200,220.04982432499,104.31500989991667,300.6266347871777,155
GRDC_4145080,184.1729715648,151.8165556700252,205.86105094623218,283
GRDC_4145081,77.1099211405098,32.2182257903519,104.28709512456598,307
GRDC_4146110,116.7486618412344,61.7852243101928,221.92982802648103,233
GRDC_4146281,135.77160381047,120.38254480205916,155.76892499447658,469
GRDC_4147011,186.831707779104,156.9588389812178,220.44239922944223,125
GRDC_4147380,100.2564050011229,84.28296476640534,124.52039214455166,191
GRDC_4147460,266.716273188075,238.98106455070837,293.8623046685022,200
GRDC_4147461,109.1809789984116,78.4671285002886,136.37200160057537,154
GRDC_4147600,320.5236942865155,255.2838015829553,357.5093868157278,201
GRDC_4147703,1468.857957563985,1401.7699847572771,1531.868697329358,370
GRDC_4147720,138.697842686272,117.18236893665184,164.1785977010092,372
GRDC_4148050,226.495737961012,205.90716916179795,253.44301939571633,275
GRDC_4148100,374.7576495630826,340.9871754815787,461.44978399106225,452
GRDC_4148530,192.663719061925,171.65310924390758,205.48301988221647,253
GRDC_4148541,87.22967299569434,54.23665730182222,130.12990476639973,615
GRDC_4148851,400.05308499585726,310.08010686152943,478.12103475347203,313
GRDC_4149401,181.3588518007585,147.6072494460799,220.5765447735925,547
GRDC_4149411,91.1630577309911,69.81220383247648,110.93640137184849,598
GRDC_4149441,55.6971713614727,33.863490878050506,67.75184321902486,513
GRDC_4150451,77.4757430642621,57.196604422418204,90.20103922674095,35
GRDC_4150500,84.98213727484486,63.97168662933575,112.17862558088459,404
GRDC_4150601,65.36695454526685,31.5135657617417,126.28232174655837,178
GRDC_4151804,63.2893602069587,45.83256387061091,76.85549749779453,520
GRDC_4152050,34.0321806070934,30.4092085005791,61.72416002778682,251
GRDC_4152101,100.58991776118972,75.62509883308736,132.3124449773372,496
GRDC_4152103,349.7809146196555,283.2672630095588,400.474194973026,370
GRDC_4152450,122.86851433070336,98.23182190347364,139.7794588927971,488
GRDC_4152460,117.44364422142353,99.82398028252518,136.84165556682254,388
GRDC_4152550,84.1756361266731,73.75448199750986,103.39203594634145,699
GRDC_4202601,213.203712625518,198.02405559168778,222.24586078056421,71
GRDC_4203400,149.354730797867,134.065507050996,164.80499791313198,94
GRDC_4203503,83.3221024186558,70.6640249125768,108.0760175804223,17
GRDC_4203520,107.105689185206,78.3169959867686,126.82300640438012,81
GRDC_4203820,94.9819274589064,67.8588555013522,109.1531842466481,89
GRDC_4203900,93.0780534729968,63.54335732728144,136.9033901264964,82
GRDC_4204050,210.520805648957,160.06280113003538,228.1185499682437,62
GRDC_4204100,119.5857311597665,102.99615482679627,145.4858253810999,108
GRDC_4204500,92.5648694425711,55.388251866460706,104.90775668182852,67
GRDC_4206100,215.4926238888055,177.33699700701035,224.08301550340505,100
GRDC_4206250,192.425988966417,141.2102818483084,294.31474623785783,97
GRDC_4206920,120.184125127326,62.038364185158,130.280564788832,92
GRDC_4207190,221.257408065544,175.8829136901156,239.57207364677942,143
GRDC_4207320,109.78512564571275,83.45724696943566,113.31618070715353,186
GRDC_4208005,1132.46941797768,1117.8294075630824,1150.7667844771256,92
GRDC_4208040,353.929989975428,287.00611359566267,405.4992916657112,125
GRDC_4208041,177.7639958904835,115.30542762545997,262.2435505235878,74
GRDC_4208120,120.744778785435,60.3723893927175,126.72328971946087,45
GRDC_4208220,152.304071395,144.941630274882,178.417959359966,150
GRDC_4208225,90.1656222807655,60.4738551964927,122.48752666697607,134
GRDC_4208240,111.622789670309,90.5204865571749,128.3102494664023,115
GRDC_4208251,68.5152842150466,51.76547138014172,97.43155468007596,81
GRDC_4208255,163.046035519773,147.19744307399472,164.15517221033488,89
GRDC_4208256,68.617588249006,59.73143402464933,90.66231256982731,78
GRDC_4208258,91.2317754474172,57.807609813841324,98.75589379048247,79
GRDC_4208260,82.1204513842904,44.81035459933407,101.45820243269813,88
GRDC_4208271,684.475081385746,663.7805564532069,727.6488505641559,121
GRDC_4208274,238.878095877095,233.4669114728935,255.21443136329862,89
GRDC_4208275,164.327631515516,119.514244737003,216.62176877441743,84
GRDC_4208365,103.072323637021,52.54454193851874,150.88071288360413,196
GRDC_4208400,1613.68311590162,1539.5944111880601,1686.49442915461,93
GRDC_4208456,345.931336690285,303.1337663120688,393.8437747516608,198
GRDC_4208458,259.013562700272,222.43478592937686,291.2826621923807,224
GRDC_4208491,133.303994738885,117.1993675085257,151.61860001253393,80
GRDC_4208540,96.542522491173,79.46072285107681,109.62269879239909,199
GRDC_4208550,191.404120970222,167.66789695294008,234.5566231895748,137
GRDC_4208870,193.293388673975,165.44728005349106,214.15228184725194,220
GRDC_4209010,60.474566606098506,32.0089991215873,77.94211267863861,26
GRDC_4213031,75.0286230072389,53.14745443594652,100.08661900778729,218
GRDC_4213250,179.3304034342,122.806366361153,217.71875398728952,310
GRDC_4213300,296.027511420381,259.8263339854502,299.8945133746364,237
GRDC_4213550,411.7517937989405,383.1413715139855,437.75488609165325,62
GRDC_4213562,54.815972964459725,41.27583172414121,70.85863650353242,314
GRDC_4213683,101.26903520624924,78.26893616852098,122.2544151411592,324
GRDC_4213710,260.58175123353067,197.3726293895615,294.467876196365,156
GRDC_4213801,2800.7277888999,767.745689386608,2774.2090937645,33
GRDC_4213803,341.26043286829724,287.8384616743345,386.27266648624413,214
GRDC_4214025,357.5975813659355,341.0394339568926,390.6383981392047,120
GRDC_4214035,249.0636380884315,118.83424297233177,319.48501305426015,63
GRDC_4214040,405.92983656758975,197.849143547184,505.7638913427587,52
GRDC_4214080,460.376479669274,417.82903848873895,493.8301037868504,156
GRDC_4214106,136.025341728016,105.94028029085919,162.40030891026024,164
GRDC_4214262,886.4195911209947,749.512894161558,1012.2568697739073,163
GRDC_4214300,61.657975401313,30.8035572370807,77.05975401985336,188
GRDC_4214350,80.53092673058154,63.323872993083555,108.82491165587892,146
GRDC_4214430,91.91305652804722,56.83545290134032,132.8163791859567,165
GRDC_4214440,347.6173693889715,303.41307439622847,393.573886626495,134
GRDC_4214450,165.8204718463875,148.22818166002705,177.10534559763505,156
GRDC_4214480,174.1436686716575,133.94370476223804,192.5355629053871,174
GRDC_4214515,444.898999765984,387.250975414716,499.4231517435927,169
GRDC_4214520,397.3798584926655,343.0006313599621,464.5959638884093,153
GRDC_4214531,233.95875903453725,204.46829618227022,287.3892155342051,134
GRDC_4214560,244.171504348631,201.24386662681206,267.784921733259,191
GRDC_4214610,53.32385220715395,30.5606026147012,75.9419424639454,88
GRDC_4214680,372.165428194536,295.13459343179625,416.2369383736976,82
GRDC_4214690,140.793978660614,100.17820630569683,156.43128786891026,136
GRDC_4214701,223.893571748071,113.32287621125498,260.6818296577427,56
GRDC_4214760,258.361122766119,227.37402820552546,296.8524929227597,87
GRDC_4214801,188.259100221357,157.79385112860294,226.020943432313,103
GRDC_4214810,119.0631959437215,58.995474137922336,180.65140948097786,96
GRDC_4214830,80.7254668425222,46.3918981633627,115.9441050256948,79
GRDC_4214900,390.384179920317,291.884522541935,726.8476523572756,65
GRDC_4214905,637.6868777046174,566.977279810098,711.737373293995,66
GRDC_4214940,744.288074294412,461.671612847969,782.5910485976735,48
GRDC_4215210,206.90026763511,161.21469725526188,378.08684951531643,359
GRDC_4215220,84.5786471220259,60.99253448755236,124.95621602922775,343
GRDC_4215320,122.7563234604435,104.26806692060964,153.93535170424153,283
GRDC_4215660,107.02577491925686,84.71853178745052,123.69094999145173,94
GRDC_4215700,89.0029401914336,40.0014243752496,158.31262781428376,207
GRDC_4231100,235.4979257158705,143.92011431392478,315.6672381552678,123
GRDC_4231601,247.35256930752848,149.1161825815414,277.4356258886044,225
GRDC_4231620,254.913338346064,226.28830774368623,276.69694083176125,201
GRDC_4231630,321.008002309889,280.3962121036849,378.00719312608203,104
GRDC_4243050,334.254541523652,306.7932062533326,349.41358340925206,130
GRDC_4243080,159.43538552156673,117.54225341160566,246.89456422045905,100
GRDC_4243240,278.5190404169068,262.8749287820401,302.83316588214643,132
GRDC_4243270,461.2766999925356,421.02198610474693,507.73702273992967,245
GRDC_4243300,321.950931263159,243.91890775110514,376.19978224569434,74
GRDC_4243301,152.7687613978977,106.70005236705433,288.9045576495862,138
GRDC_4243360,126.367868385711,96.65076086970714,161.24233054064916,129
GRDC_4243400,107.334133952345,72.94166067666195,126.55988032972616,167
GRDC_4243410,631.0510014865133,583.5639282136331,657.147497465044,74
GRDC_4243580,103.412377407926,43.6289391572778,227.6664169673346,111
GRDC_4243800,80.89685555111186,39.52133706290097,137.48219342206983,133
GRDC_4244610,254.92975670864752,207.46058712616505,292.12132121758185,78
GRDC_4244655,92.6505242385717,53.964466404223415,121.05694730075831,73
GRDC_4244730,138.72417503884776,116.24317581761414,178.89747314351567,107
GRDC_4355340,165.0695946899945,131.0509909032788,188.32830582134875,350
GRDC_4356080,85.89183124880435,40.4305119949729,159.99194109330864,74
GRDC_4356600,76.12791125569193,49.57281899218201,96.12951150968668,236
GRDC_4356700,100.33187176600325,53.376323109962684,145.43891496475683,231
GRDC_4358300,101.4283336884128,59.728818954639905,118.53613091226157,120
GRDC_4359220,215.82075790950432,181.23122572084725,231.42574906874256,116
GRDC_4359320,82.81852942870553,43.4171885242156,112.53954014178865,69
GRDC_4359500,171.189850547113,118.00406823496405,216.27100050685624,63
GRDC_4362600,312.4858128913623,292.4279559067638,333.2136052130983,161
GRDC_4873280,76.7842344541422,54.3382478128766,86.19962903244621,12
GRDC_4874730,154.829769456531,61.9259058554629,257.4833114894369,82
GRDC_4876800,124.103636188982,69.7930566976348,118.67257823984727,27
GRDC_5101201,129.256939614439,31.5187614015702,341.4112235018086,92
GRDC_5101301,154.7018718820775,126.85276309223859,176.88727614256155,285
GRDC_5109200,164.716880272351,81.86368613682274,258.1529831257444,305
GRDC_5222500,98.30424181626682,69.78850794447978,120.49678186521292,177
GRDC_5223600,73.5388815511207,55.868700465047496,86.32695715235093,53
GRDC_5231700,69.25778831159622,45.30669236609867,94.20113281209123,92
GRDC_5608024,68.8889788333563,38.49796848465555,107.51817062170501,460
GRDC_5708145,62.984270350423756,30.56645458503988,101.20285554667133,376
GRDC_5865300,95.54714493413178,78.78412952954409,120.50062176175098,44
GRDC_5868050,64.7304908055073,34.828597353801264,87.12025019168625,99
GRDC_5868100,197.096496686625,173.2771057611899,226.64189419151916,43
GRDC_5870111,93.48976598703491,30.1394554292791,156.21926589022536,62
GRDC_6113050,169.77726004840173,107.17938888201132,214.78802818213882,296
GRDC_6139370,123.463903031665,91.94056864192441,154.06095934928894,335
GRDC_6140400,93.3497820335989,51.55067199447146,136.19008628134145,209
GRDC_6142200,252.5570487035355,234.7712140268585,276.0455320127912,194
GRDC_6142620,91.1591627637025,62.45677279507713,136.414478702262,264
GRDC_6229500,199.98572817770832,105.425772232637,231.934933473895,161
GRDC_6233401,86.41110428946455,36.3025603693833,154.2096271807448,146
GRDC_6233551,232.242297108824,178.3735000835825,251.10529474266332,105
GRDC_6242100,218.943775880299,204.19640444605744,244.83572703939683,119
GRDC_6242401,237.464069417215,196.1015142160611,269.75348353772495,214
GRDC_6242500,262.274726355442,235.10942407210655,288.3892109763548,137
GRDC_6243030,56.08625443976618,40.93930386017843,72.43575339755313,300
GRDC_6243850,243.7211657256735,219.716476383233,254.8560146597267,136
GRDC_6335020,379.513612330221,318.367607261828,413.4166796196374,89
GRDC_6335050,257.72978411271225,206.60669112648634,380.6082135668832,164
GRDC_6335060,334.57618644414345,274.61070698627304,397.1991111981331,159
GRDC_6335070,277.1948812839063,245.94228907992567,316.10244949326034,138
GRDC_6335100,325.18552005971674,288.25039968743704,365.2656815197523,158
GRDC_6335150,441.5028793499032,411.85393703403105,468.66482525766185,180
GRDC_6335170,245.27708626623095,184.32284246749506,400.7474961665421,175
GRDC_6335180,284.2879450293625,260.9427201241306,312.1156232976784,188
GRDC_6335200,221.97413252675,183.87732686781527,244.4576811237032,207
GRDC_6335302,88.02017479449684,72.23482212749636,113.75873937872042,204
GRDC_6335304,113.07347438853,84.30058650329322,140.5774198218681,164
GRDC_6335400,195.835403716064,181.58947675846423,253.7219675977609,143
GRDC_6335600,90.16841316534266,62.93482558384632,120.26667850115786,215
GRDC_6335601,113.7045112254,100.03116011654787,137.29556218843118,232
GRDC_6336800,67.69130398332868,36.90020987486765,104.82509607772744,230
GRDC_6337200,84.8107101808586,52.006168936881714,114.12322325119686,175
GRDC_6340110,211.7887333974545,172.85274712405362,321.74861922876306,182
GRDC_6340120,121.872217721182,68.1790058862607,166.11973409618128,166
GRDC_6340130,89.24874436820011,56.75254641113601,142.97515114530813,172
GRDC_6340140,172.5259147964305,115.93625490251597,259.958978755622,183
GRDC_6340150,226.1046522429755,156.3780114035299,341.2438517532927,143
GRDC_6340160,150.8231041721605,131.58083624095693,188.7879091834113,206
GRDC_6340170,137.949585873621,98.70889798334669,169.97898973978033,183
GRDC_6340611,76.30109179245,38.62988313196226,124.55422496810232,206
GRDC_6342500,61.9493650863385,41.6583992988758,81.5181046081194,131
GRDC_6342600,101.606490016365,92.20019514715425,136.9610854894656,135
GRDC_6342800,160.57543423218527,138.34753370832567,200.34124247161913,156
GRDC_6342900,221.00162805299647,205.12353782988214,227.73391917435313,246
GRDC_6342910,75.138088272717,59.778734820761365,145.44930034709827,224
GRDC_6342920,170.5261307041505,143.418056962832,200.33045928774465,286
GRDC_6343100,125.1352312905675,105.67042117804448,141.33328340652196,266
GRDC_6343500,85.41867775643985,66.38811263865496,98.78935628860717,168
GRDC_6343900,149.95001589526225,123.45819513627782,173.36388008825077,220
GRDC_6348400,395.376017899959,116.68363279395993,438.33365206198573,266
GRDC_6348500,212.781665987109,114.31735158253497,339.5464773425836,236
GRDC_6348800,311.469935173046,154.0230849758105,511.6308580800294,143
GRDC_6357010,217.20741387136349,162.2483392585421,273.89512589529784,207
GRDC_6357500,106.108219046864,76.0070244451668,133.69997538116496,174
GRDC_6401800,103.219194285714,99.203802288329,119.3988620398817,23
GRDC_6421100,121.471716044056,95.63115039723998,142.7578443929355,141
GRDC_6421101,124.01956943474649,92.99063714245368,184.65528814726608,94
GRDC_6421102,94.22054482521416,54.553744773039995,136.91319056361786,157
GRDC_6421500,109.813986800297,80.58905151503367,152.31026626712998,156
GRDC_6435060,361.2650043162048,335.9838547778233,391.45592390482693,130
GRDC_6442500,646.6739749436294,296.7373258584215,696.4473850485708,125
GRDC_6442600,322.430435103416,275.40531712813385,356.6589432104013,255
GRDC_6444100,169.501008056821,135.490568996289,205.8932064807588,155
GRDC_6444110,73.16398276634126,52.53520492215845,87.882171763195,412
GRDC_6444200,77.24992824759406,61.241909145290904,106.20130705744975,175
GRDC_6444310,143.8945206690965,123.15292694181062,172.48612604949986,322
GRDC_6542200,688.873011651847,427.594833977447,766.8296115858845,286
GRDC_6544100,194.091039332863,152.47118484956547,229.5336253333466,306
GRDC_6545800,187.1415643934615,152.8388509949043,254.15451083995822,208
GRDC_6546802,66.556194583551,30.916337700845048,110.40638939220622,165
GRDC_6605600,107.561311823035,86.29433285532207,183.09648530596888,98
GRDC_6665100,68.54581888747424,43.18707420833472,122.6756094237771,458
GRDC_6688900,79.5909499972507,40.3766541108267,91.9207896039971,117
GRDC_6691650,44.3584953058949,31.0326921893092,76.03922312621617,317
GRDC_6695250,68.9913922532825,30.3547837375889,169.2714046078365,705
GRDC_6695400,82.26485760300434,31.34972148767016,181.96503149009362,677
GRDC_6695600,97.7389140475367,37.64465875830904,153.33475099457632,139
GRDC_6730501,256.046718807055,233.32640889312802,306.779308524371,68
GRDC_6731402,143.245258586525,116.07494516600055,164.71701954628418,154
GRDC_6731570,73.5310979588798,32.7542134468185,96.8390686326381,73
GRDC_6742201,1400.03418021168,1301.5245202774809,1417.5109861689002,324
GRDC_6742500,978.4290325476788,924.0219713682663,1059.0408729869812,132
GRDC_6742552,115.56852714067874,41.8922026586762,241.46699036204382,201
GRDC_6742700,96.88100612238684,48.515813677158306,126.61750670497796,187
GRDC_6742900,559.460644514731,514.248726451008,620.6264160646954,212
GRDC_6744200,109.401354095834,76.36434172818782,141.15703437423667,187
GRDC_6744500,91.66755948213114,61.419524142572605,97.22388199165854,306
GRDC_6830511,153.67658104611,103.69592574040351,187.04073248579473,43
GRDC_6842200,1006.33594602312,933.5528683673278,1048.3300411732014,289
GRDC_6842800,591.904668297067,553.1240958115768,651.3463429198903,155
GRDC_6842900,535.242176913198,470.6768872031987,605.7036079664963,266
GRDC_6854700,228.754507628433,164.70031254955862,285.9512451052904,116
GRDC_6854710,98.2634611991412,52.6602839310504,132.63390359940487,88
GRDC_6935052,192.90484713168632,173.49723548627696,212.36978457943957,279
GRDC_6935053,176.54293231771575,156.38283879571705,189.7122540694656,154
GRDC_6935054,92.91532016518374,63.14930126035145,117.75681186931315,246
GRDC_6935055,180.15084327733825,120.62998779421685,219.26690979497562,244
GRDC_6935300,95.36493295781004,76.93898314574128,109.31262008959509,198
GRDC_6935301,66.8606039783695,47.06270382578721,89.12849617826933,149
GRDC_6935302,101.62712418261712,54.762834417850286,122.73995242326822,121
GRDC_6935500,54.5838741941743,41.13242701154948,68.68077863643865,101
GRDC_6971451,129.914002402294,119.11595544937597,135.6022592792775,68
GRDC_6972430,390.581510001398,331.7553630896471,423.06198336449984,142
GRDC_6974150,181.562510945711,158.9523885750599,219.39351421421492,193
GRDC_6974350,72.25495981519005,39.85521794353864,96.80176000340128,213
GRDC_6975110,493.042689849968,441.5803780407566,531.507417820775,139
GRDC_6976450,383.01798081485697,313.0133562863246,472.1443509353057,127
GRDC_6978250,235.9780799289615,182.25269679978737,278.4527090723213,203
GRDC_6978251,164.817106026236,131.51721380394238,241.24967912492627,213
GRDC_6981800,208.518742302628,134.32476650767262,231.30950915353887,174
GRDC_6983350,178.51692582976466,107.88113687399047,239.40204606335922,194
GRDC_6983355,231.440688587976,209.09386426640202,259.338253070971,177
GRDC_6990700,162.35421849175,90.8990989701679,205.9466572462182,152
USGS_01030000,182.7122433519345,154.67897181937994,204.11032937046207,129
USGS_01034500,170.2253280341785,116.89490287718355,198.72849462967406,120
USGS_01046500,145.2778230517835,61.52887136150186,214.30200578377327,185
USGS_01047150,110.53595306331675,92.02272677691765,135.88500114917397,256
USGS_01049265,137.828796134837,93.61585826779853,172.51133735918043,281
USGS_01081500,54.748276080295554,37.516303152189714,90.62949269855976,142
USGS_01092000,115.11494607030701,93.36722325890254,152.1041000968357,282
USGS_01154500,96.2858866918955,74.87184533203941,122.63801933061002,145
USGS_01170500,109.1809789984116,78.4671285002886,136.37200160057537,154
USGS_01205500,173.76719401758632,127.60379628174275,209.74876495864427,190
USGS_01315000,262.1769463516148,38.4549572314348,351.83356238719483,252
USGS_01327750,92.0197061968096,76.2019397067696,129.78988625667608,175
USGS_01331095,205.132806441126,163.29941386216424,242.5634463759759,262
USGS_01335754,297.9784733702875,221.85502967662666,343.7364402408672,167
USGS_01347000,43.11932165661676,30.158181094134832,59.0046089052773,203
USGS_01357500,177.70779845408123,119.68733142811092,216.6498734742242,230
USGS_01358000,289.3626527743395,228.6400663238029,329.48107168636625,286
USGS_01427207,94.53431527771636,74.70309958394883,118.07667321671678,301
USGS_01434000,149.28716914806552,122.4374196090709,220.5183447127169,153
USGS_01438500,116.520535395198,99.64414517212592,148.1125881304038,159
USGS_01446500,124.53200278790601,91.52962918146079,157.69606251614647,230
USGS_01451000,54.4271636048775,31.26988876742957,100.09845564539941,289
USGS_01473500,80.14678513549482,38.38566532860824,132.16110486610341,224
USGS_01474500,62.10031637686936,32.56234828856635,83.29301425319466,199
USGS_01513831,190.55158141180098,154.42638079276904,225.62284947129817,250
USGS_01515000,116.22454651651832,81.61687961817411,147.86612848613623,317
USGS_01531500,115.79474942903248,55.07269283647631,175.58134116038062,283
USGS_01533400,124.1805027641725,86.06022930843345,185.77623290277808,176
USGS_01536500,150.36823314954535,30.3199132697638,278.88923322481173,163
USGS_01540500,307.618283801982,283.4784158533008,330.5477465179505,222
USGS_01545500,91.4557931029008,46.90378073411707,137.23054352562204,138
USGS_01551500,205.06562890229705,169.25591978496487,241.70285542110648,347
USGS_01553500,250.574955838027,210.8273025680908,292.3577499964941,363
USGS_01554000,635.4637056418505,610.7400120146535,668.8858352630916,366
USGS_01559000,46.3443390515141,38.00377752512825,54.49969657759249,143
USGS_01618000,124.6299827954075,103.25563667589785,154.80308149034877,373
USGS_01636500,92.90888422722944,44.45911380186941,141.11955412263796,384
USGS_01638500,139.7874811684179,91.82606054523465,175.18686858439378,412
USGS_01646502,350.966667255451,196.5755386376586,425.1312123171973,225
USGS_01668000,78.02889774395456,42.369750843465624,116.02581477911436,375
USGS_02026000,84.21734607671154,51.68890944428747,124.60176742743862,270
USGS_02029000,115.442374142298,87.57507380059288,135.44256368021416,271
USGS_02035000,147.33392525647767,122.0842500633204,182.24356708317367,546
USGS_02075000,82.22133582101031,60.57102023128242,105.56107221414946,262
USGS_02080500,99.90930822736816,71.60003211527817,170.45492072034708,301
USGS_02091814,52.9227553163058,36.38990600785849,67.16225207403774,535
USGS_02096960,58.65791721924197,30.3704893894307,91.43890070828115,287
USGS_02102500,104.31536157672996,86.45587460182698,126.79270996878599,617
USGS_02129000,109.483580478474,84.6864539045097,133.15610787182047,310
USGS_02130561,50.918055928723376,33.56897132233546,73.13927887780578,297
USGS_02131000,61.609799080633,38.6368759477487,87.59217874395205,311
USGS_02146000,132.634311278257,114.87437706566348,162.12718206255272,268
USGS_02147000,90.6962832061287,84.64986432572027,117.90516816796769,256
USGS_02153200,60.50408002001683,41.51861966530103,73.75736065535179,417
USGS_02153551,120.50059728252106,84.27362409237307,152.49549280877596,290
USGS_02156500,68.8538657436042,60.803203711307845,87.71597170942746,307
USGS_02161000,128.4563426868625,107.96553413246687,149.63681833512157,312
USGS_02169000,75.53051115472046,48.99554813551508,105.12900093318493,175
USGS_02197000,138.21857753185824,117.76134890274773,153.01900819352576,316
USGS_02197320,70.89020998282056,52.74097522582589,87.21588602787551,316
USGS_02197500,99.26539986555417,83.5642987559037,117.70837774341834,314
USGS_02198500,86.85424327741957,74.1692439183719,104.12991225865463,563
USGS_02213000,64.24111063874739,39.39447494308662,83.32313820451967,300
USGS_02215500,61.1513720745995,36.1520806173183,75.1868426774478,591
USGS_02223500,93.0469313562419,56.05489439668921,117.70667955535666,349
USGS_02224500,67.0827443939987,30.14747194852957,90.0991038937618,586
USGS_02224940,181.951401109403,114.13479669721059,211.43868974808922,444
USGS_02225000,145.1841808208385,117.88868498836335,163.4085533387457,258
USGS_02226000,90.41555292743102,68.19678674405141,103.61721142057996,296
USGS_02236000,72.81878954086197,52.9342046424158,102.80554376027848,197
USGS_02313230,691.8684865051503,643.8935710928029,699.7876281384746,244
USGS_02323592,245.442920986814,229.8182416739736,265.7732690717018,265
USGS_02330000,97.30848768508943,66.1048359286588,134.5164325473858,504
USGS_02335450,44.89090269813788,30.021672095714,67.91582639704376,266
USGS_02335815,211.23800944721162,167.16289476601634,241.46070196542374,268
USGS_02338000,49.5951579990508,37.22873157658085,64.64646608225445,273
USGS_02338500,61.51278188914756,39.08986880852011,86.96142544041389,281
USGS_02339500,102.8070752745039,79.74526336659616,147.29900968488369,289
USGS_02341500,92.13900369739645,73.66811886347861,116.9044513732477,324
USGS_02343801,151.13359404094635,110.17130956658521,193.82340719943667,275
USGS_02350512,55.0476257084236,39.929134646159035,69.00134226308182,225
USGS_02353000,52.6206752835907,35.855378529777546,73.120290596102,553
USGS_02355662,63.339871769538895,30.48245222661395,98.89477563752402,583
USGS_02356000,104.40285650197114,76.9505555952029,131.4014601761471,492
USGS_02358700,218.84407745586,160.56569378998734,253.07164323551092,293
USGS_02358754,141.522836950338,76.3602266638448,186.12302342765835,292
USGS_02359170,141.799855914606,123.65125194904951,166.0151407128163,491
USGS_02365200,87.3748040391465,57.774360221803,115.54872044360613,326
USGS_02365500,64.37359074224509,31.360697928455565,95.92128739041748,289
USGS_02366500,113.33038341593068,95.12401189960065,135.29336541935822,298
USGS_02407000,149.296780991455,119.22710591517975,168.14253735390773,224
USGS_02411000,135.79305527984934,115.4957140971168,167.1034761894323,277
USGS_02419890,66.962115444799,39.90720732619177,86.55550986303656,328
USGS_02420000,151.61983490174202,119.0794171876131,170.35733839735374,317
USGS_02444160,98.57379902374517,72.76166534320937,145.62225273792973,307
USGS_02447025,192.141642063535,157.59210822985506,217.48652129724374,310
USGS_02462500,450.386017148334,412.73489876586666,492.4531034436369,295
USGS_02462951,498.6911038673665,413.3618138277326,600.3224881585794,235
USGS_02465000,235.55228959857274,175.15623148868667,276.72940728435225,296
USGS_02466030,281.7339511094997,247.0466408835926,322.8807091031042,304
USGS_02467000,212.1335567742057,171.41718281835057,291.714626777849,321
USGS_02469761,290.1085032002827,209.40938452107832,396.8790700627016,307
USGS_02475000,72.57646167321192,35.93061915612528,107.48510451035845,318
USGS_02479000,107.8594216323662,69.74233604414454,140.0198238217235,297
USGS_02479310,92.6400431733543,92.12738668443939,126.02302748094031,261
USGS_02489500,87.05483512806457,63.117880694562025,118.31207277072252,265
USGS_03012550,108.80078988837394,78.0794515598551,152.43894623171167,102
USGS_03015310,100.607560818256,77.5917761214958,139.644136823545,101
USGS_03016000,166.47228911379065,130.64068019202986,209.40183228788106,142
USGS_03025500,147.50653746622368,114.87578681041032,193.39447691415103,299
USGS_03031500,214.86446512486035,172.37997556686096,245.18735086929146,228
USGS_03036500,201.0754237860185,167.20684772468303,251.87009216519675,151
USGS_03044000,67.8710140446076,42.40419020649513,180.84096944287452,178
USGS_03048500,48.30759760457708,30.112825819168624,68.79331419847807,182
USGS_03049500,278.9418733389475,254.45294286071692,308.0993999806394,160
USGS_03054500,51.135743300030896,33.36857882907158,75.12632245437136,159
USGS_03072500,168.25206995889,144.64392598775768,197.00009318867853,170
USGS_03072655,214.21507797275305,179.65285249228265,245.49976117060828,171
USGS_03075070,202.1594924962235,166.6120408189954,244.16280891252921,187
USGS_03082500,54.73757031852487,36.511248474096185,75.28125334108361,173
USGS_03083500,60.664777214418,44.011105549321044,80.3926332555312,177
USGS_03085000,297.452796369808,262.9499434093929,333.0778874541953,172
USGS_03107500,82.30875390081246,64.47716483794912,116.84715039623782,343
USGS_03140500,68.7882826479889,45.6380147917125,111.68296083954151,365
USGS_03144500,81.6511225033481,59.455383592604555,113.3731995991385,371
USGS_03146500,38.805466496856724,32.06674673946845,54.468741138163395,12
USGS_03150000,113.067959823734,82.91244907569336,134.92735991015113,374
USGS_03168000,131.196450264862,110.06202575400616,150.6588679024773,194
USGS_03171000,105.68102149054644,82.58247039901231,135.98854568261868,199
USGS_03176500,132.218697909576,97.0602197318411,172.97354411769265,211
USGS_03184500,194.74026555856886,160.34507945046812,236.6136068007781,348
USGS_03185400,111.80361900353024,86.1025760546092,139.33690616924082,338
USGS_03198000,238.11534004111502,190.13669351844914,265.4658980901393,186
USGS_03227500,94.1820975748696,78.18521269781614,113.99257153055206,181
USGS_03263000,44.4974647873737,43.030186338799446,66.2371413927797,170
USGS_03270500,105.111841356174,70.85720991712988,127.14751174872393,203
USGS_03271500,77.76799582810199,51.58181547943714,110.53946230850799,236
USGS_03316500,65.06946399958466,38.090340535898974,102.70766331416888,240
USGS_03320000,101.68380475996096,75.48550635798787,124.91477760061267,479
USGS_03326500,53.282896543123925,38.346434047116446,71.2116165964969,196
USGS_03329000,125.08690950030068,91.12707642619233,157.34839888152095,400
USGS_03335500,102.01814308939512,71.72670171701262,144.3121141062477,220
USGS_03336000,105.08280729282244,82.71353584073776,130.87064593401192,247
USGS_03340500,103.1450929696458,93.24373344899175,121.34813038281231,235
USGS_03341500,146.12016792261352,129.7649667821183,156.2035844141929,214
USGS_03342000,119.17314945000024,93.59462841310113,154.9705810045436,250
USGS_03343000,131.845867793412,107.74499371815783,153.77016914977554,203
USGS_03374000,101.88000061641324,72.71003977487224,134.9189534358598,463
USGS_03425000,103.954960884315,84.24794304750803,125.8422738242739,416
USGS_034315005,118.461512656801,95.75288311808737,148.53658440065607,189
USGS_03435000,189.111027713918,171.11924805244965,212.1478226615304,233
USGS_03451500,54.56336414197555,38.571966668004194,70.24692415106786,216
USGS_03470500,69.81223036873959,51.254674514488116,97.19353581276629,241
USGS_03495500,95.15902014127244,80.01688461073398,114.70224360038111,250
USGS_03518300,136.798132194995,121.15321559995317,154.03303319814518,230
USGS_03533000,112.2160848983315,92.99413450931416,129.43627756342732,237
USGS_03566000,70.60788106283486,53.047711757343826,91.32174246671929,447
USGS_04024000,92.33521802966817,58.94713643574306,131.5978636351321,290
USGS_04066003,81.9802294072059,63.16214778694367,111.68916376959552,254
USGS_04066030,221.2785257113685,189.52577584500216,258.1758694050676,280
USGS_04073500,167.05237872641402,76.7831198073275,442.16595208136687,24
USGS_04084445,151.78735895650325,127.22558671904245,165.67457140180466,302
USGS_04084500,124.224431262624,99.41125995721029,146.43002536058862,336
USGS_04101000,38.2389054452525,30.8203165339496,38.440956444056255,29
USGS_04101500,50.642796443778366,30.8158245549306,68.34354011262252,342
USGS_04114000,59.7988014799113,34.6248165054136,76.24210808674718,127
USGS_04124200,618.2240993204828,396.05711566509007,695.1208435736664,122
USGS_04125550,611.5972921624016,597.3021635209182,638.403762637779,139
USGS_04156000,61.18369867075945,31.224596756188447,77.10749490938659,277
USGS_04191500,118.61811129953205,89.69465302098644,146.75255397792947,347
USGS_04192500,177.718190654663,151.7208232311632,187.27592844108366,289
USGS_04237500,184.766774088749,159.65398008614025,229.9409897614214,277
USGS_04246500,64.85132202382486,31.621674949190023,79.70431466203348,225
USGS_04266500,88.04510214467828,51.420649789012316,135.30951964864113,196
USGS_04267500,62.675012416303275,44.70435104506535,84.2556980244834,20
USGS_05242300,185.967004790277,155.45522414276144,258.27844208785467,153
USGS_05267000,76.3508407744552,43.84100874264897,94.97514020994564,217
USGS_05270700,173.29828270193934,66.30094317238591,239.91817526611098,346
USGS_05330920,75.5288064901644,63.0076947847553,90.15203230363784,200
USGS_05333500,64.03339615717431,50.174007345766704,78.4445114921854,144
USGS_05369500,206.879900643327,142.699855044271,247.07192997597852,195
USGS_05404000,102.21382150849637,75.0722833041295,127.335604833923,323
USGS_05427570,110.41744080687808,91.93651792645663,127.26446997640608,333
USGS_05437500,112.333893318968,93.47289394689423,121.51088494892856,344
USGS_05440700,142.13498138851298,122.60666117530641,165.56631346451547,387
USGS_05443500,130.3616898872172,91.63120579896596,159.92842715479713,230
USGS_05446500,164.5354707454305,136.00182945396938,190.71599657647295,240
USGS_05454500,56.4361784839161,39.2627611389645,78.88433053180165,152
USGS_05455700,76.61560168223593,32.72526396446373,117.47746703465904,201
USGS_05464500,159.07084268599885,114.0516368671909,187.16523101906267,200
USGS_05465000,119.71305131448756,52.54251995097894,191.3855231030842,215
USGS_05465500,137.6285895197145,91.88232660064816,173.77083859861628,439
USGS_05480500,55.30822584081196,31.67173512367273,92.72106480109046,213
USGS_05481300,34.1541479276507,30.9013719345411,63.618877131901755,268
USGS_05482000,88.64066953487007,61.06017308447904,113.75412573538809,443
USGS_05484900,44.4445612476099,31.0218652560117,58.71590246890422,33
USGS_05485500,110.945559256549,80.5437615352016,121.340260319186,213
USGS_05488110,136.352075245205,82.45168671266859,150.99959363139422,203
USGS_05488500,119.80080024990347,96.70946737351123,141.44634236280842,234
USGS_05489500,170.012878300207,149.5632252732851,186.37684328662755,273
USGS_05490500,165.28105673280498,151.149576558791,181.7861656094651,20
USGS_05527500,193.798364009728,148.76768564999298,245.54690580774457,193
USGS_05550000,177.4727505285,139.59482959518263,197.60861397147136,167
USGS_05551540,44.9900123498127,35.961494532889354,64.51336814067716,178
USGS_05568500,198.61324249554295,149.8170226513272,308.6192017839203,439
USGS_05595000,119.67630151329034,76.83911539139156,181.29732112117432,423
USGS_06054500,66.56567841891689,55.348548668423604,92.89205565791363,241
USGS_06065500,285.0928604846295,257.37930672658086,305.1651846955242,394
USGS_06066500,84.76311548875165,46.88631004378931,130.38067561843437,409
USGS_06101500,51.045950713066624,30.604317291880548,87.44323346653394,421
USGS_06214500,113.19595805553884,92.92923833147151,195.35596335725413,194
USGS_06259000,38.3433800421741,30.3674843477311,45.0523274024844,12
USGS_06274300,49.6555466640837,37.824340695033996,63.29142878552051,466
USGS_06452000,52.3138400797538,31.0325944670052,72.56782095471127,262
USGS_06465000,95.4422549351634,66.32061810202177,128.38514628883874,207
USGS_06465500,189.0013938313615,126.24634483034426,282.1763302401673,385
USGS_06642000,48.08467110412474,36.45755593962008,61.187417483980255,256
USGS_06652000,47.2843418725011,30.50733731600082,60.092768656144145,261
USGS_06657000,49.1670372230452,31.52950013918165,60.30767454356473,75
USGS_06779000,49.95273598826834,37.47894872478743,58.77558411422618,226
USGS_06785000,151.0402514821135,64.72015420541817,198.46911385320874,423
USGS_06788500,82.9469876503848,56.64179506974274,106.26778081578746,250
USGS_06790500,143.3061318203385,110.47810889952196,161.57401343738235,466
USGS_06926000,131.41480646241848,67.13709576819045,176.36907450714153,272
USGS_06926500,111.55517190331,38.676249915511846,184.4191320923015,229
USGS_07057370,128.689916180043,88.05146082709956,167.37651011172215,569
USGS_07060500,125.74608111870668,101.26612327138943,157.56150790038063,494
USGS_07074420,88.9638251162363,54.53175707814539,121.44482443798472,297
USGS_07076517,39.23826450493753,32.10284451306303,40.145444501269914,12
USGS_07151000,36.09094216841575,30.4492002296964,45.136085557121945,153
USGS_07160000,74.59586901501235,33.6602102162418,110.70482947994253,303
USGS_07161000,79.6550204169517,30.0397108375224,165.04009461633524,529
USGS_07161450,81.4728026222989,43.08179671943355,107.2122651774963,572
USGS_07188000,49.914611165397545,30.87661420355655,69.71983890994598,272
USGS_07191500,1001.84729428393,887.936209273055,1102.5892779933924,326
USGS_07193500,120.215994481663,92.8828837798619,154.1837134935788,337
USGS_07288955,125.29150635746863,77.97178055579501,172.59734987421496,302
USGS_07359001,90.4292350230555,55.61076398204533,128.29677741552047,311
USGS_07362000,67.03303313978985,48.65997984885654,95.12362077840451,343
USGS_07367005,151.10322315739126,119.46510255206998,200.87769126413582,368
USGS_08026000,44.822747428916394,33.07983773157124,62.64488461754323,344
USGS_08028500,66.72753353953124,30.3104206973013,109.73238928102978,289
USGS_08041000,66.33184385310649,36.18145191184598,93.89704801599179,447
USGS_08041780,177.164558468564,149.9512423862762,283.8563731401746,432
USGS_08066500,100.780683878463,58.12138211270542,158.253389851518,195
USGS_08287000,30.1284934580409,30.1284934580408,32.578702263363404,188
USGS_08329928,87.0353108355842,30.4817722048476,195.48358898696947,881
USGS_08330000,67.1586073623427,43.205628459599325,95.78788171399316,851
USGS_08330875,111.007459790041,63.30210090748963,131.63287145665413,834
USGS_08332010,84.99444568282271,30.90273978072169,163.68447926730022,458
USGS_08382830,291.987080881708,127.956461960139,377.9852552027096,453
USGS_09095500,52.70065462639653,30.18364522640617,78.39361589553755,586
USGS_09128000,54.5730476903512,40.9297857677634,70.34657331664125,42
USGS_09163500,94.0308153471113,40.403515443633644,209.3205165468864,376
USGS_09211200,64.66324962713244,38.391810924596875,86.38322844129362,274
USGS_09510000,61.9193375857431,30.3955034282834,113.13424009691559,463
USGS_09512165,126.092662470082,31.1053898659004,204.95426180857837,72
USGS_09512406,85.1947178479005,39.04415141946371,135.43055466967755,90
USGS_11377100,62.3237272814166,41.700055463413186,86.18727097918178,873
USGS_11390500,44.6703767390136,31.3058787802103,73.7244291508228,457
USGS_11446500,58.314120125591,30.4434009479188,89.20774038330298,509
USGS_11477000,84.96172736197565,33.44483097323619,223.51860618536665,158
USGS_12150800,60.564449399790625,39.63129075220499,83.62056463086441,232
USGS_12189500,69.4960821003714,47.91459973683095,93.32721891510533,151
USGS_12354500,47.32749328359145,30.152844774088106,80.27788208841795,352
USGS_12372000,65.01796824088714,30.9353054619447,109.71608217646752,250
USGS_12388700,184.136725648724,148.74195465407252,185.119747230964,399
USGS_12415140,194.17586886657352,120.04673170365632,342.55836161383604,434
USGS_12419000,52.01038089906185,35.3266367469777,81.2870844199416,102
USGS_12433000,365.254248054776,314.0178526417676,439.6748010959368,438
USGS_13011000,48.36642825537015,30.2668937195805,78.30003943757235,199
USGS_13013650,48.97094598813816,30.944989634265248,75.60905341158943,190
USGS_13032500,67.41414352149243,44.79433949651679,82.31298110083785,233
USGS_13042500,419.046833901337,116.01797030607426,500.92965095386194,358
USGS_13046000,54.59994805117229,37.19643772273825,69.00961734627589,322
USGS_13050500,83.3063296048775,62.227164616653326,101.51064551191925,455
USGS_13057000,56.63246477656967,35.53488412935539,75.24439229353165,500
USGS_13057155,77.26298738225982,57.24945678715205,97.98331013445988,481
USGS_13060000,88.5125848346251,79.11641904171536,112.81082948752346,458
USGS_13062500,64.5754177186398,43.040067312470995,126.07216870069328,240
USGS_13077000,217.106346502222,200.11841162120874,250.7647270610081,249
USGS_13081500,224.898914272437,78.4510550768328,504.62628691584393,210
USGS_13249500,55.2752089571664,34.6753769851514,101.05395578529844,538
USGS_13251000,73.26985306420255,50.92372173621921,100.49713541512192,306
USGS_13341050,77.01536365551995,30.74540354321955,108.25382194029088,459
USGS_13342500,96.1111226189906,67.63263916461494,116.34979143081155,473
USGS_14092500,238.7576366949719,198.61105663057873,273.4882197910515,290
USGS_14103000,72.39769465590733,64.86162231444439,80.28859976960621,266
USGS_14174000,97.63821533806068,70.47331133737805,115.02966760072627,215
USGS_14191000,128.661155690174,71.68521693610259,192.4664021716173,194
USGS_14197900,129.46827208931626,100.4089480059175,157.85358391689357,252
USGS_14211720,311.968625576725,298.5849333954946,333.4492133836114,164
USGS_14233500,159.67148200764052,132.60545543430817,235.18102036463569,168
USGS_14243000,66.04807059989909,38.30459880551391,103.65572997114265,283
USGS_14321000,89.8531421271754,30.1916180373776,229.0563483590723,45
USGS_15284000,136.0864242240315,52.7062884193489,220.01102055368915,24
USGS_15291000,493.2740400019145,196.375340067892,493.59630606736755,18
USGS_15291200,90.9720132391282,30.4024116642723,152.9470647922741,27
USGS_15292700,101.1214189114465,79.1036505240732,125.1486801300804,36
USGS_15803000,113.61474436355,93.14813857504576,129.05616790506318,53
