COMID,Unnamed: 0,node_id,lat,lon,time,wse,wse_u,width,width_u,STCD,stationid,node_data_num,width_u_r
42043227,2,42242100050591,45.98682503,129.5919423,768567108.697,112.68673,0.0929,212.582196,6.919367,11100120.0,changjiangtun,38,0.03254913689949839
42043227,2,42242100050591,45.98686364,129.5923218,763158995.58,114.35844,0.10404,203.129818,6.280606,11100120.0,changjiangtun,38,0.03091917307778024
42043227,13,42242100050591,45.98678155,129.592019,770590602.163,115.43579,0.09277,341.702103,13.480541,11100120.0,changjiangtun,38,0.03945115023187317
42043227,4,42242100050591,45.986733,129.5920824,774833350.515,114.34278,0.12148,220.564844,4.93796,11100120.0,changjiangtun,38,0.022387792680142626
42043227,2,42242100050591,45.98699434,129.5922759,761356291.722,114.71536,0.11611,241.120928,8.654513,11100120.0,changjiangtun,38,0.035892832164282316
42043227,2,42242100050591,45.98681101,129.5921994,773975222.033,114.84437,0.09325,320.340787,9.125584,11100120.0,changjiangtun,38,0.028487112382601473
42043227,13,42242100050591,45.98634881,129.5912627,761577079.455,113.75335,0.11651,221.150188,14.720854,11100120.0,changjiangtun,38,0.0665649626307349
42043227,4,42242100050591,45.98670405,129.5920547,769425236.443,114.05413,0.13111,226.048612,4.76177,11100120.0,changjiangtun,38,0.021065247682210943
42043227,4,42242100050591,45.9868887,129.5923646,766985192.994,115.74366,0.09227,400.074779,18.719873,11100120.0,changjiangtun,38,0.04679093505166943
42043227,13,42242100050591,45.98672478,129.5915485,759774374.518,115.07191,0.12177,311.2991,13.670983,11100120.0,changjiangtun,38,0.04391590916902747
42043227,4,42242100050591,45.98667011,129.5919218,756168962.079,114.95619,0.1448,222.135601,14.924315,11100120.0,changjiangtun,38,0.06718560614694084
42043227,2,42242100050591,45.98663297,129.5922517,772172518.844,116.0948,0.10389,231.674486,8.306852,11100120.0,changjiangtun,38,0.03585570488758956
42043227,2,42242100050591,45.98672669,129.5920134,766764405.154,114.40805,0.09317,252.689418,8.457977,11100120.0,changjiangtun,38,0.03347182904192687
42043227,4,42242100050591,45.98643234,129.5917405,758609008.554,112.82236,0.3451,213.568027,4.920331,11100120.0,changjiangtun,38,0.023038706069986776
42043227,4,42242100050591,45.98660791,129.591751,762214419.64,113.57041,0.26876,230.789386,5.237602,11100120.0,changjiangtun,38,0.02269429322889225
42043227,4,42242100050591,45.98676257,129.5918689,751398187.926,112.87967,0.12551,213.094324,3.980322,11100120.0,changjiangtun,38,0.018678686157778658
42043227,4,42242100050591,45.98677539,129.5920302,774196010.004,114.51481,0.0952,256.177152,12.035022,11100120.0,changjiangtun,38,0.04697929501534938
42043227,2,42242100050591,45.98676668,129.5919308,752342765.61,113.21827,0.09399,213.00547,7.007369,11100120.0,changjiangtun,38,0.0328976011742797
42043227,2,42242100050591,45.98670008,129.5919244,754145470.854,113.67261,0.10096,265.81382,9.454353,11100120.0,changjiangtun,38,0.03556757507942965
42043227,4,42242100050591,45.98663298,129.5918005,755003598.599,112.97106,0.14526,215.79337,3.685489,11100120.0,changjiangtun,38,0.01707878698960955
42043227,4,42242100050591,45.98659652,129.5922385,760411714.315,113.16745,0.24896,231.806302,6.2098,11100120.0,changjiangtun,38,0.02678874537241874
42043227,4,42242100050591,45.98675551,129.5921014,771227941.921,115.66975,0.15022,231.472304,5.685299,11100120.0,changjiangtun,38,0.02456146546154394
42043227,4,42242100050591,45.98604542,129.5917705,765182486.821,113.5398,0.1226,166.562682,12.340746,11100120.0,changjiangtun,38,0.07409070178156713
42043227,4,42242100050591,45.9867688,129.5921322,744187369.727,116.04374,0.16314,240.055321,5.384218,11100120.0,changjiangtun,38,0.022429071672191762
42043227,4,42242100050591,45.98662166,129.5917391,765819826.362,113.15394,0.1489,215.19036,3.580092,11100120.0,changjiangtun,38,0.016636860498769553
42043227,4,42242100050591,45.98669482,129.5920242,767622531.812,114.42936,0.12905,220.93912,4.923669,11100120.0,changjiangtun,38,0.022285184262524446
42043227,2,42242100050591,45.98659998,129.5917542,764961699.289,113.63441,0.09822,213.690385,6.391184,11100120.0,changjiangtun,38,0.02990861755431813
42045708,5,42243200030021,45.80721531,128.7226414,768567108.732,109.72,0.1185,48.908723,3.418323,11021670.0,lianhua,36,0.06989188820161998
42045708,2,42243200030021,45.80726413,128.7225754,769511677.135,109.44594,0.11421,59.846928,3.115101,11021670.0,lianhua,36,0.052051142875704504
42045708,16,42243200030021,45.80740972,128.7228363,770590592.77,112.39723,0.09853,139.334726,3.580019,11021670.0,lianhua,36,0.02569365945428421
42045708,5,42243200030021,45.80738746,128.7225247,769732454.904,109.51505,0.09588,166.919764,7.223326,11021670.0,lianhua,36,0.04327424043086953
42045708,2,42243200030021,45.80750077,128.722779,748100000.099,110.08732,0.0958,103.141887,3.832545,11021670.0,lianhua,36,0.03715798800539688
42045708,5,42243200030021,45.80779167,128.722192,773975222.067,111.04878,0.09117,833.519782,15.216604,11021670.0,lianhua,36,0.018255840267507893
42045708,2,42243200030021,45.80720042,128.7225016,751484628.678,109.65751,0.11107,76.656246,3.417833,11021670.0,lianhua,36,0.044586490708141385
42045708,5,42243200030021,45.80646699,128.7243116,773337863.524,110.95498,0.09191,538.763178,11.930148,11021670.0,lianhua,36,0.02214358457882584
42045708,5,42243200030021,45.8088266,128.7196265,770369813.973,111.59661,0.09543,760.500149,13.998696,11021670.0,lianhua,36,0.018407223218045683
42045708,2,42243200030021,45.80731388,128.7226601,765906267.423,110.62805,0.10681,91.16462,3.041738,11021670.0,lianhua,36,0.033365334051740685
42045708,16,42243200030021,45.80693665,128.7236319,772393296.896,112.01759,0.09274,1006.58448,16.179842,11021670.0,lianhua,36,0.01607400304840782
42045708,2,42243200030021,45.80746567,128.7228486,771314382.811,110.98094,0.10192,117.564553,2.740449,11021670.0,lianhua,36,0.0233101639062924
42045708,7,42243200030021,45.80737804,128.7227845,766985183.602,110.37552,0.09576,135.439917,3.289216,11021670.0,lianhua,36,0.024285425396413967
42045708,2,42243200030021,45.80741761,128.7227935,771535161.063,110.70288,0.09743,127.72961,3.199283,11021670.0,lianhua,36,0.025047308920774128
42045708,5,42243200030021,45.8072434,128.7230701,766764405.189,110.62802,0.09288,333.06453,8.93165,11021670.0,lianhua,36,0.026816575154370234
42045708,2,42243200030021,45.80742662,128.7226021,767708972.403,109.7678,0.09509,241.200741,6.561384,11021670.0,lianhua,36,0.027203001005705867
42045708,2,42243200030021,45.80743672,128.7226615,767929750.083,109.79985,0.09504,228.103824,7.403266,11021670.0,lianhua,36,0.03245568561796667
42045708,2,42243200030021,45.80734653,128.7226685,774919791.334,109.59349,0.10656,95.599572,3.408742,11021670.0,lianhua,36,0.03565645670463881
42045708,7,42243200030021,45.80785311,128.7220718,774196000.612,110.46381,0.09402,366.689793,9.794787,11021670.0,lianhua,36,0.026711370719828025
42045708,2,42243200030021,45.80741565,128.7228031,775140569.371,110.60949,0.0968,129.415058,3.165966,11021670.0,lianhua,36,0.024463660171600746
42045708,5,42243200030021,45.80713622,128.7224561,752342765.645,109.83801,0.10044,77.138963,4.024866,11021670.0,lianhua,36,0.05217682275557684
42045708,8,42243200030021,45.80736627,128.7223441,751705406.597,109.65188,0.09402,181.995035,8.563608,11021670.0,lianhua,36,0.04705407485429479
42045708,7,42243200030021,45.80652022,128.7242372,765182477.426,110.92336,0.0931,579.686525,13.719624,11021670.0,lianhua,36,0.023667315709986533
42045708,8,42243200030021,45.80750551,128.7226761,766127046.304,110.51509,0.09295,282.533474,6.926469,11021670.0,lianhua,36,0.0245155694365617
42045708,16,42243200030021,45.80758454,128.7223602,752563544.015,109.90507,0.22933,28.234701,1.37346,11021670.0,lianhua,36,0.048644396836361035
42025877,0,42249800140261,49.24794694,125.0786605,768653471.356,222.90221,0.11008,234.970891,8.141263,11200260.0,liujiatun,44,0.03464796411739359
42025877,9,42249800140261,49.24813628,125.0789411,752736466.254,223.75387,0.15987,166.004318,5.038942,11200260.0,liujiatun,44,0.030354282712091857
42025877,3,42249800140261,49.24772393,125.0780388,767795343.021,222.61165,0.23378,120.416203,2.493153,11200260.0,liujiatun,44,0.020704464498021085
42025877,6,42249800140261,49.24802329,125.0789495,765355399.447,222.81831,0.17174,145.18345,1.625983,11200260.0,liujiatun,44,0.01119950655532707
42025877,0,42249800140261,49.24752765,125.0786268,762694569.024,224.19373,0.14589,318.110896,8.743722,11200260.0,liujiatun,44,0.027486395813364404
42025877,0,42249800140261,49.24800902,125.0789785,774061584.664,222.9363,0.10398,165.86979,7.823877,11200260.0,liujiatun,44,0.0471687882404626
42025877,0,42249800140261,49.24813156,125.078377,769905385.336,221.65537,0.0958,142.296847,5.76676,11200260.0,liujiatun,44,0.04052626689613157
42025877,5,42249800140261,49.24816184,125.0787295,769598047.831,222.3355,0.15438,133.481971,4.822596,11200260.0,liujiatun,44,0.03612919380700484
42025877,6,42249800140261,49.24811137,125.0787902,767158105.734,223.08894,0.12094,151.28223,4.563379,11200260.0,liujiatun,44,0.030164673008852397
42025877,0,42249800140261,49.24802512,125.0789537,768102680.446,223.23167,0.1011,167.772353,6.909825,11200260.0,liujiatun,44,0.041185719079710345
42025877,9,42249800140261,49.24833578,125.0789366,754539171.723,223.90812,0.16263,165.94749,4.579361,11200260.0,liujiatun,44,0.027595241121152237
42025877,9,42249800140261,49.24809262,125.0787267,768960809.696,223.25812,0.10974,176.039116,5.422445,11200260.0,liujiatun,44,0.030802500735120707
42025877,6,42249800140261,49.24800598,125.078563,772566218.979,222.82494,0.11747,167.010947,3.617668,11200260.0,liujiatun,44,0.021661262719503055
42025877,0,42249800140261,49.24808012,125.0785502,751878337.714,222.65856,0.09431,156.656615,5.567014,11200260.0,liujiatun,44,0.03553641191596027
42025877,0,42249800140261,49.24808789,125.0785079,748272930.852,223.19683,0.09609,192.325772,7.369296,11200260.0,liujiatun,44,0.038316736874972744
42025877,0,42249800140261,49.24809325,125.0787604,744667520.151,222.80579,0.09824,181.7596,8.051016,11200260.0,liujiatun,44,0.044294859803828794
42025877,0,42249800140261,49.24782055,125.0790981,765048061.705,222.99902,0.38266,216.776149,6.79751,11200260.0,liujiatun,44,0.031357278147791066
42025877,6,42249800140261,49.2479444,125.0784133,743722941.881,223.35896,0.13078,178.393914,3.564396,11200260.0,liujiatun,44,0.019980479827355544
42025877,6,42249800140261,49.24811888,125.0786888,770763515.4,222.83236,0.10963,154.339705,4.064926,11200260.0,liujiatun,44,0.02633752604360621
42025877,0,42249800140261,49.2480736,125.0789381,772258881.262,222.84249,0.10612,160.538654,8.303849,11200260.0,liujiatun,44,0.051724919781624676
42025877,0,42249800140261,49.24823988,125.0792552,752429128.174,222.97731,0.10424,254.151397,9.450473,11200260.0,liujiatun,44,0.037184422795047634
42025877,5,42249800140261,49.24802755,125.0787647,773203456.586,222.8716,0.18525,114.873209,3.857034,11200260.0,liujiatun,44,0.033576445139614754
42025877,0,42249800140261,49.24822485,125.0794768,754231833.455,222.93743,0.15558,282.804557,9.228842,11200260.0,liujiatun,44,0.03263328603294041
42025877,6,42249800140261,49.24813277,125.0787503,774368923.09,222.93745,0.11618,138.128337,4.35839,11200260.0,liujiatun,44,0.0315531924488456
42025877,0,42249800140261,49.24799791,125.0787083,771708091.9,222.72203,0.10007,142.994991,5.834085,11200260.0,liujiatun,44,0.04079922631695539
42025877,0,42249800140261,49.24750049,125.0785211,760891863.677,223.20099,0.15968,294.719579,7.702705,11200260.0,liujiatun,44,0.026135708479686718
42020496,4,42249900340181,50.04892712,125.3211428,768653460.829,271.27227,0.09504,115.390842,5.906719,11200020.0,shihuiyao,47,0.05118880231413858
42020496,5,42249900340181,50.04890828,125.3212233,769511596.825,271.5174,0.13606,143.150432,5.085058,11200020.0,shihuiyao,47,0.03552247750115068
42020496,13,42249900340181,50.04895838,125.3211398,752736485.425,271.08268,0.20834,128.122467,4.495146,11200020.0,shihuiyao,47,0.03508475995861054
42020496,4,42249900340181,50.0489623,125.3212086,766850757.16,271.66205,0.09727,137.052903,7.297195,11200020.0,shihuiyao,47,0.05324363687502483
42020496,4,42249900340181,50.04865615,125.3215134,774061574.138,271.04837,0.10453,97.71124,7.522362,11200020.0,shihuiyao,47,0.07698563645287891
42020496,4,42249900340181,50.04906742,125.3210756,769905395.931,270.93233,0.09349,143.172924,7.692556,11200020.0,shihuiyao,47,0.05372912548744203
42020496,10,42249900340181,50.04891012,125.3212201,767158124.903,271.49816,0.14341,136.504151,4.262237,11200020.0,shihuiyao,47,0.031224229950340483
42020496,4,42249900340181,50.04895798,125.3211331,775313510.653,271.46407,0.09754,152.022307,7.885183,11200020.0,shihuiyao,47,0.05186859189026778
42020496,4,42249900340181,50.04877669,125.3214206,768102691.038,271.83941,0.0937,182.483045,9.430375,11200020.0,shihuiyao,47,0.05167808877805606
42020496,4,42249900340181,50.04944017,125.3216011,766299988.111,271.54758,0.12032,220.905615,6.942686,11200020.0,shihuiyao,47,0.03142829121840113
42020496,13,42249900340181,50.0489804,125.3211063,754539190.893,271.43046,0.25606,120.417892,3.904003,11200020.0,shihuiyao,47,0.03242045625578631
42020496,5,42249900340181,50.0489212,125.3210937,771314302.506,271.64092,0.14337,134.507876,4.379886,11200020.0,shihuiyao,47,0.03256230140753988
42020496,13,42249900340181,50.04889347,125.3211961,768960828.865,271.52296,0.13021,126.576772,4.104653,11200020.0,shihuiyao,47,0.03242816936428115
42020496,4,42249900340181,50.04916597,125.322228,753681053.432,271.71592,0.17779,220.113588,7.541025,11200020.0,shihuiyao,47,0.0342596977702258
42020496,4,42249900340181,50.04896706,125.321219,751878348.307,271.11145,0.0952,117.096307,6.767106,11200020.0,shihuiyao,47,0.057790942971412414
42020496,4,42249900340181,50.0489362,125.3210905,748272941.445,271.6166,0.09397,182.909715,8.116756,11200020.0,shihuiyao,47,0.04437575117319493
42020496,4,42249900340181,50.04891216,125.320962,744667530.745,271.02423,0.10305,132.223008,6.162979,11200020.0,shihuiyao,47,0.0466104885467437
42020496,4,42249900340181,50.04896966,125.3211937,773510804.472,271.06703,0.09874,96.17026,6.178577,11200020.0,shihuiyao,47,0.06424623371092061
42020496,10,42249900340181,50.04885937,125.3207835,743722961.052,271.30106,0.3161,136.990577,2.231112,11200020.0,shihuiyao,47,0.016286609260723093
42020496,5,42249900340181,50.04894122,125.3212662,773117005.632,271.45974,0.12297,135.263934,5.103689,11200020.0,shihuiyao,47,0.037731336425569285
42020496,5,42249900340181,50.04895141,125.3212262,744273730.366,271.08049,0.13669,129.325594,4.775761,11200020.0,shihuiyao,47,0.03692819690431888
42020496,4,42249900340181,50.0488966,125.3212407,772258870.737,271.64239,0.0953,155.254838,8.947798,11200020.0,shihuiyao,47,0.05763297373058352
42020496,4,42249900340181,50.04889245,125.3212749,752429117.648,271.18025,0.10014,173.257328,10.45744,11200020.0,shihuiyao,47,0.06035785106878712
42020496,4,42249900340181,50.0488959,125.3215144,754231822.933,270.99761,0.12129,162.686605,9.438929,11200020.0,shihuiyao,47,0.058019091368954445
42020496,10,42249900340181,50.04895154,125.3212204,774368942.262,271.08928,0.15525,123.912073,4.107207,11200020.0,shihuiyao,47,0.033146140650879105
42020496,4,42249900340181,50.04890368,125.3212556,770456165.433,271.61545,0.09544,166.177521,8.613792,11200020.0,shihuiyao,47,0.051834880844082394
42020496,5,42249900340181,50.04910898,125.3213401,755089959.033,270.81063,0.3056,122.116893,3.09631,11200020.0,shihuiyao,47,0.02535529625700516
42020496,4,42249900340181,50.04901401,125.3211265,771708102.494,271.49345,0.09702,180.745369,11.006222,11200020.0,shihuiyao,47,0.060893521426820064
43027816,1,43210800030561,34.7207901,112.9302671,769258757.194,109.7008,0.14799,612.708277,25.735226,41657600.0,heishiguan,41,0.04200241283830413
43027816,4,43210800030561,34.72112824,112.9304928,770164419.313,108.64843,0.12391,67.789419,3.133404,41657600.0,heishiguan,41,0.046222611820880194
43027816,1,43210800030561,34.7207854,112.9304354,768361714.331,109.12464,0.10382,160.672216,4.866446,41657600.0,heishiguan,41,0.03028803685635356
43027816,1,43210800030561,34.72075636,112.9306438,752137371.296,109.46999,0.10064,124.805466,4.403435,41657600.0,heishiguan,41,0.035282388994084604
43027816,7,43210800030561,34.7207318,112.9304241,772825251.738,109.57972,0.11961,92.025788,3.201276,41657600.0,heishiguan,41,0.034786727389935525
43027816,7,43210800030561,34.72127512,112.9301018,762953601.807,109.64255,0.19038,91.669343,2.022722,41657600.0,heishiguan,41,0.022065413951968652
43027816,7,43210800030561,34.72081757,112.9304606,766559011.09,109.70143,0.1082,163.028747,4.812708,41657600.0,heishiguan,41,0.02952060963824987
43027816,1,43210800030561,34.72088551,112.9305135,772864166.217,109.79528,0.09208,1540.236027,48.634732,41657600.0,heishiguan,41,0.031576155308305875
43027816,1,43210800030561,34.72100198,112.9304813,767456052.76,109.87577,0.13,822.523182,30.427657,41657600.0,heishiguan,41,0.03699306921175627
43027816,10,43210800030561,34.7208188,112.9303566,767417138.517,109.3024,0.12726,120.79393,3.87327,41657600.0,heishiguan,41,0.032065104595901464
43027816,1,43210800030561,34.72076901,112.9304903,752995499.271,109.26248,0.1215,153.959886,4.322939,41657600.0,heishiguan,41,0.028078346329770597
43027816,4,43210800030561,34.72082547,112.9305321,753034413.751,109.49015,0.10794,1914.705473,51.259435,41657600.0,heishiguan,41,0.0267714464301842
43027816,4,43210800030561,34.72017921,112.9300809,771967124.907,109.11374,0.33591,43.094496,1.90332,41657600.0,heishiguan,41,0.04416619700112051
43027816,1,43210800030561,34.72095493,112.9308386,762047940.247,109.6258,0.09831,679.933657,25.857444,41657600.0,heishiguan,41,0.03802936320888731
43027816,10,43210800030561,34.72068732,112.9302084,763811727.623,109.53166,0.13088,137.955327,3.935047,41657600.0,heishiguan,41,0.028524067069914595
43027816,4,43210800030561,34.72079657,112.9305734,773769827.552,108.90637,0.11048,204.667369,5.124282,41657600.0,heishiguan,41,0.02503712255176349
43027816,7,43210800030561,34.72065944,112.9304206,747587387.022,108.93386,0.1782,81.541374,3.026038,41657600.0,heishiguan,41,0.03711046124878886
43027816,4,43210800030561,34.72066742,112.9301589,765653346.431,109.53893,0.14044,159.345058,11.023931,41657600.0,heishiguan,41,0.06918276059744508
43027816,10,43210800030561,34.72080294,112.9304814,754798204.835,108.45128,0.11229,150.294433,4.04192,41657600.0,heishiguan,41,0.026893344745510302
43027816,1,43210800030561,34.72081025,112.9305033,753940076.489,109.23922,0.10869,162.922144,4.730342,41657600.0,heishiguan,41,0.02903437116565321
43027970,8,43210800190021,34.55422276,112.4720098,770164410.143,149.40219,0.09621,211.733994,11.302387,41654600.0,longmenzhen,39,0.0533801246860719
43027970,5,43210800190021,34.55425596,112.4718911,768361705.164,148.91816,0.09583,198.327312,10.94619,41654600.0,longmenzhen,39,0.05519254957683287
43027970,11,43210800190021,34.55432447,112.4716662,752176277.527,148.37087,0.12675,151.866929,3.803636,41654600.0,longmenzhen,39,0.025045847868563932
43027970,5,43210800190021,34.55436213,112.4717352,744020890.242,148.37529,0.10379,151.705844,4.881427,41654600.0,longmenzhen,39,0.03217692127931472
43027970,5,43210800190021,34.55433374,112.4717596,758442528.857,148.25376,0.10591,145.304498,4.21781,41654600.0,longmenzhen,39,0.029027387713765063
43027970,11,43210800190021,34.55441533,112.4715794,762953592.637,149.29523,0.10231,225.757351,7.966349,41654600.0,longmenzhen,39,0.0352872186208457
43027970,5,43210800190021,34.55424861,112.4715773,748531954.568,148.72431,0.0927,200.098939,9.039756,41654600.0,longmenzhen,39,0.0451764314452462
43027970,2,43210800190021,34.55429056,112.4716433,746768164.517,148.2872,0.14022,130.943796,3.868448,41654600.0,longmenzhen,39,0.02954281239868745
43027970,2,43210800190021,34.55429528,112.4717613,770203325.58,149.15566,0.10826,164.291531,3.893443,41654600.0,longmenzhen,39,0.023698379193995096
43027970,5,43210800190021,34.55432144,112.4716966,772864166.426,148.62221,0.10401,146.400439,4.35121,41654600.0,longmenzhen,39,0.029721290658151645
43027970,5,43210800190021,34.55432623,112.4717335,767456052.969,149.02638,0.10331,154.077497,4.614986,41654600.0,longmenzhen,39,0.029952368709624096
43027970,8,43210800190021,34.55435837,112.4716591,753034413.96,148.38518,0.10123,144.502079,4.149767,41654600.0,longmenzhen,39,0.028717697549527986
43027970,5,43210800190021,34.55434214,112.4717205,771061463.862,148.95228,0.10216,154.361717,4.208288,41654600.0,longmenzhen,39,0.02726251095017296
43027970,5,43210800190021,34.55432861,112.4717271,762047940.455,148.7765,0.10417,159.751332,4.592193,41654600.0,longmenzhen,39,0.02874588238175066
43027970,8,43210800190021,34.55417863,112.4717272,773769818.384,147.5909,0.14928,145.701386,6.025596,41654600.0,longmenzhen,39,0.041355790534484
43027970,5,43210800190021,34.55433145,112.4717412,754837119.507,148.58233,0.10037,154.756536,4.860578,41654600.0,longmenzhen,39,0.0314079012468979
43027970,11,43210800190021,34.55431372,112.47172,753978982.708,148.79029,0.13889,167.446981,3.280986,41654600.0,longmenzhen,39,0.019594178290977968
42045560,0,42243100090651,45.9673524,128.750872,753508120.663,100.69057,0.09291,1003.288901,7.548269,11022450.0,tonghe,47,0.007523524871526512
42045560,3,42243100090651,45.96541603,128.7521683,763158986.675,101.21292,0.09384,1131.251278,23.889447,11022450.0,tonghe,47,0.021117719347230654
42045560,0,42243100090651,45.96507063,128.7529261,769511676.769,100.43006,0.1043,1063.940802,3.968121,11022450.0,tonghe,47,0.0037296445371215303
42045560,0,42243100090651,45.96461801,128.7532689,753287333.436,98.18329,0.16106,1047.602156,6.257177,11022450.0,tonghe,47,0.0059728561688832576
42045560,3,42243100090651,45.96680414,128.7512315,769732463.869,100.4277,0.09245,1106.088202,8.525004,11022450.0,tonghe,47,0.007707345566642252
42045560,3,42243100090651,45.96564621,128.752329,757750872.171,100.4647,0.09474,971.627956,22.469321,11022450.0,tonghe,47,0.023125436913632814
42045560,3,42243100090651,45.96592973,128.7522392,761356282.816,100.86078,0.09414,1009.000216,26.51606,11022450.0,tonghe,47,0.026279538477323772
42045560,0,42243100090651,45.96643346,128.7515015,751484628.312,100.77659,0.09734,1109.364738,5.983299,11022450.0,tonghe,47,0.005393446172434588
42045560,3,42243100090651,45.9649504,128.7524985,773337872.491,103.1952,0.09231,1198.378773,11.71118,11022450.0,tonghe,47,0.00977251956047456
42045560,3,42243100090651,45.96496499,128.7523014,770369805.038,100.89745,0.09637,979.480665,14.272611,11022450.0,tonghe,47,0.014571610762730062
42045560,3,42243100090651,45.96733055,128.7508623,758916237.081,100.26246,0.09832,1015.910183,17.225478,11022450.0,tonghe,47,0.016955709558036786
42045560,0,42243100090651,45.96481901,128.7525488,744494598.119,103.78367,0.09242,1185.281122,11.173667,11022450.0,tonghe,47,0.009427018445333848
42045560,14,42243100090651,45.96496796,128.7525043,772393297.287,102.86248,0.09497,1206.369539,12.012597,11022450.0,tonghe,47,0.009957642837996094
42045560,0,42243100090651,45.96623239,128.751684,771314382.445,101.97796,0.09802,1116.603093,5.64447,11022450.0,tonghe,47,0.005055037045289646
42045560,5,42243100090651,45.96662334,128.7513731,766985183.994,100.59045,0.09323,1048.010605,7.922625,11022450.0,tonghe,47,0.007559680180908093
42045560,3,42243100090651,45.96547972,128.752367,759553578.011,100.50638,0.09434,1063.837695,38.878276,11022450.0,tonghe,47,0.036545307787763624
42045560,14,42243100090651,45.96694829,128.7509517,759774365.515,99.68156,0.11512,972.645903,18.223013,11022450.0,tonghe,47,0.018735505844206492
42045560,5,42243100090651,45.96709717,128.7509443,756168953.077,100.43052,0.10865,1017.904656,18.595145,11022450.0,tonghe,47,0.018268061640539346
42045560,0,42243100090651,45.9652925,128.7522508,771535170.03,101.52045,0.09162,1095.631886,10.347231,11022450.0,tonghe,47,0.009444076183083999
42045560,3,42243100090651,45.96556756,128.7521989,766764396.25,100.64371,0.0918,1075.504717,11.142589,11022450.0,tonghe,47,0.010360334849186904
42045560,0,42243100090651,45.96686971,128.7511948,767708972.038,100.36038,0.09404,1095.561244,6.894525,11022450.0,tonghe,47,0.0062931443018442515
42045560,0,42243100090651,45.96617542,128.7516871,767929759.049,100.41585,0.09269,1066.629786,9.75607,11022450.0,tonghe,47,0.00914663187551374
42045560,0,42243100090651,45.96707218,128.7510206,760718941.778,100.17896,0.0975,964.450498,18.867129,11022450.0,tonghe,47,0.01956256857052294
42045560,0,42243100090651,45.96435499,128.7534778,774919790.968,100.81783,0.1602,1044.487961,1.887301,11022450.0,tonghe,47,0.001806915034418477
42045560,0,42243100090651,45.96579363,128.7522048,773117085.574,103.81416,0.09474,1406.731045,13.94384,11022450.0,tonghe,47,0.009912228815565806
42045560,3,42243100090651,45.96735353,128.7507903,757113532.029,99.96468,0.09885,1015.803643,19.103995,11022450.0,tonghe,47,0.01880677937281231
42045560,5,42243100090651,45.96524716,128.7522789,774196001.001,101.61603,0.09293,1140.056374,10.557223,11022450.0,tonghe,47,0.009260264001646642
42045560,0,42243100090651,45.96514093,128.7523471,775140578.337,101.89452,0.09151,1116.450737,11.246875,11022450.0,tonghe,47,0.010073776322832953
42045560,0,42243100090651,45.96433262,128.7529506,756892744.419,103.64688,0.10288,1455.62521,14.97073,11022450.0,tonghe,47,0.010284742183051363
42045560,0,42243100090651,45.96586764,128.7518828,744273810.304,103.84359,0.09438,1224.905331,10.189612,11022450.0,tonghe,47,0.008318693487668396
42045560,14,42243100090651,45.9669838,128.7509475,757971659.497,99.74478,0.11001,985.796921,17.340664,11022450.0,tonghe,47,0.017590503308135205
42045560,3,42243100090651,45.96535731,128.7515451,752342756.703,100.65843,0.09364,992.180583,5.742952,11022450.0,tonghe,47,0.005788212446806168
42045560,3,42243100090651,45.96739315,128.7507602,754145461.947,100.31682,0.09359,890.184188,10.302955,11022450.0,tonghe,47,0.011573958669326534
42045560,6,42243100090651,45.96568952,128.7521026,751705415.563,100.9315,0.09165,1076.129639,9.858938,11022450.0,tonghe,47,0.009161477988062366
42045560,5,42243100090651,45.9619806,128.7552279,765182477.82,103.48069,0.15895,1060.08549,4.615423,11022450.0,tonghe,47,0.0043538215016979435
42045560,6,42243100090651,45.96529923,128.7522442,766127055.27,101.29392,0.09128,1079.955941,10.266153,11022450.0,tonghe,47,0.00950608502648165
42045560,14,42243100090651,45.96661488,128.7514629,752563544.408,100.38115,0.09986,1045.894431,8.253052,11022450.0,tonghe,47,0.007890903474941632
42026066,4,42257000070041,49.36822216,128.9391874,753508171.755,108.20808,0.1596,84.302007,3.576103,10400241.0,kuerbin,31,0.04242014072096765
42026066,10,42257000070041,49.36831237,128.9389764,755310877.327,109.34549,0.25211,109.595467,3.688033,10400241.0,kuerbin,31,0.033651327933116065
42026066,0,42257000070041,49.36885461,128.9396777,765268978.084,109.46674,0.34319,98.457063,2.973486,10400241.0,kuerbin,31,0.03020083993364701
42026066,7,42257000070041,49.36817628,128.9395805,769732514.956,108.85581,0.20109,40.614279,2.111613,10400241.0,kuerbin,31,0.05199188689278468
42026066,4,42257000070041,49.36827698,128.9400647,748100060.156,108.37295,0.17024,33.906743,3.335774,10400241.0,kuerbin,31,0.09838084418783603
42026066,0,42257000070041,49.36823892,128.939914,768874388.193,107.6052,0.15889,43.063967,2.565658,10400241.0,kuerbin,31,0.059577836849076166
42026066,4,42257000070041,49.36827677,128.9394301,744494649.215,108.85323,0.1467,94.573389,3.441445,10400241.0,kuerbin,31,0.036389147479953365
42026066,9,42257000070041,49.36822682,128.9394397,770677093.73,108.25691,0.1068,110.783693,5.029697,10400241.0,kuerbin,31,0.045401059161297316
42026066,4,42257000070041,49.36821856,128.9392624,767929810.134,108.89167,0.10528,97.19762,4.393143,10400241.0,kuerbin,31,0.04519805114569678
42026066,0,42257000070041,49.36820015,128.9391095,752650044.784,107.9781,0.18121,104.929498,4.396741,10400241.0,kuerbin,31,0.04190185871279018
42026066,7,42257000070041,49.36849535,128.9401855,757113583.122,109.99248,0.20644,119.272491,4.218632,10400241.0,kuerbin,31,0.03536969811421144
42026066,4,42257000070041,49.36824144,128.9397001,775140629.432,108.61586,0.17632,34.03922,2.785812,10400241.0,kuerbin,31,0.08184124078048792
42026066,10,42257000070041,49.36817761,128.9397126,751705466.656,108.52415,0.14932,41.592308,3.010703,10400241.0,kuerbin,31,0.07238605272878822
42026066,5,42257000070041,49.36848973,128.9407207,760411654.48,108.9439,0.19801,348.74824,21.079486,10400241.0,kuerbin,31,0.06044327564205055
42026066,0,42257000070041,49.36839118,128.9395185,767071684.317,109.02209,0.11567,130.76303,5.488044,10400241.0,kuerbin,31,0.04196938538362105
42026066,5,42257000070041,49.3680328,128.9387296,771227882.087,108.92693,0.11182,480.990456,22.136155,10400241.0,kuerbin,31,0.046022025434949584
42026066,5,42257000070041,49.36829568,128.9385992,744187309.899,108.90227,0.09567,372.112026,29.404174,10400241.0,kuerbin,31,0.07901968209971263
42026066,5,42257000070041,49.36914546,128.9396711,765819766.534,109.01989,0.10319,314.863845,23.474376,10400241.0,kuerbin,31,0.07455405367358071
42026066,10,42257000070041,49.36846771,128.9394005,766127106.361,109.60007,0.14971,107.382087,3.825361,10400241.0,kuerbin,31,0.03562382802263845
42026066,0,42257000070041,49.36828906,128.940301,774282501.496,107.69006,0.18796,59.590636,3.766634,10400241.0,kuerbin,31,0.06320848799130117
42025887,9,42258000020311,49.36091729,128.9289385,753508171.732,108.07408,0.1307,131.147213,3.057818,10400171.0,shuanghetun,41,0.023315920560202832
42025887,15,42258000020311,49.36070575,128.929064,755310877.303,107.99637,0.12073,120.37971,4.489542,10400171.0,shuanghetun,41,0.037294839803152874
42025887,5,42258000020311,49.36122279,128.9292673,765268978.062,108.88976,0.29919,123.41131,2.950898,10400171.0,shuanghetun,41,0.023911082379726785
42025887,10,42258000020311,49.36062784,128.9294895,774833290.698,108.32627,0.09274,301.367817,24.728992,10400171.0,shuanghetun,41,0.0820558487172504
42025887,5,42258000020311,49.36102483,128.9288884,768874388.17,108.16579,0.12261,116.361019,2.929543,10400171.0,shuanghetun,41,0.025176326446574002
42025887,10,42258000020311,49.36066815,128.9291039,769425176.623,108.90916,0.09242,288.503177,19.073319,10400171.0,shuanghetun,41,0.06611129623712948
42025887,14,42258000020311,49.36074924,128.9290165,770677093.707,108.14554,0.09861,114.858469,5.274832,10400171.0,shuanghetun,41,0.0459246239822333
42025887,9,42258000020311,49.36124656,128.9302415,771535221.101,108.14059,0.17956,105.284013,1.002383,10400171.0,shuanghetun,41,0.009520752215248483
42025887,9,42258000020311,49.36075413,128.9290209,767929810.112,108.58695,0.09573,129.071853,4.287147,10400171.0,shuanghetun,41,0.033215196809795546
42025887,5,42258000020311,49.36084337,128.9292243,752650044.761,107.8548,0.11647,142.685039,5.781443,10400171.0,shuanghetun,41,0.04051891523118973
42025887,10,42258000020311,49.36043962,128.929321,751398128.107,108.42414,0.09382,261.559555,16.260622,10400171.0,shuanghetun,41,0.06216795253379293
42025887,12,42258000020311,49.3607952,128.9288556,757113583.098,108.47336,0.15453,141.203866,3.837837,10400171.0,shuanghetun,41,0.027179404563894873
42025887,9,42258000020311,49.3613055,128.9301718,775140629.409,108.2335,0.26521,110.809388,1.098503,10400171.0,shuanghetun,41,0.009913447044757617
42025887,15,42258000020311,49.36131871,128.9301312,751705466.633,107.97832,0.32068,106.41295,0.594568,10400171.0,shuanghetun,41,0.0055873650716383675
42025887,10,42258000020311,49.36072408,128.9293298,760411654.491,108.69119,0.11239,1225.053615,37.435552,10400171.0,shuanghetun,41,0.030558296830135064
42025887,10,42258000020311,49.36049771,128.9291807,764017061.987,109.20725,0.1058,1164.053975,36.589758,10400171.0,shuanghetun,41,0.03143304244118062
42025887,5,42258000020311,49.36073987,128.9289907,767071684.294,108.98252,0.13209,142.748921,5.387927,10400171.0,shuanghetun,41,0.037744082142659424
42025887,10,42258000020311,49.36074992,128.9286771,771227882.1,108.24682,0.09329,387.594054,27.271144,10400171.0,shuanghetun,41,0.07036006801074404
42025887,10,42258000020311,49.36065913,128.9286334,744187309.912,108.93769,0.09307,336.272775,14.379973,10400171.0,shuanghetun,41,0.04276282253298679
42025887,10,42258000020311,49.36075271,128.9289633,767622471.995,108.98831,0.09243,399.070035,23.849795,10400171.0,shuanghetun,41,0.059763432250682515
42025887,5,42258000020311,49.36156623,128.9292095,774282501.473,107.74732,0.21889,91.430235,1.234557,10400171.0,shuanghetun,41,0.013502721501262683
42025887,14,42258000020311,49.36115155,128.9298228,772479797.559,108.60051,0.24277,120.24672,2.337781,10400171.0,shuanghetun,41,0.01944153653421898
42060702,12,42440400830911,41.74377388,125.9562622,753508040.689,372.96693,0.12799,180.191797,4.404318,11605400.0,tonghua,40,0.02444238901729805
42060702,18,42440400830911,41.74370474,125.9562015,755310746.261,372.77847,0.127,192.812546,3.726664,11605400.0,tonghua,40,0.019327912406695777
42060702,8,42440400830911,41.74380505,125.9563906,765268838.408,372.89803,0.1044,221.989867,6.478259,11605400.0,tonghua,40,0.029182678865247485
42060702,15,42440400830911,41.74376626,125.9562972,769732383.902,372.78044,0.12362,176.676394,4.12592,11605400.0,tonghua,40,0.02335297832714426
42060702,12,42440400830911,41.74375454,125.9563083,748099929.088,372.77251,0.11908,201.513031,3.992133,11605400.0,tonghua,40,0.019810793278177627
42060702,8,42440400830911,41.74360971,125.9563065,761663431.202,372.66571,0.15299,195.314302,3.911748,11605400.0,tonghua,40,0.02002796497718841
42060702,15,42440400830911,41.74377848,125.9562507,773337792.512,372.84867,0.12232,192.96872,4.306314,11605400.0,tonghua,40,0.022316124602992655
42060702,8,42440400830911,41.7438196,125.9560656,754452610.528,372.49494,0.12025,194.20353,5.343746,11605400.0,tonghua,40,0.027516214561084447
42060702,12,42440400830911,41.74378114,125.9562153,744494518.144,373.23366,0.12175,221.682385,4.117323,11605400.0,tonghua,40,0.018573072461305393
42060702,17,42440400830911,41.7437332,125.956322,770676954.059,372.85037,0.10563,244.800733,5.698545,11605400.0,tonghua,40,0.02327830039626556
42060702,12,42440400830911,41.74381707,125.9563286,771535090.052,372.97229,0.13143,197.366149,4.022593,11605400.0,tonghua,40,0.020381372491591755
42060702,12,42440400830911,41.74380053,125.9562816,767929679.084,372.73799,0.11674,191.580555,4.685915,11605400.0,tonghua,40,0.024459241179252245
42060702,8,42440400830911,41.74377076,125.9562977,752649905.108,373.03745,0.1055,223.98369,6.43057,11605400.0,tonghua,40,0.02870999223202368
42060702,12,42440400830911,41.74349255,125.9563241,762521567.321,372.6292,0.17241,154.853648,3.34352,11605400.0,tonghua,40,0.021591483592301293
42060702,8,42440400830911,41.743701,125.9562986,767071544.654,372.94082,0.10552,213.374633,5.237594,11605400.0,tonghua,40,0.024546469870202425
42060702,18,42440400830911,41.74380925,125.9561641,766126975.298,373.03268,0.12817,184.360726,4.67399,11605400.0,tonghua,40,0.025352416978440408
42060702,8,42440400830911,41.74382057,125.9571773,763466134.204,372.8559,0.20019,77.665262,2.475973,11605400.0,tonghua,40,0.03188005726421164
42060702,8,42440400830911,41.7437336,125.9563474,774282361.813,372.88297,0.10714,210.513949,6.161386,11605400.0,tonghua,40,0.029268302785959332
42061735,13,42460000040281,41.18261215,122.7162181,753546705.682,3.21394,0.09688,109.871777,5.707645,21110800.0,tangmazhai,28,0.05194823598784609
42061735,0,42460000040281,41.18265947,122.7162126,755349411.206,2.98803,0.09975,125.46778,5.185163,21110800.0,tangmazhai,28,0.04132664975820884
42061735,0,42460000040281,41.18229096,122.7163288,761615665.487,2.36215,0.31895,87.666234,1.645117,21110800.0,tangmazhai,28,0.018765685771331295
42061735,9,42460000040281,41.1825786,122.7161734,767023778.696,2.85901,0.12934,108.56521,6.073657,21110800.0,tangmazhai,28,0.055944781942576266
42061735,6,42460000040281,41.18259986,122.7162817,773376457.459,3.26353,0.101,143.113943,7.601791,21110800.0,tangmazhai,28,0.05311705373109593
42061735,13,42460000040281,41.18266084,122.7162411,767968343.814,4.08981,0.09832,140.375059,6.865705,21110800.0,tangmazhai,28,0.04890972120624363
42061735,6,42460000040281,41.18257384,122.7163164,757152117.114,3.23942,0.1206,103.393615,3.611808,21110800.0,tangmazhai,28,0.03493260197933886
42061735,14,42460000040281,41.18276947,122.7161397,759947146.927,3.17144,0.1031,235.121008,21.494091,21110800.0,tangmazhai,28,0.09141714380537193
42061735,6,42460000040281,41.18264187,122.7161899,744533183.147,3.28483,0.0995,116.655574,6.284721,21110800.0,tangmazhai,28,0.053874159497942206
42061735,13,42460000040281,41.1826778,122.7163758,762560232.392,3.22612,0.12472,102.738759,4.084785,21110800.0,tangmazhai,28,0.039758948227124294
42061735,9,42460000040281,41.18243019,122.7160422,759812960.546,2.93833,0.38552,58.99174,1.512825,21110800.0,tangmazhai,28,0.025644691951788506
42061735,9,42460000040281,41.18267326,122.7160774,765221072.548,3.08113,0.18951,59.981864,3.223634,21110800.0,tangmazhai,28,0.05374347819534251
42061735,0,42460000040281,41.18261791,122.7162502,766165641.498,3.18865,0.09799,110.198227,5.382245,21110800.0,tangmazhai,28,0.04884148453677027
42061735,0,42460000040281,41.1825953,122.7162311,758954822.297,3.08295,0.11387,92.303802,4.138499,21110800.0,tangmazhai,28,0.04483562876424094
42061735,9,42460000040281,41.18263374,122.7162344,756207548.059,2.57702,0.29122,45.086045,2.427826,21110800.0,tangmazhai,28,0.05384872414513183
42061735,9,42460000040281,41.1825952,122.7155342,774234595.967,3.18679,0.19899,91.44913,4.314557,21110800.0,tangmazhai,28,0.04717985835403792
42061735,0,42460000040281,41.18270865,122.7161144,772431892.163,3.03402,0.15167,109.154176,5.605422,21110800.0,tangmazhai,28,0.05135325285218588
42061756,20,42460000150161,41.26291048,122.678691,752736325.996,4.28274,0.1555,216.966785,12.693007,21101000.0,xingjiawopeng,32,0.058502074407379916
42061756,3,42460000150161,41.26289951,122.6793398,755349410.997,3.46082,0.0958,150.440549,10.338621,21101000.0,xingjiawopeng,32,0.06872230305407885
42061756,3,42460000150161,41.26290677,122.6793657,764362936.335,3.49667,0.09896,147.416273,9.030758,21101000.0,xingjiawopeng,32,0.06126025177695275
42061756,17,42460000150161,41.26277587,122.6794863,767157965.488,3.67051,0.09449,164.86831,16.408879,21101000.0,xingjiawopeng,32,0.09952718627369928
42061756,3,42460000150161,41.26287656,122.679432,769771048.56,2.88129,0.10007,115.843953,7.161075,21101000.0,xingjiawopeng,32,0.0618165628377685
42061756,20,42460000150161,41.26286133,122.6793044,754539031.467,3.53443,0.09893,202.880905,10.477924,21101000.0,xingjiawopeng,32,0.051645688390437726
42061756,12,42460000150161,41.26289282,122.6793696,767023778.486,2.90065,0.16196,97.574708,5.59536,21101000.0,xingjiawopeng,32,0.057344368378740115
42061756,9,42460000150161,41.26287295,122.6794644,773376457.249,3.30868,0.09841,137.701665,9.098005,21101000.0,xingjiawopeng,32,0.06607040662870707
42061756,3,42460000150161,41.2629555,122.6792985,770629187.953,2.93718,0.16362,82.67484,4.349063,21101000.0,xingjiawopeng,32,0.05260443201341545
42061756,16,42460000150161,41.26290763,122.6792511,767968343.604,3.18355,0.09757,131.805844,9.015344,21101000.0,xingjiawopeng,32,0.06839866675410841
42061756,17,42460000150161,41.26304274,122.6790887,743722801.62,4.22501,0.09618,165.098405,15.651825,21101000.0,xingjiawopeng,32,0.09480300551661901
42061756,17,42460000150161,41.26309453,122.679121,759947147.105,3.85276,0.1214,166.536451,8.585622,21101000.0,xingjiawopeng,32,0.05155401083934472
42061756,17,42460000150161,41.26288793,122.6789482,763552554.897,3.37113,0.11415,76.052204,5.277288,21101000.0,xingjiawopeng,32,0.06939033614331545
42061756,9,42460000150161,41.26289078,122.6793049,744533182.937,3.80205,0.09607,150.222263,13.002217,21101000.0,xingjiawopeng,32,0.08655319617971671
42061756,3,42460000150161,41.26301509,122.6789106,751744000.399,3.20383,0.11791,96.406284,2.741345,21101000.0,xingjiawopeng,32,0.0284353351903907
42061756,17,42460000150161,41.26296183,122.6792195,774368782.824,3.02854,0.09513,129.617485,10.21332,21101000.0,xingjiawopeng,32,0.07879585072955242
42061756,17,42460000150161,41.26277287,122.6794159,756341735.107,3.72434,0.10885,172.557167,9.911981,21101000.0,xingjiawopeng,32,0.057441723066767786
42061756,3,42460000150161,41.26288335,122.6792931,766165641.289,2.88289,0.10147,106.0627,6.600715,21101000.0,xingjiawopeng,32,0.0622340841785095
42061756,3,42460000150161,41.26286352,122.6793121,771573754.881,2.85905,0.099,107.274777,7.71066,21101000.0,xingjiawopeng,32,0.07187766048677034
42061756,3,42460000150161,41.26300217,122.6793859,772431891.953,2.83516,0.30789,81.64715,2.603653,21101000.0,xingjiawopeng,32,0.03188908614691389
43044183,0,43428700010821,32.4357555,115.4171478,770116933.851,21.17364,0.1084,193.076142,5.47789,50100700.0,huaibin,28,0.028371656607888925
43044183,3,43428700010821,32.43579793,115.4170328,743934498.505,21.63564,0.1106,176.361357,5.109831,50100700.0,huaibin,28,0.028973643018634743
43044183,3,43428700010821,32.43583213,115.4171024,758356137.249,20.6732,0.10888,129.020883,3.372488,50100700.0,huaibin,28,0.02613908633689943
43044183,3,43428700010821,32.43583596,115.4170501,772777774.983,21.03184,0.11507,141.667856,3.658512,50100700.0,huaibin,28,0.02582457378334292
43044183,9,43428700010821,32.43574412,115.4172747,746681772.892,22.34733,0.11248,205.319579,5.333555,50100700.0,huaibin,28,0.02597684558860312
43044183,3,43428700010821,32.435818,115.4170677,760158843.701,20.90316,0.11314,136.656205,3.511878,50100700.0,huaibin,28,0.02569863549189003
43044183,3,43428700010821,32.43585567,115.4171113,769172365.86,21.20352,0.11073,135.85055,3.481913,50100700.0,huaibin,28,0.02563046671507771
43044183,9,43428700010821,32.43545353,115.4181711,769133372.008,21.47599,0.1058,273.092698,12.663988,50100700.0,huaibin,28,0.04637248850937787
43044183,0,43428700010821,32.43573777,115.4171131,744879068.039,21.35825,0.1069,199.877767,5.590667,50100700.0,huaibin,28,0.027970429547574442
43044183,6,43428700010821,32.43583707,115.4170875,770975072.128,20.95725,0.11183,138.123113,3.493266,50100700.0,huaibin,28,0.025290959088070948
43044183,3,43428700010821,32.43593969,115.4170681,763764250.876,21.6165,0.11538,133.059628,2.805621,50100700.0,huaibin,28,0.021085441483422753
43044183,0,43428700010821,32.43571812,115.4172322,762906116.65,22.22529,0.11202,233.021593,5.626942,50100700.0,huaibin,28,0.02414772780306244
43044183,0,43428700010821,32.4356746,115.4169656,755695295.284,21.97132,0.10911,182.129372,5.380115,50100700.0,huaibin,28,0.029540073305693935
43044183,0,43428700010821,32.43578382,115.4172128,773722342.187,21.86377,0.11124,204.747658,6.09106,50100700.0,huaibin,28,0.02974910706915143
43044183,3,43428700010821,32.4356445,115.4169531,747539910.1,21.61597,0.10972,156.217987,2.906647,50100700.0,huaibin,28,0.01860635292912845
43044183,0,43428700010821,32.43578048,115.4171811,752089885.933,22.23474,0.10789,216.434496,6.068804,50100700.0,huaibin,28,0.02803991097611353
43004870,0,43120100160181,39.73004416,118.760144,761788557.201,19.01819,0.25317,205.973911,5.25744,30101400.0,luanxian,21,0.025524786000689186
43004870,23,43120100160181,39.73021723,118.76091,767196670.172,20.60683,0.10952,248.057296,7.452238,30101400.0,luanxian,21,0.03004240600929553
43004870,0,43120100160181,39.72984649,118.7585968,759985852.145,20.64952,0.38374,206.761099,6.239671,30101400.0,luanxian,21,0.030178167122239953
43004870,0,43120100160181,39.73035761,118.7589133,773597052.321,20.01051,0.09919,105.241401,8.898694,30101400.0,luanxian,21,0.08455506972963997
43004870,0,43120100160181,39.72959704,118.7586567,748359189.099,19.98963,0.16751,80.060135,7.022664,30101400.0,luanxian,21,0.08771736395398283
43004870,0,43120100160181,39.73026019,118.7606843,743761506.558,20.95508,0.11417,207.101378,7.171641,30101400.0,luanxian,21,0.03462864935645189
42047860,5,42246100030151,45.19243673,124.7597233,752736396.385,128.56621,0.0953,343.61424,5.25229,10959200.0,fuyu,38,0.015285425889218097
42047860,2,42246100030151,45.19188249,124.7595945,765355329.58,128.63518,0.09505,348.389286,5.960204,10959200.0,fuyu,38,0.017107885458911613
42047860,2,42246100030151,45.19209066,124.7602225,768016170.084,128.91034,0.0998,341.427442,4.335531,10959200.0,fuyu,38,0.012698249954964077
42047860,2,42246100030151,45.19187814,124.7596065,766213466.777,128.31984,0.0977,364.677054,5.560777,10959200.0,fuyu,38,0.015248497099025045
42047860,2,42246100030151,45.19244612,124.7596505,752515638.418,128.52221,0.10446,297.245869,10.131635,10959200.0,fuyu,38,0.03408503214556027
42047860,2,42246100030151,45.19189934,124.7595924,767158035.872,129.09463,0.09389,379.129477,6.368234,10959200.0,fuyu,38,0.016796989910652607
42047860,2,42246100030151,45.19196351,124.759081,751791826.971,128.44465,0.17589,297.563257,2.159895,10959200.0,fuyu,38,0.007258607873081588
42047860,2,42246100030151,45.1920338,124.7598047,766937277.868,129.28263,0.09815,346.35709,10.959543,10959200.0,fuyu,38,0.031642323245064795
42047860,2,42246100030151,45.19234628,124.7599089,754318343.738,128.80319,0.10431,367.957013,11.243915,10959200.0,fuyu,38,0.030557686367564896
42047860,5,42246100030151,45.191247,124.7595498,754539101.855,128.4841,0.09785,346.357406,4.495323,10959200.0,fuyu,38,0.01297885629735892
42047860,5,42246100030151,45.19193728,124.7595612,768960739.836,128.69741,0.09614,348.457657,6.017335,10959200.0,fuyu,38,0.017268482638049764
42047860,2,42246100030151,45.19228565,124.7597912,772566149.105,131.00856,0.10527,373.08427,4.472756,10959200.0,fuyu,38,0.011988594426669342
42047860,2,42246100030151,45.19192958,124.7595995,763331867.882,129.59989,0.09891,401.467948,11.377718,10959200.0,fuyu,38,0.02834028982059609
42047860,2,42246100030151,45.19268828,124.760117,773424283.563,130.07242,0.1025,368.452183,4.565304,10959200.0,fuyu,38,0.012390492472669106
42047860,2,42246100030151,45.19228715,124.7599941,759726459.665,129.25086,0.13081,402.119808,12.039884,10959200.0,fuyu,38,0.02994103687625356
42047860,2,42246100030151,45.19206486,124.7599414,765134571.799,129.0312,0.10905,304.886655,10.166214,10959200.0,fuyu,38,0.0333442406654368
42047860,2,42246100030151,45.19200016,124.7595914,753594532.08,128.21166,0.09756,364.3049,6.185995,10959200.0,fuyu,38,0.016980268450959624
42047860,2,42246100030151,45.19245314,124.7597094,743722872.01,130.52709,0.09745,376.774721,5.218272,10959200.0,fuyu,38,0.013849846364825521
42047860,2,42246100030151,45.19186384,124.7595917,759947217.5,128.12985,0.10469,361.317895,7.329389,10959200.0,fuyu,38,0.020285153604141303
42047860,2,42246100030151,45.19204339,124.7596663,761529164.561,129.75363,0.09892,381.715388,11.51361,10959200.0,fuyu,38,0.030162813347205168
42047860,2,42246100030151,45.19081062,124.7597256,762608058.537,128.55209,0.22238,328.885082,2.951611,10959200.0,fuyu,38,0.008974596786363209
42047860,2,42246100030151,45.19097435,124.7595459,770763445.533,130.24324,0.12022,352.833396,3.714328,10959200.0,fuyu,38,0.01052714409154172
42047860,2,42246100030151,45.19160951,124.7594459,764410761.657,129.28005,0.09934,358.573318,5.319949,10959200.0,fuyu,38,0.014836432977425276
42047860,2,42246100030151,45.19231842,124.7599923,774368853.218,131.16776,0.09538,381.717586,5.559358,10959200.0,fuyu,38,0.014564060456989268
42047860,2,42246100030151,45.19185378,124.7596445,756341805.494,128.31421,0.10466,316.159897,5.653227,10959200.0,fuyu,38,0.017880911063176366
42047860,8,42246100030151,45.19154271,124.7596973,759002648.521,128.06396,0.12695,347.418924,6.732478,10959200.0,fuyu,38,0.0193785586648124
42047860,2,42246100030151,45.19188536,124.7593376,748186420.339,128.35994,0.18433,287.656588,1.930454,10959200.0,fuyu,38,0.006710967454011517
42047860,2,42246100030151,45.19121233,124.7596612,755397237.421,128.62522,0.09936,369.449816,5.598685,10959200.0,fuyu,38,0.015154115004350143
42012937,15,42272100010491,51.66938355,126.6106569,752736515.593,169.71726,0.09393,242.682232,7.389871,10400070.0,humaqiao,30,0.030450811907812025
42012937,12,42272100010491,51.66926723,126.6107569,765355448.784,170.05503,0.09886,290.283988,6.959715,10400070.0,humaqiao,30,0.02397553874035932
42012937,6,42272100010491,51.66885446,126.6125683,762694609.535,169.85269,0.22982,230.150815,3.361274,10400070.0,humaqiao,30,0.014604658254197362
42012937,6,42272100010491,51.66920915,126.6122382,757286494.435,169.65924,0.13905,242.256905,4.058518,10400070.0,humaqiao,30,0.01675295075696604
42012937,6,42272100010491,51.6698987,126.6099815,769905425.804,169.06364,0.12644,216.901079,2.138919,10400070.0,humaqiao,30,0.009861264913301792
42012937,12,42272100010491,51.66926733,126.6109183,767158155.067,170.1674,0.09184,319.46648,7.960664,10400070.0,humaqiao,30,0.024918620570145576
42012937,6,42272100010491,51.66917758,126.6115164,766300018.012,169.91938,0.10709,264.269348,4.667062,10400070.0,humaqiao,30,0.017660247150570033
42012937,15,42272100010491,51.66927356,126.6110049,754539221.06,169.88039,0.09539,299.196406,9.419458,10400070.0,humaqiao,30,0.03148252389101225
42012937,6,42272100010491,51.66905696,126.612408,759089199.694,169.70837,0.16973,251.574914,5.300554,10400070.0,humaqiao,30,0.02106948548932029
42012937,15,42272100010491,51.66928894,126.6107178,768960859.029,170.26309,0.09294,306.080169,7.766002,10400070.0,humaqiao,30,0.025372444171644457
42012937,12,42272100010491,51.66932838,126.6109241,772566268.318,170.32325,0.09174,313.080186,7.569585,10400070.0,humaqiao,30,0.024177783642941875
42012937,6,42272100010491,51.66923335,126.6116944,753681083.326,169.53804,0.10398,253.300028,4.787428,10400070.0,humaqiao,30,0.018900226888249695
42012937,6,42272100010491,51.66952471,126.6112527,751878378.208,169.91807,0.10235,260.398418,3.906196,10400070.0,humaqiao,30,0.015000843822330748
42012937,6,42272100010491,51.66928562,126.6108035,748272971.342,170.18527,0.10095,254.282686,5.118195,10400070.0,humaqiao,30,0.020127972849869925
42012937,6,42272100010491,51.66949663,126.6112219,744667560.644,169.89516,0.10954,263.621946,3.785194,10400070.0,humaqiao,30,0.014358417640995642
42012937,6,42272100010491,51.66942505,126.6112477,773510834.348,169.69385,0.10648,237.524913,3.40048,10400070.0,humaqiao,30,0.014316308790733038
42012937,12,42272100010491,51.66933669,126.6106438,743722991.22,170.20321,0.09298,257.517671,6.700485,10400070.0,humaqiao,30,0.026019515375315737
42012937,12,42272100010491,51.66962067,126.6099322,759947336.719,170.68184,0.0967,371.149784,11.990978,10400070.0,humaqiao,30,0.03230765183471048
42012937,12,42272100010491,51.66931015,126.6107764,763552744.512,170.08648,0.10594,293.212711,8.429305,10400070.0,humaqiao,30,0.02874808861884572
42012937,12,42272100010491,51.669404,126.610882,770763564.737,170.05372,0.09235,249.931636,5.9889,10400070.0,humaqiao,30,0.023962152594399856
42012937,6,42272100010491,51.66918242,126.6119665,755483788.327,169.83106,0.10488,248.653794,5.353197,10400070.0,humaqiao,30,0.0215287163484825
42012937,12,42272100010491,51.66923734,126.6115009,774368972.431,169.73682,0.09451,247.973927,5.167826,10400070.0,humaqiao,30,0.020840199058508275
42012937,6,42272100010491,51.66960291,126.6113926,771708132.404,170.04367,0.10564,247.565797,3.791791,10400070.0,humaqiao,30,0.01531629589365287
42012937,6,42272100010491,51.66898891,126.6124172,760891904.159,169.33119,0.20649,236.417665,4.142428,10400070.0,humaqiao,30,0.017521651776740116
42047856,4,42247700040361,45.54276356,124.3523287,752515628.817,126.42649,0.10055,387.373526,21.432266,11420330.0,dalai,11,0.05532713146741989
42047856,4,42247700040361,45.54301262,124.352167,754318341.944,126.06213,0.09637,463.390145,22.257371,11420330.0,dalai,11,0.04803160196684804
42047856,4,42247700040361,45.54324569,124.3525733,763331858.281,125.53359,0.0962,384.408847,25.360358,11420330.0,dalai,11,0.06597235781100533
42047856,13,42247700040361,45.54319311,124.3527714,756121037.369,123.72322,0.10354,258.551722,16.900204,11420330.0,dalai,11,0.06536488664345465
42047856,4,42247700040361,45.54305227,124.3521951,761529154.96,125.74798,0.0942,369.567017,18.751215,11420330.0,dalai,11,0.05073833469289278
42047856,4,42247700040361,45.54353165,124.3524683,757923744.028,125.65758,0.09883,384.003754,24.937741,11420330.0,dalai,11,0.0649413989843443
42037498,3,42241500150101,46.83501263,130.3401987,753421700.025,75.85815,0.09911,1019.116015,5.656612,11121820.0,jiamusi,39,0.005550508398202338
42037498,0,42241500150101,46.83240576,130.3387935,774833340.26,75.33529,0.09074,1032.518476,15.380715,11121820.0,jiamusi,39,0.014896309710200286
42037498,0,42241500150101,46.83258378,130.3389586,753200882.805,75.82513,0.09154,1025.671269,17.39963,11121820.0,jiamusi,39,0.016964139023767467
42037498,0,42241500150101,46.83247675,130.3387777,769646043.308,75.20021,0.09254,1039.075692,9.069956,11121820.0,jiamusi,39,0.008728869388275518
42037498,9,42241500150101,46.8356014,130.3409738,761577090.399,74.25595,0.11919,986.965968,12.604772,11121820.0,jiamusi,39,0.012771232655106098
42037498,0,42241500150101,46.83263851,130.3388819,744408177.259,77.85625,0.09192,1056.343875,9.95076,11121820.0,jiamusi,39,0.009420000660296345
42037498,9,42241500150101,46.83295419,130.3390691,772393317.234,77.97934,0.0916,1117.02395,11.231423,11121820.0,jiamusi,39,0.010054773668908352
42037498,0,42241500150101,46.83273193,130.3389206,766985203.936,75.03866,0.09142,978.498406,10.097241,11121820.0,jiamusi,39,0.010319118496346329
42037498,6,42241500150101,46.83647863,130.3412021,758829816.163,73.65938,0.13553,984.362698,10.484444,11121820.0,jiamusi,39,0.010650996854413513
42037498,9,42241500150101,46.83645437,130.3419459,759774385.462,73.25302,0.18797,962.821659,10.304573,11121820.0,jiamusi,39,0.010702473198102412
42037498,0,42241500150101,46.83543057,130.3402528,756168973.021,74.70322,0.09712,990.259569,11.981554,11121820.0,jiamusi,39,0.012099407443342765
42037498,0,42241500150101,46.83256259,130.3389118,771448749.243,76.47181,0.09235,1046.004589,9.952229,11121820.0,jiamusi,39,0.009514517531433127
42037498,3,42241500150101,46.83273057,130.338955,775054157.633,75.4265,0.09187,1038.852308,9.479099,11121820.0,jiamusi,39,0.009124587707995927
42037498,0,42241500150101,46.83255985,130.3388514,762214409.385,73.9939,0.0922,1029.866929,18.341989,11121820.0,jiamusi,39,0.01781005728362407
42037498,0,42241500150101,46.8326605,130.3389117,751398177.671,74.24162,0.09081,1063.112338,15.711445,11121820.0,jiamusi,39,0.014778725105906918
42037498,0,42241500150101,46.83250029,130.3388782,763379793.665,74.2029,0.09432,954.15815,18.667325,11121820.0,jiamusi,39,0.01956418335891173
42037498,3,42241500150101,46.83257565,130.3388448,767843338.548,74.16778,0.09189,1011.152326,9.316181,11121820.0,jiamusi,39,0.00921342982699127
42037498,9,42241500150101,46.83572969,130.3407581,757971679.442,74.08393,0.10649,1011.490763,13.901799,11121820.0,jiamusi,39,0.013743871430687499
42037498,0,42241500150101,46.83186978,130.3387566,755003588.342,75.24642,0.09128,1331.024789,20.017305,11121820.0,jiamusi,39,0.015039017428848202
42037498,0,42241500150101,46.83276334,130.338896,773251451.955,78.43307,0.09405,1148.572977,18.225777,11121820.0,jiamusi,39,0.01586819241351523
42037498,0,42241500150101,46.83225214,130.3387418,764017111.548,73.42782,0.09191,966.138886,17.70823,11121820.0,jiamusi,39,0.018328865814847245
42037498,0,42241500150101,46.83338112,130.3398236,765182497.762,75.22543,0.09348,1037.786085,6.432399,11121820.0,jiamusi,39,0.006198193532340531
42037498,3,42241500150101,46.83258683,130.3388571,751618994.902,74.11429,0.09243,994.395308,9.277743,11121820.0,jiamusi,39,0.009330034972369358
42037498,0,42241500150101,46.83274238,130.3389383,765819816.107,75.43023,0.09163,1065.177886,16.021743,11121820.0,jiamusi,39,0.01504137779292951
42037498,9,42241500150101,46.8323173,130.3387506,752563564.353,73.7543,0.09214,964.227238,9.374124,11121820.0,jiamusi,39,0.009721903334159909
42037498,0,42241500150101,46.83256207,130.3390455,767622521.556,74.45992,0.09061,1028.501187,15.439397,11121820.0,jiamusi,39,0.015011550006115839
42037498,0,42241500150101,46.83560336,130.3405047,755224405.581,75.29338,0.09887,1018.485451,10.759382,11121820.0,jiamusi,39,0.010564099849866192
42037498,3,42241500150101,46.8326777,130.3388956,766040634.289,75.51028,0.09198,1037.331452,9.667328,11121820.0,jiamusi,39,0.009319420500902734
