wse0,a,b,a50,w50,q50,w_low,w_high,h_low,h_high,slp,stationid,COMID,R,GAP,W
110.62366774790075,-30.990879167878855,-0.6193923015711285,114.81968276145942,89.41771327747223,55.70557717715992,30.0,188.26555666987844,106.85891542738041,109.41306362605236,0.000206590517,heishiguan,43027816,0.5,-0.3,0.7
115.79375248241726,-17.684097956145184,-0.20081591808461938,114.81968276145942,89.41771327747223,55.70557717715992,30.0,188.26555666987844,106.85891542738041,109.79576214863818,0.000206590517,heishiguan,43027816,0.5,-0.1,0.7
102.35696223370896,1.7286027127579833,0.28173555332033323,114.81968276145942,89.41771327747223,55.70557717715992,30.0,188.26555666987844,106.85891542738041,109.98711140993109,0.000206590517,heishiguan,43027816,0.5,0.0,0.3
104.85310926363101,0.3428048649893377,0.5206203322423363,114.81968276145942,89.41771327747223,55.70557717715992,30.0,188.26555666987844,106.85891542738041,110.178460671224,0.000206590517,heishiguan,43027816,0.5,0.1,0.3
103.9705375324802,0.7504709142749305,0.39772714601679393,114.81968276145942,89.41771327747223,55.70557717715992,30.0,188.26555666987844,106.85891542738041,110.178460671224,0.000206590517,heishiguan,43027816,0.5,0.1,0.5
106.12867389991665,0.029050762292436666,0.9551303703159558,114.81968276145942,89.41771327747223,55.70557717715992,30.0,188.26555666987844,106.85891542738041,110.56115919380981,0.000206590517,heishiguan,43027816,0.5,0.3,0.3
105.90337695647699,0.06179141757286057,0.8151088937606543,114.81968276145942,89.41771327747223,55.70557717715992,30.0,188.26555666987844,106.85891542738041,110.56115919380981,0.000206590517,heishiguan,43027816,0.5,0.3,0.5
104.82659467985206,0.37314579580548535,0.5043287237071414,114.81968276145942,89.41771327747223,55.70557717715992,30.0,188.26555666987844,106.85891542738041,110.56115919380981,0.000206590517,heishiguan,43027816,0.5,0.3,0.7
104.32318013759544,0.5064966096443229,0.46442847901061074,114.81968276145942,89.41771327747223,55.70557717715992,30.0,188.26555666987844,106.77330155301033,110.178460671224,0.000206590517,heishiguan,43027816,1.0,0.1,0.3
105.90575631006605,0.04274693846246225,0.8908781886375542,114.81968276145942,89.41771327747223,55.70557717715992,30.0,188.26555666987844,106.77330155301033,110.56115919380981,0.000206590517,heishiguan,43027816,1.0,0.3,0.3
105.61845089055696,0.09280698076875189,0.7491711544296357,114.81968276145942,89.41771327747223,55.70557717715992,30.0,188.26555666987844,106.77330155301033,110.56115919380981,0.000206590517,heishiguan,43027816,1.0,0.3,0.5
104.18248632632113,0.5943506692876703,0.4373184768874887,114.81968276145942,89.41771327747223,55.70557717715992,30.0,188.26555666987844,106.77330155301033,110.56115919380981,0.000206590517,heishiguan,43027816,1.0,0.3,0.7
104.30431641826904,0.5128999370445322,0.4626514306979106,114.81968276145942,89.41771327747223,55.70557717715992,30.0,188.26555666987844,106.77052332113203,110.178460671224,0.000206590517,heishiguan,43027816,2.0,0.1,0.3
105.89819565584963,0.04327417921862706,0.8888517943318738,114.81968276145942,89.41771327747223,55.70557717715992,30.0,188.26555666987844,106.77052332113203,110.56115919380981,0.000206590517,heishiguan,43027816,2.0,0.3,0.3
105.6086451988633,0.09401577466016708,0.747091897893528,114.81968276145942,89.41771327747223,55.70557717715992,30.0,188.26555666987844,106.77052332113203,110.56115919380981,0.000206590517,heishiguan,43027816,2.0,0.3,0.5
105.05079874876975,0.28999469315457954,0.5452476132718422,114.81968276145942,89.41771327747223,55.70557717715992,30.0,188.26555666987844,106.89507109115509,110.178460671224,0.000206590517,heishiguan,43027816,4.0,0.1,0.3
104.27842845965323,0.6247230297646844,0.42277736614126293,114.81968276145942,89.41771327747223,55.70557717715992,30.0,188.26555666987844,106.89507109115509,110.178460671224,0.000206590517,heishiguan,43027816,4.0,0.1,0.5
106.21741133361824,0.02454230315485095,0.983419277485555,114.81968276145942,89.41771327747223,55.70557717715992,30.0,188.26555666987844,106.89507109115509,110.56115919380981,0.000206590517,heishiguan,43027816,4.0,0.3,0.3
106.01461378669816,0.05176448324969393,0.844145752749314,114.81968276145942,89.41771327747223,55.70557717715992,30.0,188.26555666987844,106.89507109115509,110.56115919380981,0.000206590517,heishiguan,43027816,4.0,0.3,0.5
105.70456132248545,0.14862146884969732,0.646496442558781,114.81968276145942,89.41771327747223,55.70557717715992,30.0,188.26555666987844,107.03547595115307,110.178460671224,0.000206590517,heishiguan,43027816,8.0,0.1,0.3
105.23570438627691,0.3036108599763572,0.5258110362557962,114.81968276145942,89.41771327747223,55.70557717715992,30.0,188.26555666987844,107.03547595115307,110.178460671224,0.000206590517,heishiguan,43027816,8.0,0.1,0.5
106.53518306156288,0.012313987241845792,1.1004220021069893,114.81968276145942,89.41771327747223,55.70557717715992,30.0,188.26555666987844,107.03547595115307,110.56115919380981,0.000206590517,heishiguan,43027816,8.0,0.3,0.3
106.40358078871311,0.02512847604697332,0.9645174987547968,114.81968276145942,89.41771327747223,55.70557717715992,30.0,188.26555666987844,107.03547595115307,110.56115919380981,0.000206590517,heishiguan,43027816,8.0,0.3,0.5
97.14074558755783,0.0007061544777923862,1.2318815281553621,2083.427063547283,1007.9019069193745,1453.3225504557292,532.7582244980988,1471.8668785663092,98.76959034093856,102.71598033262921,0.000226372394555,tonghe,42045560,0.5,-0.3,0.5
96.12602597334993,0.0040551182298453736,1.0149699608509257,2083.427063547283,1007.9019069193745,1453.3225504557292,532.7582244980988,1471.8668785663092,98.51338383858662,102.71598033262921,0.000226372394555,tonghe,42045560,1.0,-0.3,0.5
96.35559632369954,0.0020873307697773396,1.1030646091337173,2083.427063547283,1007.9019069193745,1453.3225504557292,532.7582244980988,1471.8668785663092,98.51338383858662,102.71598033262921,0.000226372394555,tonghe,42045560,1.0,-0.3,0.7
97.86205640576101,5.353260842688265e-07,2.229591161194731,2083.427063547283,1007.9019069193745,1453.3225504557292,532.7582244980988,1471.8668785663092,98.51338383858662,104.03034350351736,0.000226372394555,tonghe,42045560,1.0,-0.1,0.3
97.85314954443952,4.971403999827527e-07,2.2405597163361266,2083.427063547283,1007.9019069193745,1453.3225504557292,532.7582244980988,1471.8668785663092,98.51338383858662,104.03034350351736,0.000226372394555,tonghe,42045560,1.0,-0.1,0.5
97.83161848987739,4.2130724321018075e-07,2.265157582790808,2083.427063547283,1007.9019069193745,1453.3225504557292,532.7582244980988,1471.8668785663092,98.51338383858662,104.03034350351736,0.000226372394555,tonghe,42045560,1.0,-0.1,0.7
98.07376244933322,1.93977001797918e-08,2.693901167088394,2083.427063547283,1007.9019069193745,1453.3225504557292,532.7582244980988,1471.8668785663092,98.51338383858662,104.68752508896144,0.000226372394555,tonghe,42045560,1.0,0.0,0.3
98.05910720786422,1.8994799165257965e-08,2.697591783127914,2083.427063547283,1007.9019069193745,1453.3225504557292,532.7582244980988,1471.8668785663092,98.51338383858662,104.68752508896144,0.000226372394555,tonghe,42045560,1.0,0.0,0.5
98.02511172558442,1.8111093511736278e-08,2.7059900653202904,2083.427063547283,1007.9019069193745,1453.3225504557292,532.7582244980988,1471.8668785663092,98.51338383858662,104.68752508896144,0.000226372394555,tonghe,42045560,1.0,0.0,0.7
98.17675571871865,1.1370970976993487e-09,3.0941602124219,2083.427063547283,1007.9019069193745,1453.3225504557292,532.7582244980988,1471.8668785663092,98.51338383858662,105.34470667440551,0.000226372394555,tonghe,42045560,1.0,0.1,0.5
98.13770392934842,1.1785979971173269e-09,3.0909330084023594,2083.427063547283,1007.9019069193745,1453.3225504557292,532.7582244980988,1471.8668785663092,98.51338383858662,105.34470667440551,0.000226372394555,tonghe,42045560,1.0,0.1,0.7
97.33213958331606,3.2917848598659063e-06,1.9918592520621932,2083.427063547283,1007.9019069193745,1453.3225504557292,532.7582244980988,1471.8668785663092,98.22798987710547,104.03034350351736,0.000226372394555,tonghe,42045560,2.0,-0.1,0.3
97.32915547797002,2.9992854636302418e-06,2.005268715625682,2083.427063547283,1007.9019069193745,1453.3225504557292,532.7582244980988,1471.8668785663092,98.22798987710547,104.03034350351736,0.000226372394555,tonghe,42045560,2.0,-0.1,0.5
97.32068926348367,2.434792158749259e-06,2.0353827013976376,2083.427063547283,1007.9019069193745,1453.3225504557292,532.7582244980988,1471.8668785663092,98.22798987710547,104.03034350351736,0.000226372394555,tonghe,42045560,2.0,-0.1,0.7
97.63111975637906,1.2406893752074207e-07,2.448364156043794,2083.427063547283,1007.9019069193745,1453.3225504557292,532.7582244980988,1471.8668785663092,98.22798987710547,104.68752508896144,0.000226372394555,tonghe,42045560,2.0,0.0,0.3
97.61982441540046,1.1897237588685496e-07,2.4548225400405888,2083.427063547283,1007.9019069193745,1453.3225504557292,532.7582244980988,1471.8668785663092,98.22798987710547,104.68752508896144,0.000226372394555,tonghe,42045560,2.0,0.0,0.5
97.59337450270196,1.0823561528961182e-07,2.469419290308403,2083.427063547283,1007.9019069193745,1453.3225504557292,532.7582244980988,1471.8668785663092,98.22798987710547,104.68752508896144,0.000226372394555,tonghe,42045560,2.0,0.0,0.7
97.79759481150838,7.4318359957586056e-09,2.8434386197627024,2083.427063547283,1007.9019069193745,1453.3225504557292,532.7582244980988,1471.8668785663092,98.22798987710547,105.34470667440551,0.000226372394555,tonghe,42045560,2.0,0.1,0.3
97.7831856031594,7.3843288332017716e-09,2.8449764071257437,2083.427063547283,1007.9019069193745,1453.3225504557292,532.7582244980988,1471.8668785663092,98.22798987710547,105.34470667440551,0.000226372394555,tonghe,42045560,2.0,0.1,0.5
97.7499588260269,7.274360091600584e-09,2.8485428591344855,2083.427063547283,1007.9019069193745,1453.3225504557292,532.7582244980988,1471.8668785663092,98.22798987710547,105.34470667440551,0.000226372394555,tonghe,42045560,2.0,0.1,0.7
97.03245075671535,7.832460338041839e-06,1.8790063357521651,2083.427063547283,1007.9019069193745,1453.3225504557292,532.7582244980988,1471.8668785663092,98.08015509141008,104.03034350351736,0.000226372394555,tonghe,42045560,4.0,-0.1,0.3
97.0331576251913,7.080532820346658e-06,1.893401590913528,2083.427063547283,1007.9019069193745,1453.3225504557292,532.7582244980988,1471.8668785663092,98.08015509141008,104.03034350351736,0.000226372394555,tonghe,42045560,4.0,-0.1,0.5
97.03278696790925,5.646287959636991e-06,1.9257547461785052,2083.427063547283,1007.9019069193745,1453.3225504557292,532.7582244980988,1471.8668785663092,98.08015509141008,104.03034350351736,0.000226372394555,tonghe,42045560,4.0,-0.1,0.7
97.38705085054143,3.0043414755439736e-07,2.3317726263567633,2083.427063547283,1007.9019069193745,1453.3225504557292,532.7582244980988,1471.8668785663092,98.08015509141008,104.68752508896144,0.000226372394555,tonghe,42045560,4.0,0.0,0.3
97.37764618399642,2.85651588086059e-07,2.339343332424625,2083.427063547283,1007.9019069193745,1453.3225504557292,532.7582244980988,1471.8668785663092,98.08015509141008,104.68752508896144,0.000226372394555,tonghe,42045560,4.0,0.0,0.5
97.35543922723585,2.5493758837895896e-07,2.3564464744083953,2083.427063547283,1007.9019069193745,1453.3225504557292,532.7582244980988,1471.8668785663092,98.08015509141008,104.68752508896144,0.000226372394555,tonghe,42045560,4.0,0.0,0.7
97.58239761480152,1.831729840329364e-08,2.7236183948714277,2083.427063547283,1007.9019069193745,1453.3225504557292,532.7582244980988,1471.8668785663092,98.08015509141008,105.34470667440551,0.000226372394555,tonghe,42045560,4.0,0.1,0.3
97.5693216948194,1.8033487400810415e-08,2.7263789006435832,2083.427063547283,1007.9019069193745,1453.3225504557292,532.7582244980988,1471.8668785663092,98.08015509141008,105.34470667440551,0.000226372394555,tonghe,42045560,4.0,0.1,0.5
97.53910628792099,1.7402891002760238e-08,2.7326801027532546,2083.427063547283,1007.9019069193745,1453.3225504557292,532.7582244980988,1471.8668785663092,98.08015509141008,105.34470667440551,0.000226372394555,tonghe,42045560,4.0,0.1,0.7
94.58817126511507,0.0182296824932842,0.8389451269486712,2083.427063547283,1007.9019069193745,1453.3225504557292,532.7582244980988,1471.8668785663092,98.1510075136355,102.71598033262921,0.000226372394555,tonghe,42045560,8.0,-0.3,0.7
97.17841170698921,5.199512901009963e-06,1.9322923735963995,2083.427063547283,1007.9019069193745,1453.3225504557292,532.7582244980988,1471.8668785663092,98.1510075136355,104.03034350351736,0.000226372394555,tonghe,42045560,8.0,-0.1,0.3
97.1772870085137,4.717465937548921e-06,1.9462346238610073,2083.427063547283,1007.9019069193745,1453.3225504557292,532.7582244980988,1471.8668785663092,98.1510075136355,104.03034350351736,0.000226372394555,tonghe,42045560,8.0,-0.1,0.5
97.17290436301168,3.792991472641173e-06,1.9775588345815904,2083.427063547283,1007.9019069193745,1453.3225504557292,532.7582244980988,1471.8668785663092,98.1510075136355,104.03034350351736,0.000226372394555,tonghe,42045560,8.0,-0.1,0.7
97.50536645487975,1.9781842549266368e-07,2.386825410015944,2083.427063547283,1007.9019069193745,1453.3225504557292,532.7582244980988,1471.8668785663092,98.1510075136355,104.68752508896144,0.000226372394555,tonghe,42045560,8.0,0.0,0.3
97.49503979099352,1.8882180269039167e-07,2.3938861416570143,2083.427063547283,1007.9019069193745,1453.3225504557292,532.7582244980988,1471.8668785663092,98.1510075136355,104.68752508896144,0.000226372394555,tonghe,42045560,8.0,0.0,0.5
97.47076396588409,1.700121651080648e-07,2.4098386527235007,2083.427063547283,1007.9019069193745,1453.3225504557292,532.7582244980988,1471.8668785663092,98.1510075136355,104.68752508896144,0.000226372394555,tonghe,42045560,8.0,0.0,0.7
97.68643172622988,1.1961099555705387e-08,2.780198963298584,2083.427063547283,1007.9019069193745,1453.3225504557292,532.7582244980988,1471.8668785663092,98.1510075136355,105.34470667440551,0.000226372394555,tonghe,42045560,8.0,0.1,0.3
97.67271536495298,1.182560022968558e-08,2.7823991105055814,2083.427063547283,1007.9019069193745,1453.3225504557292,532.7582244980988,1471.8668785663092,98.1510075136355,105.34470667440551,0.000226372394555,tonghe,42045560,8.0,0.1,0.5
97.64105346834575,1.1520464840672349e-08,2.7874463423838938,2083.427063547283,1007.9019069193745,1453.3225504557292,532.7582244980988,1471.8668785663092,98.1510075136355,105.34470667440551,0.000226372394555,tonghe,42045560,8.0,0.1,0.7
108.30868820366466,0.1527284027601912,0.483793489382619,59.99298588708888,102.4601710694082,25.005828398245352,30.0,266.5457384593915,109.09562796793546,110.57311800881496,0.000434467297,lianhua,42045708,0.5,-0.3,0.3
108.41196738023801,0.1165438801919678,0.5251675364313959,59.99298588708888,102.4601710694082,25.005828398245352,30.0,266.5457384593915,109.09562796793546,110.57311800881496,0.000434467297,lianhua,42045708,0.5,-0.3,0.5
108.58677304407983,0.06774303202972903,0.6100337207454714,59.99298588708888,102.4601710694082,25.005828398245352,30.0,266.5457384593915,109.09562796793546,110.57311800881496,0.000434467297,lianhua,42045708,0.5,-0.3,0.7
108.9893656839914,0.0015318474989432893,1.2884038759942988,59.99298588708888,102.4601710694082,25.005828398245352,30.0,266.5457384593915,109.09562796793546,111.0445915311081,0.000434467297,lianhua,42045708,0.5,-0.1,0.3
109.01593166591299,0.0014001811306458515,1.301121468117296,59.99298588708888,102.4601710694082,25.005828398245352,30.0,266.5457384593915,109.09562796793546,111.0445915311081,0.000434467297,lianhua,42045708,0.5,-0.1,0.5
109.07806471333664,0.00105285992351517,1.344904728298371,59.99298588708888,102.4601710694082,25.005828398245352,30.0,266.5457384593915,109.09562796793546,111.0445915311081,0.000434467297,lianhua,42045708,0.5,-0.1,0.7
109.05614767737143,0.0002545640974152787,1.6232466648936739,59.99298588708888,102.4601710694082,25.005828398245352,30.0,266.5457384593915,109.09562796793546,111.28032829225467,0.000434467297,lianhua,42045708,0.5,0.0,0.3
109.09112038107271,0.00022173319977313998,1.6433478517452054,59.99298588708888,102.4601710694082,25.005828398245352,30.0,266.5457384593915,109.09562796793546,111.28032829225467,0.000434467297,lianhua,42045708,0.5,0.0,0.5
109.1698407710919,0.00014425498061666314,1.710661608077963,59.99298588708888,102.4601710694082,25.005828398245352,30.0,266.5457384593915,109.09562796793546,111.28032829225467,0.000434467297,lianhua,42045708,0.5,0.0,0.7
109.09388230232106,4.809501730980881e-05,1.9364912776586587,59.99298588708888,102.4601710694082,25.005828398245352,30.0,266.5457384593915,109.09562796793546,111.51606505340123,0.000434467297,lianhua,42045708,0.5,0.1,0.3
109.13990150487906,3.752944704274637e-05,1.9752500658695418,59.99298588708888,102.4601710694082,25.005828398245352,30.0,266.5457384593915,109.09562796793546,111.51606505340123,0.000434467297,lianhua,42045708,0.5,0.1,0.5
109.24273217956488,1.7678367163281914e-05,2.098254654237045,59.99298588708888,102.4601710694082,25.005828398245352,30.0,266.5457384593915,109.09562796793546,111.51606505340123,0.000434467297,lianhua,42045708,0.5,0.1,0.7
109.13835475345046,2.082740493294931e-06,2.5273914979062306,59.99298588708888,102.4601710694082,25.005828398245352,30.0,266.5457384593915,109.09562796793546,111.98753857569437,0.000434467297,lianhua,42045708,0.5,0.3,0.3
109.21152250432611,1.0694803097106131e-06,2.6396129900656584,59.99298588708888,102.4601710694082,25.005828398245352,30.0,266.5457384593915,109.09562796793546,111.98753857569437,0.000434467297,lianhua,42045708,0.5,0.3,0.5
109.38064310540739,1.2269618336496085e-07,3.012318896488464,59.99298588708888,102.4601710694082,25.005828398245352,30.0,266.5457384593915,109.09562796793546,111.98753857569437,0.000434467297,lianhua,42045708,0.5,0.3,0.7
108.2009055906515,0.18488807974472674,0.4578298877515326,59.99298588708888,102.4601710694082,25.005828398245352,30.0,266.5457384593915,109.07353765563815,110.57311800881496,0.000434467297,lianhua,42045708,1.0,-0.3,0.3
108.31439361448192,0.14180738391692715,0.49777621553279905,59.99298588708888,102.4601710694082,25.005828398245352,30.0,266.5457384593915,109.07353765563815,110.57311800881496,0.000434467297,lianhua,42045708,1.0,-0.3,0.5
108.50482087204382,0.0834627517768722,0.5795512639881693,59.99298588708888,102.4601710694082,25.005828398245352,30.0,266.5457384593915,109.07353765563815,110.57311800881496,0.000434467297,lianhua,42045708,1.0,-0.3,0.7
108.95622525467546,0.0018614637634068103,1.2563331150997616,59.99298588708888,102.4601710694082,25.005828398245352,30.0,266.5457384593915,109.07353765563815,111.0445915311081,0.000434467297,lianhua,42045708,1.0,-0.1,0.3
108.98254463754995,0.0017223795674052441,1.2668663697702838,59.99298588708888,102.4601710694082,25.005828398245352,30.0,266.5457384593915,109.07353765563815,111.0445915311081,0.000434467297,lianhua,42045708,1.0,-0.1,0.5
109.04432417203827,0.0013340121661318328,1.3053490669821615,59.99298588708888,102.4601710694082,25.005828398245352,30.0,266.5457384593915,109.07353765563815,111.0445915311081,0.000434467297,lianhua,42045708,1.0,-0.1,0.7
109.0279554821338,0.0003141802886301982,1.5877866729256467,59.99298588708888,102.4601710694082,25.005828398245352,30.0,266.5457384593915,109.07353765563815,111.28032829225467,0.000434467297,lianhua,42045708,1.0,0.0,0.3
109.0627016926833,0.0002781689289696765,1.6049574193348888,59.99298588708888,102.4601710694082,25.005828398245352,30.0,266.5457384593915,109.07353765563815,111.28032829225467,0.000434467297,lianhua,42045708,1.0,0.0,0.5
109.14097493287262,0.00018868438643399865,1.6647756023376044,59.99298588708888,102.4601710694082,25.005828398245352,30.0,266.5457384593915,109.07353765563815,111.28032829225467,0.000434467297,lianhua,42045708,1.0,0.0,0.7
109.06810096203812,6.045607088131598e-05,1.8973893894924416,59.99298588708888,102.4601710694082,25.005828398245352,30.0,266.5457384593915,109.07353765563815,111.51606505340123,0.000434467297,lianhua,42045708,1.0,0.1,0.3
109.11391298624005,4.8236450239757346e-05,1.9321518855815814,59.99298588708888,102.4601710694082,25.005828398245352,30.0,266.5457384593915,109.07353765563815,111.51606505340123,0.000434467297,lianhua,42045708,1.0,0.1,0.5
109.21626946586825,2.4154515595676352e-05,2.044161201501412,59.99298588708888,102.4601710694082,25.005828398245352,30.0,266.5457384593915,109.07353765563815,111.51606505340123,0.000434467297,lianhua,42045708,1.0,0.1,0.7
109.11461210127321,2.7342120868111637e-06,2.480103599704185,59.99298588708888,102.4601710694082,25.005828398245352,30.0,266.5457384593915,109.07353765563815,111.98753857569437,0.000434467297,lianhua,42045708,1.0,0.3,0.3
109.18752063952257,1.4631420741980816e-06,2.5849200379128927,59.99298588708888,102.4601710694082,25.005828398245352,30.0,266.5457384593915,109.07353765563815,111.98753857569437,0.000434467297,lianhua,42045708,1.0,0.3,0.5
109.35688158749616,1.8892588278785015e-07,2.9363298750957374,59.99298588708888,102.4601710694082,25.005828398245352,30.0,266.5457384593915,109.07353765563815,111.98753857569437,0.000434467297,lianhua,42045708,1.0,0.3,0.7
108.32305539571611,0.14867740351242922,0.4874778577692802,59.99298588708888,102.4601710694082,25.005828398245352,30.0,266.5457384593915,109.09871608364988,110.57311800881496,0.000434467297,lianhua,42045708,2.0,-0.3,0.3
108.42500824571516,0.11336594708252769,0.5290581482197492,59.99298588708888,102.4601710694082,25.005828398245352,30.0,266.5457384593915,109.09871608364988,110.57311800881496,0.000434467297,lianhua,42045708,2.0,-0.3,0.5
108.59776972819532,0.06577532218966083,0.6143689444826501,59.99298588708888,102.4601710694082,25.005828398245352,30.0,266.5457384593915,109.09871608364988,110.57311800881496,0.000434467297,lianhua,42045708,2.0,-0.3,0.7
108.99394456163948,0.0014900365954474788,1.2929653127612037,59.99298588708888,102.4601710694082,25.005828398245352,30.0,266.5457384593915,109.09871608364988,111.0445915311081,0.000434467297,lianhua,42045708,2.0,-0.1,0.3
109.02053803403273,0.0013596341000297483,1.3059897539675143,59.99298588708888,102.4601710694082,25.005828398245352,30.0,266.5457384593915,109.09871608364988,111.0445915311081,0.000434467297,lianhua,42045708,2.0,-0.1,0.5
109.08271100066735,0.0010180597919836022,1.3505315926372397,59.99298588708888,102.4601710694082,25.005828398245352,30.0,266.5457384593915,109.09871608364988,111.0445915311081,0.000434467297,lianhua,42045708,2.0,-0.1,0.7
109.06005728067439,0.0002470704608272789,1.6282873024025353,59.99298588708888,102.4601710694082,25.005828398245352,30.0,266.5457384593915,109.09871608364988,111.28032829225467,0.000434467297,lianhua,42045708,2.0,0.0,0.3
109.09506010129832,0.00021469613411907658,1.6488142095573626,59.99298588708888,102.4601710694082,25.005828398245352,30.0,266.5457384593915,109.09871608364988,111.28032829225467,0.000434467297,lianhua,42045708,2.0,0.0,0.5
109.17385085170963,0.00013881186685258792,1.717243702249359,59.99298588708888,102.4601710694082,25.005828398245352,30.0,266.5457384593915,109.09871608364988,111.28032829225467,0.000434467297,lianhua,42045708,2.0,0.0,0.7
109.09746828560027,4.6553993025837286e-05,1.9420629426703029,59.99298588708888,102.4601710694082,25.005828398245352,30.0,266.5457384593915,109.09871608364988,111.51606505340123,0.000434467297,lianhua,42045708,2.0,0.1,0.3
109.14351860835853,3.62080223431366e-05,1.9814107996165973,59.99298588708888,102.4601710694082,25.005828398245352,30.0,266.5457384593915,109.09871608364988,111.51606505340123,0.000434467297,lianhua,42045708,2.0,0.1,0.5
109.24640008995995,1.6909882601857217e-05,2.105962877339756,59.99298588708888,102.4601710694082,25.005828398245352,30.0,266.5457384593915,109.09871608364988,111.51606505340123,0.000434467297,lianhua,42045708,2.0,0.1,0.7
109.1416638717976,2.0035976274846665e-06,2.5341260556240086,59.99298588708888,102.4601710694082,25.005828398245352,30.0,266.5457384593915,109.09871608364988,111.98753857569437,0.000434467297,lianhua,42045708,2.0,0.3,0.3
109.21486242433625,1.0228359757394777e-06,2.6473985468304435,59.99298588708888,102.4601710694082,25.005828398245352,30.0,266.5457384593915,109.09871608364988,111.98753857569437,0.000434467297,lianhua,42045708,2.0,0.3,0.5
109.38391695281399,1.1543980406277934e-07,3.0230546819958537,59.99298588708888,102.4601710694082,25.005828398245352,30.0,266.5457384593915,109.09871608364988,111.98753857569437,0.000434467297,lianhua,42045708,2.0,0.3,0.7
108.63331158855071,0.07514917209082264,0.5833661272316305,59.99298588708888,102.4601710694082,25.005828398245352,30.0,266.5457384593915,109.17518105064833,110.57311800881496,0.000434467297,lianhua,42045708,4.0,-0.3,0.3
108.707934319866,0.05615990223284255,0.6301828213885914,59.99298588708888,102.4601710694082,25.005828398245352,30.0,266.5457384593915,109.17518105064833,110.57311800881496,0.000434467297,lianhua,42045708,4.0,-0.3,0.5
108.83822573696433,0.031040596527641216,0.72694939176418,59.99298588708888,102.4601710694082,25.005828398245352,30.0,266.5457384593915,109.17518105064833,110.57311800881496,0.000434467297,lianhua,42045708,4.0,-0.3,0.7
109.10324720623323,0.0007254415648136811,1.4121892234218223,59.99298588708888,102.4601710694082,25.005828398245352,30.0,266.5457384593915,109.17518105064833,111.0445915311081,0.000434467297,lianhua,42045708,4.0,-0.1,0.3
109.13018681041929,0.0006326401388873023,1.433374392842793,59.99298588708888,102.4601710694082,25.005828398245352,30.0,266.5457384593915,109.17518105064833,111.0445915311081,0.000434467297,lianhua,42045708,4.0,-0.1,0.5
109.19254633829709,0.0004242206676128088,1.4978269103863378,59.99298588708888,102.4601710694082,25.005828398245352,30.0,266.5457384593915,109.17518105064833,111.0445915311081,0.000434467297,lianhua,42045708,4.0,-0.1,0.7
109.15459009605807,0.00011317583524021385,1.7604411247646898,59.99298588708888,102.4601710694082,25.005828398245352,30.0,266.5457384593915,109.17518105064833,111.28032829225467,0.000434467297,lianhua,42045708,4.0,0.0,0.3
109.19000089840034,9.24749845281714e-05,1.7920516307058678,59.99298588708888,102.4601710694082,25.005828398245352,30.0,266.5457384593915,109.17518105064833,111.28032829225467,0.000434467297,lianhua,42045708,4.0,0.0,0.5
109.26945816611892,5.1057647907043537e-05,1.8889401396880585,59.99298588708888,102.4601710694082,25.005828398245352,30.0,266.5457384593915,109.17518105064833,111.28032829225467,0.000434467297,lianhua,42045708,4.0,0.0,0.7
109.18476441606234,1.9861073023100708e-05,2.0881624163216825,59.99298588708888,102.4601710694082,25.005828398245352,30.0,266.5457384593915,109.17518105064833,111.51606505340123,0.000434467297,lianhua,42045708,4.0,0.1,0.3
109.23121981430705,1.419314619317581e-05,2.1427497595400493,59.99298588708888,102.4601710694082,25.005828398245352,30.0,266.5457384593915,109.17518105064833,111.51606505340123,0.000434467297,lianhua,42045708,4.0,0.1,0.5
109.33455743121695,5.286487609438027e-06,2.3080896085994453,59.99298588708888,102.4601710694082,25.005828398245352,30.0,266.5457384593915,109.17518105064833,111.51606505340123,0.000434467297,lianhua,42045708,4.0,0.1,0.7
109.2228539152083,7.236314540428488e-07,2.711451809524915,59.99298588708888,102.4601710694082,25.005828398245352,30.0,266.5457384593915,109.17518105064833,111.98753857569437,0.000434467297,lianhua,42045708,4.0,0.3,0.3
109.29650828771287,3.1609724320293637e-07,2.8527311914238536,59.99298588708888,102.4601710694082,25.005828398245352,30.0,266.5457384593915,109.17518105064833,111.98753857569437,0.000434467297,lianhua,42045708,4.0,0.3,0.5
108.851493238232,0.03962827335556242,0.6768732095012308,59.99298588708888,102.4601710694082,25.005828398245352,30.0,266.5457384593915,109.24302802019893,110.57311800881496,0.000434467297,lianhua,42045708,8.0,-0.3,0.3
108.90865843038458,0.029014185968705777,0.7286943819061202,59.99298588708888,102.4601710694082,25.005828398245352,30.0,266.5457384593915,109.24302802019893,110.57311800881496,0.000434467297,lianhua,42045708,8.0,-0.3,0.5
109.01127298357986,0.015265871662991905,0.8365731647124005,59.99298588708888,102.4601710694082,25.005828398245352,30.0,266.5457384593915,109.24302802019893,110.57311800881496,0.000434467297,lianhua,42045708,8.0,-0.3,0.7
109.19430553394764,0.00035938936481321804,1.5295066871230054,59.99298588708888,102.4601710694082,25.005828398245352,30.0,266.5457384593915,109.24302802019893,111.0445915311081,0.000434467297,lianhua,42045708,8.0,-0.1,0.3
109.22102279329705,0.00029986574341654075,1.5587229416406048,59.99298588708888,102.4601710694082,25.005828398245352,30.0,266.5457384593915,109.24302802019893,111.0445915311081,0.000434467297,lianhua,42045708,8.0,-0.1,0.5
109.28242711366848,0.00018054156526950407,1.6427689049516532,59.99298588708888,102.4601710694082,25.005828398245352,30.0,266.5457384593915,109.24302802019893,111.0445915311081,0.000434467297,lianhua,42045708,8.0,-0.1,0.7
109.23506862835795,5.2584731173302246e-05,1.8909302251111817,59.99298588708888,102.4601710694082,25.005828398245352,30.0,266.5457384593915,109.24302802019893,111.28032829225467,0.000434467297,lianhua,42045708,8.0,0.0,0.3
109.27038899034174,4.0429486789019286e-05,1.9335509460705094,59.99298588708888,102.4601710694082,25.005828398245352,30.0,266.5457384593915,109.24302802019893,111.28032829225467,0.000434467297,lianhua,42045708,8.0,0.0,0.5
109.34915272848502,1.9166431216846508e-05,2.0580529635769733,59.99298588708888,102.4601710694082,25.005828398245352,30.0,266.5457384593915,109.24302802019893,111.28032829225467,0.000434467297,lianhua,42045708,8.0,0.0,0.7
109.26002355218085,8.57387249499876e-06,2.232851348509473,59.99298588708888,102.4601710694082,25.005828398245352,30.0,266.5457384593915,109.24302802019893,111.51606505340123,0.000434467297,lianhua,42045708,8.0,0.1,0.3
109.30638896158118,5.632994000472486e-06,2.3026129511524185,59.99298588708888,102.4601710694082,25.005828398245352,30.0,266.5457384593915,109.24302802019893,111.51606505340123,0.000434467297,lianhua,42045708,8.0,0.1,0.5
109.4084005877665,1.6974586102858442e-06,2.506304925881186,59.99298588708888,102.4601710694082,25.005828398245352,30.0,266.5457384593915,109.24302802019893,111.51606505340123,0.000434467297,lianhua,42045708,8.0,0.1,0.7
109.2937168942285,2.6357957455032585e-07,2.8877829996702706,59.99298588708888,102.4601710694082,25.005828398245352,30.0,266.5457384593915,109.24302802019893,111.98753857569437,0.000434467297,lianhua,42045708,8.0,0.3,0.3
109.36705016932531,9.890176380961979e-08,3.056418689150299,59.99298588708888,102.4601710694082,25.005828398245352,30.0,266.5457384593915,109.24302802019893,111.98753857569437,0.000434467297,lianhua,42045708,8.0,0.3,0.5
221.31964557626574,0.0007982385505736248,1.5188502294051696,109.18861613393736,138.7656206643865,54.12722587585449,83.90336102108161,190.8550038844466,221.9868390833514,223.64798483747882,0.000414399222,liujiatun,42025877,0.5,-0.1,0.3
221.29594009955454,0.0009531178373612692,1.4865681980575152,109.18861613393736,138.7656206643865,54.12722587585449,83.90336102108161,190.8550038844466,221.9868390833514,223.64798483747882,0.000414399222,liujiatun,42025877,0.5,-0.1,0.5
221.24614252049088,0.0013475256749768518,1.4237982456431768,109.18861613393736,138.7656206643865,54.12722587585449,83.90336102108161,190.8550038844466,221.9868390833514,223.64798483747882,0.000414399222,liujiatun,42025877,0.5,-0.1,0.7
221.64599014473993,1.7628501197424595e-05,2.2286374924289043,109.18861613393736,138.7656206643865,54.12722587585449,83.90336102108161,190.8550038844466,221.9868390833514,223.84090889923266,0.000414399222,liujiatun,42025877,0.5,0.0,0.7
221.80153402735488,4.1819539208365963e-07,2.9412630042155947,109.18861613393736,138.7656206643865,54.12722587585449,83.90336102108161,190.8550038844466,221.9868390833514,224.0338329609865,0.000414399222,liujiatun,42025877,0.5,0.1,0.7
220.96372937174607,0.003011016532441722,1.2931642106556591,109.18861613393736,138.7656206643865,54.12722587585449,83.90336102108161,190.8550038844466,221.88967965691035,223.64798483747882,0.000414399222,liujiatun,42025877,1.0,-0.1,0.3
220.92723833831948,0.003616570159040735,1.260442242483158,109.18861613393736,138.7656206643865,54.12722587585449,83.90336102108161,190.8550038844466,221.88967965691035,223.64798483747882,0.000414399222,liujiatun,42025877,1.0,-0.1,0.5
221.51165757427398,2.176524818143403e-05,2.2040892298178036,109.18861613393736,138.7656206643865,54.12722587585449,83.90336102108161,190.8550038844466,221.88967965691035,223.84090889923266,0.000414399222,liujiatun,42025877,1.0,0.0,0.3
221.48680401151526,3.223563038408507e-05,2.1299701794342725,109.18861613393736,138.7656206643865,54.12722587585449,83.90336102108161,190.8550038844466,221.88967965691035,223.84090889923266,0.000414399222,liujiatun,42025877,1.0,0.0,0.5
221.42916313316857,7.164633289057302e-05,1.9799201154008468,109.18861613393736,138.7656206643865,54.12722587585449,83.90336102108161,190.8550038844466,221.88967965691035,223.84090889923266,0.000414399222,liujiatun,42025877,1.0,0.0,0.7
221.6881294850051,3.97302747322205e-07,2.9671756050103837,109.18861613393736,138.7656206643865,54.12722587585449,83.90336102108161,190.8550038844466,221.88967965691035,224.0338329609865,0.000414399222,liujiatun,42025877,1.0,0.1,0.3
221.67417316238408,6.519562549346173e-07,2.8718840721016625,109.18861613393736,138.7656206643865,54.12722587585449,83.90336102108161,190.8550038844466,221.88967965691035,224.0338329609865,0.000414399222,liujiatun,42025877,1.0,0.1,0.5
221.63891055212318,1.8621363321468702e-06,2.6706266553361764,109.18861613393736,138.7656206643865,54.12722587585449,83.90336102108161,190.8550038844466,221.88967965691035,224.0338329609865,0.000414399222,liujiatun,42025877,1.0,0.1,0.7
221.8068797232985,3.3438449526606023e-09,3.8874735391810944,109.18861613393736,138.7656206643865,54.12722587585449,83.90336102108161,190.8550038844466,221.88967965691035,224.41968108449416,0.000414399222,liujiatun,42025877,1.0,0.3,0.7
220.3503626787842,0.014758963110453596,1.029712881798559,109.18861613393736,138.7656206643865,54.12722587585449,83.90336102108161,190.8550038844466,221.76307771935893,223.64798483747882,0.000414399222,liujiatun,42025877,2.0,-0.1,0.3
221.2242036344953,0.00011152213682984537,1.9152048628092704,109.18861613393736,138.7656206643865,54.12722587585449,83.90336102108161,190.8550038844466,221.76307771935893,223.84090889923266,0.000414399222,liujiatun,42025877,2.0,0.0,0.3
221.18580171259683,0.0001663342862341386,1.840620172541004,109.18861613393736,138.7656206643865,54.12722587585449,83.90336102108161,190.8550038844466,221.76307771935893,223.84090889923266,0.000414399222,liujiatun,42025877,2.0,0.0,0.5
221.0961706860247,0.00037395803313282426,1.6903728457920957,109.18861613393736,138.7656206643865,54.12722587585449,83.90336102108161,190.8550038844466,221.76307771935893,223.84090889923266,0.000414399222,liujiatun,42025877,2.0,0.0,0.7
221.45697556238807,3.6942761345685755e-06,2.5585591978680906,109.18861613393736,138.7656206643865,54.12722587585449,83.90336102108161,190.8550038844466,221.76307771935893,224.0338329609865,0.000414399222,liujiatun,42025877,2.0,0.1,0.5
221.40327668443265,1.066221355142329e-05,2.3567208721676383,109.18861613393736,138.7656206643865,54.12722587585449,83.90336102108161,190.8550038844466,221.76307771935893,224.0338329609865,0.000414399222,liujiatun,42025877,2.0,0.1,0.7
221.65438081908837,3.897213398118034e-09,3.87856893017265,109.18861613393736,138.7656206643865,54.12722587585449,83.90336102108161,190.8550038844466,221.76307771935893,224.41968108449416,0.000414399222,liujiatun,42025877,2.0,0.3,0.3
221.65015741895232,6.796977495102344e-09,3.7700661142921805,109.18861613393736,138.7656206643865,54.12722587585449,83.90336102108161,190.8550038844466,221.76307771935893,224.41968108449416,0.000414399222,liujiatun,42025877,2.0,0.3,0.5
221.63455705492603,2.4124305974036822e-08,3.5237053175037194,109.18861613393736,138.7656206643865,54.12722587585449,83.90336102108161,190.8550038844466,221.76307771935893,224.41968108449416,0.000414399222,liujiatun,42025877,2.0,0.3,0.7
220.95106950066287,0.0003747644907157475,1.7033792287566278,109.18861613393736,138.7656206643865,54.12722587585449,83.90336102108161,190.8550038844466,221.6597514692557,223.84090889923266,0.000414399222,liujiatun,42025877,4.0,0.0,0.3
220.8967653947007,0.0005626027494572472,1.6284258272534844,109.18861613393736,138.7656206643865,54.12722587585449,83.90336102108161,190.8550038844466,221.6597514692557,223.84090889923266,0.000414399222,liujiatun,42025877,4.0,0.0,0.5
220.76875478285402,0.001279822872604765,1.4779466223394704,109.18861613393736,138.7656206643865,54.12722587585449,83.90336102108161,190.8550038844466,221.6597514692557,223.84090889923266,0.000414399222,liujiatun,42025877,4.0,0.0,0.7
221.29046566176623,7.972819247469339e-06,2.426062037081403,109.18861613393736,138.7656206643865,54.12722587585449,83.90336102108161,190.8550038844466,221.6597514692557,224.0338329609865,0.000414399222,liujiatun,42025877,4.0,0.1,0.3
221.2608242675926,1.3253493660062708e-05,2.3294441383612003,109.18861613393736,138.7656206643865,54.12722587585449,83.90336102108161,190.8550038844466,221.6597514692557,224.0338329609865,0.000414399222,liujiatun,42025877,4.0,0.1,0.5
221.1868196565566,3.86014788983794e-05,2.127210256377577,109.18861613393736,138.7656206643865,54.12722587585449,83.90336102108161,190.8550038844466,221.6597514692557,224.0338329609865,0.000414399222,liujiatun,42025877,4.0,0.1,0.7
221.51704916050895,1.5986219224898804e-08,3.619073767606321,109.18861613393736,138.7656206643865,54.12722587585449,83.90336102108161,190.8550038844466,221.6597514692557,224.41968108449416,0.000414399222,liujiatun,42025877,4.0,0.3,0.3
221.50943270506215,2.818958524140973e-08,3.508754966616883,109.18861613393736,138.7656206643865,54.12722587585449,83.90336102108161,190.8550038844466,221.6597514692557,224.41968108449416,0.000414399222,liujiatun,42025877,4.0,0.3,0.5
221.48509542324845,1.0192009662935908e-07,3.2595884506484234,109.18861613393736,138.7656206643865,54.12722587585449,83.90336102108161,190.8550038844466,221.6597514692557,224.41968108449416,0.000414399222,liujiatun,42025877,4.0,0.3,0.7
219.38802845376873,0.07402766742629503,0.7711739995972461,109.18861613393736,138.7656206643865,54.12722587585449,83.90336102108161,190.8550038844466,221.64246147666896,223.64798483747882,0.000414399222,liujiatun,42025877,8.0,-0.1,0.5
220.90132039493213,0.000454848308480658,1.669763697424226,109.18861613393736,138.7656206643865,54.12722587585449,83.90336102108161,190.8550038844466,221.64246147666896,223.84090889923266,0.000414399222,liujiatun,42025877,8.0,0.0,0.3
220.84379591297633,0.0006836254245565085,1.5947492921782345,109.18861613393736,138.7656206643865,54.12722587585449,83.90336102108161,190.8550038844466,221.64246147666896,223.84090889923266,0.000414399222,liujiatun,42025877,8.0,0.0,0.5
220.70790471548082,0.001558619650017273,1.4442201360040126,109.18861613393736,138.7656206643865,54.12722587585449,83.90336102108161,190.8550038844466,221.64246147666896,223.84090889923266,0.000414399222,liujiatun,42025877,8.0,0.0,0.7
221.25733457205672,9.76059322659008e-06,2.389835187274246,109.18861613393736,138.7656206643865,54.12722587585449,83.90336102108161,190.8550038844466,221.64246147666896,224.0338329609865,0.000414399222,liujiatun,42025877,8.0,0.1,0.3
221.22611250369886,1.624097747288796e-05,2.293134396710254,109.18861613393736,138.7656206643865,54.12722587585449,83.90336102108161,190.8550038844466,221.64246147666896,224.0338329609865,0.000414399222,liujiatun,42025877,8.0,0.1,0.5
221.1481395505366,4.7379436141690304e-05,2.0908349681231746,109.18861613393736,138.7656206643865,54.12722587585449,83.90336102108161,190.8550038844466,221.64246147666896,224.0338329609865,0.000414399222,liujiatun,42025877,8.0,0.1,0.7
221.48520618649562,3.5314732165407075e-08,3.467443583635707,109.18861613393736,138.7656206643865,54.12722587585449,83.90336102108161,190.8550038844466,221.64246147666896,224.41968108449416,0.000414399222,liujiatun,42025877,8.0,0.3,0.5
221.45922540845433,1.2804017407100904e-07,3.217869689779831,109.18861613393736,138.7656206643865,54.12722587585449,83.90336102108161,190.8550038844466,221.64246147666896,224.41968108449416,0.000414399222,liujiatun,42025877,8.0,0.3,0.7
270.4755213330393,2.053958823641126e-06,2.6496122749756457,97.87376555478869,121.16438548961924,48.911058842052114,87.75869011075389,153.84119564540134,270.75557574109996,271.8266096502306,0.000406657892,shihuiyao,42020496,1.0,0.1,0.3
270.3406945238377,4.274174137741214e-05,2.058804048748427,97.87376555478869,121.16438548961924,48.911058842052114,87.75869011075389,153.84119564540134,270.75557574109996,271.8266096502306,0.000406657892,shihuiyao,42020496,1.0,0.1,0.5
270.0084124714436,0.001753628557749963,1.3574129501252337,97.87376555478869,121.16438548961924,48.911058842052114,87.75869011075389,153.84119564540134,270.75557574109996,271.8266096502306,0.000406657892,shihuiyao,42020496,1.0,0.1,0.7
269.85497834200964,0.000925106186037266,1.5130621131561846,97.87376555478869,121.16438548961924,48.911058842052114,87.75869011075389,153.84119564540134,270.6249701844113,272.16563943184946,0.000406657892,shihuiyao,42020496,2.0,0.3,0.7
270.00721246420477,5.889207036285355e-06,2.5288803391443886,97.87376555478869,121.16438548961924,48.911058842052114,87.75869011075389,153.84119564540134,270.46915490244027,272.16563943184946,0.000406657892,shihuiyao,42020496,4.0,0.3,0.3
269.44889339266325,0.0013126345423746294,1.4933206846025224,97.87376555478869,121.16438548961924,48.911058842052114,87.75869011075389,153.84119564540134,270.46915490244027,272.16563943184946,0.000406657892,shihuiyao,42020496,4.0,0.3,0.5
372.3262208808352,0.0006654891364325003,1.2128905323358063,56.03165578967557,191.07216470957,24.0091928135265,52.88217186069326,317.3307374901565,372.40878119864067,372.96584165848253,0.001154452985,tonghua,42060702,0.5,-0.3,0.3
372.38729153369707,5.636659274128216e-06,2.0446842979838946,56.03165578967557,191.07216470957,24.0091928135265,52.88217186069326,317.3307374901565,372.40878119864067,372.96584165848253,0.001154452985,tonghua,42060702,0.5,-0.3,0.5
372.39559905964967,2.2715484480734486e-08,3.024486553745931,56.03165578967557,191.07216470957,24.0091928135265,52.88217186069326,317.3307374901565,372.40878119864067,372.96584165848253,0.001154452985,tonghua,42060702,0.5,-0.3,0.7
372.3146467038482,0.0007581751627301972,1.1930315886671337,56.03165578967557,191.07216470957,24.0091928135265,52.88217186069326,317.3307374901565,372.4015308728001,372.96584165848253,0.001154452985,tonghua,42060702,1.0,-0.3,0.3
372.3790235213351,6.571982551747031e-06,2.0199941738221803,56.03165578967557,191.07216470957,24.0091928135265,52.88217186069326,317.3307374901565,372.4015308728001,372.96584165848253,0.001154452985,tonghua,42060702,1.0,-0.3,0.5
372.3883101307907,2.7394703602140025e-08,2.993495382537004,56.03165578967557,191.07216470957,24.0091928135265,52.88217186069326,317.3307374901565,372.4015308728001,372.96584165848253,0.001154452985,tonghua,42060702,1.0,-0.3,0.7
372.34309318311875,0.0005459462405453776,1.2431338604837414,56.03165578967557,191.07216470957,24.0091928135265,52.88217186069326,317.3307374901565,372.4195268926077,372.96584165848253,0.001154452985,tonghua,42060702,2.0,-0.3,0.3
372.39947560713824,4.461254392083192e-06,2.0823520207421415,56.03165578967557,191.07216470957,24.0091928135265,52.88217186069326,317.3307374901565,372.4195268926077,372.96584165848253,0.001154452985,tonghua,42060702,2.0,-0.3,0.5
372.4063642643165,1.7113538722864986e-08,3.071367743061199,56.03165578967557,191.07216470957,24.0091928135265,52.88217186069326,317.3307374901565,372.4195268926077,372.96584165848253,0.001154452985,tonghua,42060702,2.0,-0.3,0.7
372.4054432088629,0.00024108979146613964,1.3688411460174807,56.03165578967557,191.07216470957,24.0091928135265,52.88217186069326,317.3307374901565,372.4612959456935,372.96584165848253,0.001154452985,tonghua,42060702,4.0,-0.3,0.3
372.4459593096382,1.6881656946569296e-06,2.2393809381556466,56.03165578967557,191.07216470957,24.0091928135265,52.88217186069326,317.3307374901565,372.4612959456935,372.96584165848253,0.001154452985,tonghua,42060702,4.0,-0.3,0.5
372.44783147149116,5.2880337814789736e-09,3.2661673959866313,56.03165578967557,191.07216470957,24.0091928135265,52.88217186069326,317.3307374901565,372.4612959456935,372.96584165848253,0.001154452985,tonghua,42060702,4.0,-0.3,0.7
372.4535517566292,0.00011462213869104885,1.484295734874595,56.03165578967557,191.07216470957,24.0091928135265,52.88217186069326,317.3307374901565,372.4958126178129,372.96584165848253,0.001154452985,tonghua,42060702,8.0,-0.3,0.3
372.4834072949077,6.937344389753735e-07,2.3837334859904327,56.03165578967557,191.07216470957,24.0091928135265,52.88217186069326,317.3307374901565,372.4958126178129,372.96584165848253,0.001154452985,tonghua,42060702,8.0,-0.3,0.5
372.48162797200973,1.8197606200714322e-09,3.4435622360513722,56.03165578967557,191.07216470957,24.0091928135265,52.88217186069326,317.3307374901565,372.4958126178129,372.96584165848253,0.001154452985,tonghua,42060702,8.0,-0.3,0.7
126.18262916093491,6.630906993648884e-07,2.5827540142143377,639.9388042705331,282.043671149088,280.2612476348877,163.99936104241476,438.74118437903496,126.51123193540015,130.6074495205911,7.8805377e-05,fuyu,42047860,0.5,-0.1,0.5
126.2222791130898,5.453657197955176e-07,2.6133807371215783,639.9388042705331,282.043671149088,280.2612476348877,163.99936104241476,438.74118437903496,126.51123193540015,130.6074495205911,7.8805377e-05,fuyu,42047860,0.5,-0.1,0.7
126.31951097218929,3.0839842189844654e-08,3.0933671826147204,639.9388042705331,282.043671149088,280.2612476348877,163.99936104241476,438.74118437903496,126.51123193540015,130.92534862782466,7.8805377e-05,fuyu,42047860,0.5,0.0,0.5
124.24709831013243,0.008112045320271337,1.0783827502490133,639.9388042705331,282.043671149088,280.2612476348877,163.99936104241476,438.74118437903496,126.22832868046613,129.97165130612402,7.8805377e-05,fuyu,42047860,1.0,-0.3,0.3
124.33137265098337,0.006716074486514396,1.1073262981924492,639.9388042705331,282.043671149088,280.2612476348877,163.99936104241476,438.74118437903496,126.22832868046613,129.97165130612402,7.8805377e-05,fuyu,42047860,1.0,-0.3,0.5
124.50030420610953,0.004486472846399494,1.1693878201582315,639.9388042705331,282.043671149088,280.2612476348877,163.99936104241476,438.74118437903496,126.22832868046613,129.97165130612402,7.8805377e-05,fuyu,42047860,1.0,-0.3,0.7
125.71932489294207,5.250596211652294e-06,2.2588048875965567,639.9388042705331,282.043671149088,280.2612476348877,163.99936104241476,438.74118437903496,126.22832868046613,130.6074495205911,7.8805377e-05,fuyu,42047860,1.0,-0.1,0.5
125.75637573949929,4.820060887592526e-06,2.27132601082498,639.9388042705331,282.043671149088,280.2612476348877,163.99936104241476,438.74118437903496,126.22832868046613,130.6074495205911,7.8805377e-05,fuyu,42047860,1.0,-0.1,0.7
125.92236670763164,2.6881929124551363e-07,2.75086880521509,639.9388042705331,282.043671149088,280.2612476348877,163.99936104241476,438.74118437903496,126.22832868046613,130.92534862782466,7.8805377e-05,fuyu,42047860,1.0,0.0,0.5
126.01896307499918,1.8590040504214076e-08,3.1973017193255395,639.9388042705331,282.043671149088,280.2612476348877,163.99936104241476,438.74118437903496,126.22832868046613,131.24324773505822,7.8805377e-05,fuyu,42047860,1.0,0.1,0.3
122.71747801289122,0.042835869814002135,0.844267393518493,639.9388042705331,282.043671149088,280.2612476348877,163.99936104241476,438.74118437903496,125.87487749979492,129.97165130612402,7.8805377e-05,fuyu,42047860,2.0,-0.3,0.7
125.03889176796179,4.822537778202404e-05,1.9157959809952598,639.9388042705331,282.043671149088,280.2612476348877,163.99936104241476,438.74118437903496,125.87487749979492,130.6074495205911,7.8805377e-05,fuyu,42047860,2.0,-0.1,0.3
125.0490111292173,4.933007912695028e-05,1.9115187100102111,639.9388042705331,282.043671149088,280.2612476348877,163.99936104241476,438.74118437903496,125.87487749979492,130.6074495205911,7.8805377e-05,fuyu,42047860,2.0,-0.1,0.5
125.07427803678985,5.1132962200760865e-05,1.9043320031650386,639.9388042705331,282.043671149088,280.2612476348877,163.99936104241476,438.74118437903496,125.87487749979492,130.6074495205911,7.8805377e-05,fuyu,42047860,2.0,-0.1,0.7
125.35740062779989,2.682458282191214e-06,2.3905492731760556,639.9388042705331,282.043671149088,280.2612476348877,163.99936104241476,438.74118437903496,125.87487749979492,130.92534862782466,7.8805377e-05,fuyu,42047860,2.0,0.0,0.3
125.37171681503811,2.7662508540715335e-06,2.38466669105075,639.9388042705331,282.043671149088,280.2612476348877,163.99936104241476,438.74118437903496,125.87487749979492,130.92534862782466,7.8805377e-05,fuyu,42047860,2.0,0.0,0.5
125.40537335896038,2.923045309881156e-06,2.373733326804649,639.9388042705331,282.043671149088,280.2612476348877,163.99936104241476,438.74118437903496,125.87487749979492,130.92534862782466,7.8805377e-05,fuyu,42047860,2.0,0.0,0.7
125.5350382186972,1.9868283130871863e-07,2.8223808418569605,639.9388042705331,282.043671149088,280.2612476348877,163.99936104241476,438.74118437903496,125.87487749979492,131.24324773505822,7.8805377e-05,fuyu,42047860,2.0,0.1,0.3
125.55475199431314,2.0245439117849116e-07,2.8182228960168687,639.9388042705331,282.043671149088,280.2612476348877,163.99936104241476,438.74118437903496,125.87487749979492,131.24324773505822,7.8805377e-05,fuyu,42047860,2.0,0.1,0.5
125.6003078072972,2.0815325772578397e-07,2.811246713757468,639.9388042705331,282.043671149088,280.2612476348877,163.99936104241476,438.74118437903496,125.87487749979492,131.24324773505822,7.8805377e-05,fuyu,42047860,2.0,0.1,0.7
124.4719060771766,0.00019938768952735417,1.698391876059365,639.9388042705331,282.043671149088,280.2612476348877,163.99936104241476,438.74118437903496,125.61562043259688,130.6074495205911,7.8805377e-05,fuyu,42047860,4.0,-0.1,0.3
124.47380249974731,0.00021120838191047926,1.6885627666422935,639.9388042705331,282.043671149088,280.2612476348877,163.99936104241476,438.74118437903496,125.61562043259688,130.6074495205911,7.8805377e-05,fuyu,42047860,4.0,-0.1,0.5
124.48066976257881,0.00023714354001078426,1.6686794859183611,639.9388042705331,282.043671149088,280.2612476348877,163.99936104241476,438.74118437903496,125.61562043259688,130.6074495205911,7.8805377e-05,fuyu,42047860,4.0,-0.1,0.7
124.91158891833852,1.1643088191553427e-05,2.1618767244747414,639.9388042705331,282.043671149088,280.2612476348877,163.99936104241476,438.74118437903496,125.61562043259688,130.92534862782466,7.8805377e-05,fuyu,42047860,4.0,0.0,0.3
124.92067482123858,1.244878528600398e-05,2.150168734034384,639.9388042705331,282.043671149088,280.2612476348877,163.99936104241476,438.74118437903496,125.61562043259688,130.92534862782466,7.8805377e-05,fuyu,42047860,4.0,0.0,0.5
124.9421270229981,1.4320964405878038e-05,2.125547095848782,639.9388042705331,282.043671149088,280.2612476348877,163.99936104241476,438.74118437903496,125.61562043259688,130.92534862782466,7.8805377e-05,fuyu,42047860,4.0,0.0,0.7
125.15106433994967,9.114061292135872e-07,2.5826578923915395,639.9388042705331,282.043671149088,280.2612476348877,163.99936104241476,438.74118437903496,125.61562043259688,131.24324773505822,7.8805377e-05,fuyu,42047860,4.0,0.1,0.3
125.16729038305878,9.650125274129803e-07,2.572266490186069,639.9388042705331,282.043671149088,280.2612476348877,163.99936104241476,438.74118437903496,125.61562043259688,131.24324773505822,7.8805377e-05,fuyu,42047860,4.0,0.1,0.5
125.20449367710297,1.0877208408536343e-06,2.5503466082911967,639.9388042705331,282.043671149088,280.2612476348877,163.99936104241476,438.74118437903496,125.61562043259688,131.24324773505822,7.8805377e-05,fuyu,42047860,4.0,0.1,0.7
125.39163072380477,1.0343263596185792e-08,3.3290673182449853,639.9388042705331,282.043671149088,280.2612476348877,163.99936104241476,438.74118437903496,125.61562043259688,131.8790459495253,7.8805377e-05,fuyu,42047860,4.0,0.3,0.3
125.41976987126621,1.0421245054379909e-08,3.3264653423757844,639.9388042705331,282.043671149088,280.2612476348877,163.99936104241476,438.74118437903496,125.61562043259688,131.8790459495253,7.8805377e-05,fuyu,42047860,4.0,0.3,0.5
124.45491767800796,0.00020706121030269174,1.69263825797008,639.9388042705331,282.043671149088,280.2612476348877,163.99936104241476,438.74118437903496,125.60837723733161,130.6074495205911,7.8805377e-05,fuyu,42047860,8.0,-0.1,0.3
124.45651289573594,0.00021954355630076852,1.6826611845149664,639.9388042705331,282.043671149088,280.2612476348877,163.99936104241476,438.74118437903496,125.60837723733161,130.6074495205911,7.8805377e-05,fuyu,42047860,8.0,-0.1,0.5
124.46270394089038,0.00024702781336018387,1.6624435941042612,639.9388042705331,282.043671149088,280.2612476348877,163.99936104241476,438.74118437903496,125.60837723733161,130.6074495205911,7.8805377e-05,fuyu,42047860,8.0,-0.1,0.7
124.89851189780126,1.210544380820825e-05,2.155831794753768,639.9388042705331,282.043671149088,280.2612476348877,163.99936104241476,438.74118437903496,125.60837723733161,130.92534862782466,7.8805377e-05,fuyu,42047860,8.0,0.0,0.3
124.90741196418723,1.2955756390654089e-05,2.1439678274670095,639.9388042705331,282.043671149088,280.2612476348877,163.99936104241476,438.74118437903496,125.60837723733161,130.92534862782466,7.8805377e-05,fuyu,42047860,8.0,0.0,0.5
124.92843779304265,1.4937320895277979e-05,2.11899096175278,639.9388042705331,282.043671149088,280.2612476348877,163.99936104241476,438.74118437903496,125.60837723733161,130.92534862782466,7.8805377e-05,fuyu,42047860,8.0,0.0,0.7
125.13994154759249,9.489287407584783e-07,2.5763251595056222,639.9388042705331,282.043671149088,280.2612476348877,163.99936104241476,438.74118437903496,125.60837723733161,131.24324773505822,7.8805377e-05,fuyu,42047860,8.0,0.1,0.3
125.15604813783082,1.0057531693118456e-06,2.565770982606481,639.9388042705331,282.043671149088,280.2612476348877,163.99936104241476,438.74118437903496,125.60837723733161,131.24324773505822,7.8805377e-05,fuyu,42047860,8.0,0.1,0.5
125.19296257314267,1.136391165231948e-06,2.5434591618334705,639.9388042705331,282.043671149088,280.2612476348877,163.99936104241476,438.74118437903496,125.60837723733161,131.24324773505822,7.8805377e-05,fuyu,42047860,8.0,0.1,0.7
125.3823548069602,1.0801481901863173e-08,3.32217596436022,639.9388042705331,282.043671149088,280.2612476348877,163.99936104241476,438.74118437903496,125.60837723733161,131.8790459495253,7.8805377e-05,fuyu,42047860,8.0,0.3,0.3
125.41042743571435,1.0895943759241814e-08,3.319378422129702,639.9388042705331,282.043671149088,280.2612476348877,163.99936104241476,438.74118437903496,125.60837723733161,131.8790459495253,7.8805377e-05,fuyu,42047860,8.0,0.3,0.5
125.47497859456722,1.0951754244374985e-08,3.3154254952949618,639.9388042705331,282.043671149088,280.2612476348877,163.99936104241476,438.74118437903496,125.60837723733161,131.8790459495253,7.8805377e-05,fuyu,42047860,8.0,0.3,0.7
166.5204046219444,0.1869658721413431,0.5490331472615854,216.75750047520543,194.91292406124347,178.57594299316406,30.0,388.9070067346819,167.73196463166977,171.44476478423118,0.000721642985,humaqiao,42012937,0.5,0.0,0.3
166.57720501741926,0.16817655909571666,0.565488497901763,216.75750047520543,194.91292406124347,178.57594299316406,30.0,388.9070067346819,167.73196463166977,171.44476478423118,0.000721642985,humaqiao,42012937,0.5,0.0,0.5
167.1294730640965,0.040199879879043325,0.7954580937464412,216.75750047520543,194.91292406124347,178.57594299316406,30.0,388.9070067346819,167.73196463166977,171.7404786760154,0.000721642985,humaqiao,42012937,0.5,0.1,0.3
167.13608936398896,0.03897131748644791,0.8006839657992563,216.75750047520543,194.91292406124347,178.57594299316406,30.0,388.9070067346819,167.73196463166977,171.7404786760154,0.000721642985,humaqiao,42012937,0.5,0.1,0.5
167.51432541514674,0.00363866643760558,1.2051611644054527,216.75750047520543,194.91292406124347,178.57594299316406,30.0,388.9070067346819,167.73196463166977,172.33190645958385,0.000721642985,humaqiao,42012937,0.5,0.3,0.3
167.51379497842225,0.003751387267817164,1.199716199241353,216.75750047520543,194.91292406124347,178.57594299316406,30.0,388.9070067346819,167.73196463166977,172.33190645958385,0.000721642985,humaqiao,42012937,0.5,0.3,0.5
167.51225088915206,0.004009228253802806,1.1878754835954655,216.75750047520543,194.91292406124347,178.57594299316406,30.0,388.9070067346819,167.73196463166977,172.33190645958385,0.000721642985,humaqiao,42012937,0.5,0.3,0.7
165.0164034569403,1.0323301969982028,0.2995163123922106,216.75750047520543,194.91292406124347,178.57594299316406,30.0,388.9070067346819,167.87750185390385,171.14905089244695,0.000721642985,humaqiao,42012937,1.0,-0.1,0.3
165.43312123473694,0.7774802457392826,0.33624626084432596,216.75750047520543,194.91292406124347,178.57594299316406,30.0,388.9070067346819,167.87750185390385,171.14905089244695,0.000721642985,humaqiao,42012937,1.0,-0.1,0.5
166.0066176341316,0.46754369090747266,0.4060403556408883,216.75750047520543,194.91292406124347,178.57594299316406,30.0,388.9070067346819,167.87750185390385,171.14905089244695,0.000721642985,humaqiao,42012937,1.0,-0.1,0.7
166.89583987667126,0.12709593374833347,0.6005096452773525,216.75750047520543,194.91292406124347,178.57594299316406,30.0,388.9070067346819,167.87750185390385,171.44476478423118,0.000721642985,humaqiao,42012937,1.0,0.0,0.3
166.94021818407109,0.1142810480839067,0.617388584464966,216.75750047520543,194.91292406124347,178.57594299316406,30.0,388.9070067346819,167.87750185390385,171.44476478423118,0.000721642985,humaqiao,42012937,1.0,0.0,0.5
167.01980678788644,0.09266781927833834,0.6510109808921752,216.75750047520543,194.91292406124347,178.57594299316406,30.0,388.9070067346819,167.87750185390385,171.44476478423118,0.000721642985,humaqiao,42012937,1.0,0.0,0.7
167.3843677954519,0.02714705556960144,0.8517859291200344,216.75750047520543,194.91292406124347,178.57594299316406,30.0,388.9070067346819,167.87750185390385,171.7404786760154,0.000721642985,humaqiao,42012937,1.0,0.1,0.3
167.3896514638299,0.026260353250141918,0.8574495931132269,216.75750047520543,194.91292406124347,178.57594299316406,30.0,388.9070067346819,167.87750185390385,171.7404786760154,0.000721642985,humaqiao,42012937,1.0,0.1,0.5
167.39994927800146,0.0245323333781116,0.8690877484327405,216.75750047520543,194.91292406124347,178.57594299316406,30.0,388.9070067346819,167.87750185390385,171.7404786760154,0.000721642985,humaqiao,42012937,1.0,0.1,0.7
167.7006328021848,0.0023713466955306082,1.2703676320666477,216.75750047520543,194.91292406124347,178.57594299316406,30.0,388.9070067346819,167.87750185390385,172.33190645958385,0.000721642985,humaqiao,42012937,1.0,0.3,0.3
167.70070436439005,0.0024361962185503803,1.2655204741154193,216.75750047520543,194.91292406124347,178.57594299316406,30.0,388.9070067346819,167.87750185390385,172.33190645958385,0.000721642985,humaqiao,42012937,1.0,0.3,0.5
167.7005313310657,0.0025841534279870773,1.2549486816616313,216.75750047520543,194.91292406124347,178.57594299316406,30.0,388.9070067346819,167.87750185390385,172.33190645958385,0.000721642985,humaqiao,42012937,1.0,0.3,0.7
166.33950001760212,0.47789042754921657,0.3881109480650843,216.75750047520543,194.91292406124347,178.57594299316406,30.0,388.9070067346819,168.130726464594,171.14905089244695,0.000721642985,humaqiao,42012937,2.0,-0.1,0.3
166.56592742550768,0.3666635926389838,0.4256577984566999,216.75750047520543,194.91292406124347,178.57594299316406,30.0,388.9070067346819,168.130726464594,171.14905089244695,0.000721642985,humaqiao,42012937,2.0,-0.1,0.5
166.89455820529724,0.22549369147754353,0.4973475312215302,216.75750047520543,194.91292406124347,178.57594299316406,30.0,388.9070067346819,168.130726464594,171.14905089244695,0.000721642985,humaqiao,42012937,2.0,-0.1,0.7
167.46263594278528,0.06168131185714119,0.6995204430112887,216.75750047520543,194.91292406124347,178.57594299316406,30.0,388.9070067346819,168.130726464594,171.44476478423118,0.000721642985,humaqiao,42012937,2.0,0.0,0.3
167.49059475613862,0.05541076823274317,0.7171304817991825,216.75750047520543,194.91292406124347,178.57594299316406,30.0,388.9070067346819,168.130726464594,171.44476478423118,0.000721642985,humaqiao,42012937,2.0,0.0,0.5
167.54066290166327,0.0447952348061692,0.7523461593034524,216.75750047520543,194.91292406124347,178.57594299316406,30.0,388.9070067346819,168.130726464594,171.44476478423118,0.000721642985,humaqiao,42012937,2.0,0.0,0.7
167.79142431236886,0.0128809914692843,0.960407952518499,216.75750047520543,194.91292406124347,178.57594299316406,30.0,388.9070067346819,168.130726464594,171.7404786760154,0.000721642985,humaqiao,42012937,2.0,0.1,0.3
167.79444152574695,0.012415667099260314,0.9668198362015674,216.75750047520543,194.91292406124347,178.57594299316406,30.0,388.9070067346819,168.130726464594,171.7404786760154,0.000721642985,humaqiao,42012937,2.0,0.1,0.5
167.8000980819765,0.011511344738249678,0.9800343108316134,216.75750047520543,194.91292406124347,178.57594299316406,30.0,388.9070067346819,168.130726464594,171.7404786760154,0.000721642985,humaqiao,42012937,2.0,0.1,0.7
168.01146744803978,0.0010426872263252385,1.396546254919074,216.75750047520543,194.91292406124347,178.57594299316406,30.0,388.9070067346819,168.130726464594,172.33190645958385,0.000721642985,humaqiao,42012937,2.0,0.3,0.3
168.01206044462324,0.0010646546175463747,1.3927626382721505,216.75750047520543,194.91292406124347,178.57594299316406,30.0,388.9070067346819,168.130726464594,172.33190645958385,0.000721642985,humaqiao,42012937,2.0,0.3,0.5
168.0131013907119,0.0011146397805165318,1.3844552679467352,216.75750047520543,194.91292406124347,178.57594299316406,30.0,388.9070067346819,168.130726464594,172.33190645958385,0.000721642985,humaqiao,42012937,2.0,0.3,0.7
167.22215412811224,0.22117225928322057,0.48350279429097015,216.75750047520543,194.91292406124347,178.57594299316406,30.0,388.9070067346819,168.37000778711172,171.14905089244695,0.000721642985,humaqiao,42012937,4.0,-0.1,0.3
167.35136006857903,0.17166010220016018,0.5218190651990737,216.75750047520543,194.91292406124347,178.57594299316406,30.0,388.9070067346819,168.37000778711172,171.14905089244695,0.000721642985,humaqiao,42012937,4.0,-0.1,0.5
167.5451269779582,0.10704300488247476,0.5952917830242782,216.75750047520543,194.91292406124347,178.57594299316406,30.0,388.9070067346819,168.37000778711172,171.14905089244695,0.000721642985,humaqiao,42012937,4.0,-0.1,0.7
167.91903911071256,0.028854447328881355,0.8066006786189912,216.75750047520543,194.91292406124347,178.57594299316406,30.0,388.9070067346819,168.37000778711172,171.44476478423118,0.000721642985,humaqiao,42012937,4.0,0.0,0.3
167.93581179247582,0.025899590733455068,0.824849934094679,216.75750047520543,194.91292406124347,178.57594299316406,30.0,388.9070067346819,168.37000778711172,171.44476478423118,0.000721642985,humaqiao,42012937,4.0,0.0,0.5
167.9653873343093,0.020882589585027485,0.8614691995955588,216.75750047520543,194.91292406124347,178.57594299316406,30.0,388.9070067346819,168.37000778711172,171.44476478423118,0.000721642985,humaqiao,42012937,4.0,0.0,0.7
168.1402507654613,0.0058171601375248475,1.078265820051735,216.75750047520543,194.91292406124347,178.57594299316406,30.0,388.9070067346819,168.37000778711172,171.7404786760154,0.000721642985,humaqiao,42012937,4.0,0.1,0.3
168.1411800323783,0.005591112170771646,1.0853165620196192,216.75750047520543,194.91292406124347,178.57594299316406,30.0,388.9070067346819,168.37000778711172,171.7404786760154,0.000721642985,humaqiao,42012937,4.0,0.1,0.5
168.14250286497736,0.005153048944654223,1.0998756639975997,216.75750047520543,194.91292406124347,178.57594299316406,30.0,388.9070067346819,168.37000778711172,171.7404786760154,0.000721642985,humaqiao,42012937,4.0,0.1,0.7
168.29154808221992,0.00042970418106489674,1.5340086893905729,216.75750047520543,194.91292406124347,178.57594299316406,30.0,388.9070067346819,168.37000778711172,172.33190645958385,0.000721642985,humaqiao,42012937,4.0,0.3,0.3
168.29207663277242,0.0004363783633017488,1.5312015532833567,216.75750047520543,194.91292406124347,178.57594299316406,30.0,388.9070067346819,168.37000778711172,172.33190645958385,0.000721642985,humaqiao,42012937,4.0,0.3,0.5
168.29302335870236,0.00045160072253761684,1.524975017823053,216.75750047520543,194.91292406124347,178.57594299316406,30.0,388.9070067346819,168.37000778711172,172.33190645958385,0.000721642985,humaqiao,42012937,4.0,0.3,0.7
167.62747243418582,0.13754601239611927,0.5450047504352221,216.75750047520543,194.91292406124347,178.57594299316406,30.0,388.9070067346819,168.5082372422416,171.14905089244695,0.000721642985,humaqiao,42012937,8.0,-0.1,0.3
167.720341330157,0.10729462736342585,0.5837407999320499,216.75750047520543,194.91292406124347,178.57594299316406,30.0,388.9070067346819,168.5082372422416,171.14905089244695,0.000721642985,humaqiao,42012937,8.0,-0.1,0.5
167.86122442355054,0.06731923576788536,0.6581827141682247,216.75750047520543,194.91292406124347,178.57594299316406,30.0,388.9070067346819,168.5082372422416,171.14905089244695,0.000721642985,humaqiao,42012937,8.0,-0.1,0.7
168.15489344668245,0.01781844541822181,0.8758814123486636,216.75750047520543,194.91292406124347,178.57594299316406,30.0,388.9070067346819,168.5082372422416,171.44476478423118,0.000721642985,humaqiao,42012937,8.0,0.0,0.3
168.16658860251036,0.01598987694634739,0.8944470091370168,216.75750047520543,194.91292406124347,178.57594299316406,30.0,388.9070067346819,168.5082372422416,171.44476478423118,0.000721642985,humaqiao,42012937,8.0,0.0,0.5
168.1867012463756,0.012880659717101702,0.9317594294525761,216.75750047520543,194.91292406124347,178.57594299316406,30.0,388.9070067346819,168.5082372422416,171.44476478423118,0.000721642985,humaqiao,42012937,8.0,0.0,0.7
168.32839860904724,0.0034956087603242566,1.1547098418000319,216.75750047520543,194.91292406124347,178.57594299316406,30.0,388.9070067346819,168.5082372422416,171.7404786760154,0.000721642985,humaqiao,42012937,8.0,0.1,0.3
168.32813264228588,0.003355895623420538,1.162060098571359,216.75750047520543,194.91292406124347,178.57594299316406,30.0,388.9070067346819,168.5082372422416,171.7404786760154,0.000721642985,humaqiao,42012937,8.0,0.1,0.5
168.32694388655514,0.0030856136523525358,1.1772440462888296,216.75750047520543,194.91292406124347,178.57594299316406,30.0,388.9070067346819,168.5082372422416,171.7404786760154,0.000721642985,humaqiao,42012937,8.0,0.1,0.7
168.44808823535848,0.00024240307182089459,1.6234177457154906,216.75750047520543,194.91292406124347,178.57594299316406,30.0,388.9070067346819,168.5082372422416,172.33190645958385,0.000721642985,humaqiao,42012937,8.0,0.3,0.3
168.4483411493965,0.00024550607043317355,1.6211151147001088,216.75750047520543,194.91292406124347,178.57594299316406,30.0,388.9070067346819,168.5082372422416,172.33190645958385,0.000721642985,humaqiao,42012937,8.0,0.3,0.5
168.44870221978746,0.00025262312477973835,1.6159599515370908,216.75750047520543,194.91292406124347,178.57594299316406,30.0,388.9070067346819,168.5082372422416,172.33190645958385,0.000721642985,humaqiao,42012937,8.0,0.3,0.7
107.53135863062597,4.912341521770319e-05,2.0337430728502484,95.69396619543974,112.871597481263,52.78967448643276,68.08871808423827,151.88091632153385,107.78707849220051,108.8954112627919,0.000464584913,shuanghetun,42025887,0.5,-0.1,0.3
107.49409552037567,0.00012254270571837762,1.853577341879417,95.69396619543974,112.871597481263,52.78967448643276,68.08871808423827,151.88091632153385,107.78707849220051,108.8954112627919,0.000464584913,shuanghetun,42025887,0.5,-0.1,0.5
107.15741386359754,0.001130541546219486,1.4577671918996018,95.69396619543974,112.871597481263,52.78967448643276,68.08871808423827,151.88091632153385,107.68230940225726,108.8954112627919,0.000464584913,shuanghetun,42025887,1.0,-0.1,0.3
107.02215442354988,0.0035992140450876414,1.23913285379959,95.69396619543974,112.871597481263,52.78967448643276,68.08871808423827,151.88091632153385,107.68230940225726,108.8954112627919,0.000464584913,shuanghetun,42025887,1.0,-0.1,0.5
106.54002913299121,0.03563212418241643,0.8251508642137156,95.69396619543974,112.871597481263,52.78967448643276,68.08871808423827,151.88091632153385,107.68230940225726,108.8954112627919,0.000464584913,shuanghetun,42025887,1.0,-0.1,0.7
107.51932186585928,4.52453615819366e-06,2.5269928468808733,95.69396619543974,112.871597481263,52.78967448643276,68.08871808423827,151.88091632153385,107.68230940225726,109.06362683277327,0.000464584913,shuanghetun,42025887,1.0,0.0,0.5
107.44581621846473,5.144472741549841e-05,2.0426677294867157,95.69396619543974,112.871597481263,52.78967448643276,68.08871808423827,151.88091632153385,107.68230940225726,109.06362683277327,0.000464584913,shuanghetun,42025887,1.0,0.0,0.7
107.1948791234662,7.668934428820135e-05,2.006548313430132,95.69396619543974,112.871597481263,52.78967448643276,68.08871808423827,151.88091632153385,107.54612326897363,109.06362683277327,0.000464584913,shuanghetun,42025887,2.0,0.0,0.3
107.10886803236667,0.0003080136816165387,1.7338134103023666,95.69396619543974,112.871597481263,52.78967448643276,68.08871808423827,151.88091632153385,107.54612326897363,109.06362683277327,0.000464584913,shuanghetun,42025887,2.0,0.0,0.5
106.70995801903186,0.0072597121403515374,1.1352696132015692,95.69396619543974,112.871597481263,52.78967448643276,68.08871808423827,151.88091632153385,107.54612326897363,109.06362683277327,0.000464584913,shuanghetun,42025887,2.0,0.0,0.7
107.43298371883162,7.432170237938931e-07,2.9156406065377425,95.69396619543974,112.871597481263,52.78967448643276,68.08871808423827,151.88091632153385,107.54612326897363,109.23184240275464,0.000464584913,shuanghetun,42025887,2.0,0.1,0.5
107.37828855868639,1.2175874170655394e-05,2.3525449265030556,95.69396619543974,112.871597481263,52.78967448643276,68.08871808423827,151.88091632153385,107.54612326897363,109.23184240275464,0.000464584913,shuanghetun,42025887,2.0,0.1,0.7
106.79370941881021,0.0010576841576149178,1.5230905611262247,95.69396619543974,112.871597481263,52.78967448643276,68.08871808423827,151.88091632153385,107.4356359438161,109.06362683277327,0.000464584913,shuanghetun,42025887,4.0,0.0,0.3
106.5396997510828,0.005646566258191578,1.2067253064937251,95.69396619543974,112.871597481263,52.78967448643276,68.08871808423827,151.88091632153385,107.4356359438161,109.06362683277327,0.000464584913,shuanghetun,42025887,4.0,0.0,0.5
107.20490301544451,5.237129555567112e-06,2.556433975025083,95.69396619543974,112.871597481263,52.78967448643276,68.08871808423827,151.88091632153385,107.4356359438161,109.23184240275464,0.000464584913,shuanghetun,42025887,4.0,0.1,0.3
107.16903539749347,2.0396589458666434e-05,2.283105650865692,95.69396619543974,112.871597481263,52.78967448643276,68.08871808423827,151.88091632153385,107.4356359438161,109.23184240275464,0.000464584913,shuanghetun,42025887,4.0,0.1,0.5
106.91166173154637,0.0007806962144280796,1.5704270992597962,95.69396619543974,112.871597481263,52.78967448643276,68.08871808423827,151.88091632153385,107.4356359438161,109.23184240275464,0.000464584913,shuanghetun,42025887,4.0,0.1,0.7
106.71278133768558,0.0015622084941582298,1.4524822950557452,95.69396619543974,112.871597481263,52.78967448643276,68.08871808423827,151.88091632153385,107.4180010268507,109.06362683277327,0.000464584913,shuanghetun,42025887,8.0,0.0,0.3
106.41293631123357,0.008721094123043002,1.130193022476878,95.69396619543974,112.871597481263,52.78967448643276,68.08871808423827,151.88091632153385,107.4180010268507,109.06362683277327,0.000464584913,shuanghetun,42025887,8.0,0.0,0.5
107.16466651081655,8.001719316304871e-06,2.475938817338594,95.69396619543974,112.871597481263,52.78967448643276,68.08871808423827,151.88091632153385,107.4180010268507,109.23184240275464,0.000464584913,shuanghetun,42025887,8.0,0.1,0.3
107.11867582881712,3.3023158611275466e-05,2.191986022048305,95.69396619543974,112.871597481263,52.78967448643276,68.08871808423827,151.88091632153385,107.4180010268507,109.23184240275464,0.000464584913,shuanghetun,42025887,8.0,0.1,0.5
